timestamp_ms,frame_id,is_valid,lateral_deviation,yaw_angle,curvature_0,curvature_1,curvature_2,curvature_3,velocity,prev_steering,expert_steering,servo_command,lane_width_px
1775442884586,0,1,-0.0095803,-0.0509636,0.0110576,0.0110571,0.0110566,0.0110561,0.04,0,2.04074,100,351.328
1775442885185,1,1,-0.0095803,-0.0509636,0.0110576,0.0110571,0.0110566,0.0110561,0.04,2.04074,2.04074,100,351.328
1775442885707,2,1,-0.00947846,-0.0518527,0.0100315,0.0100311,0.0100307,0.0100303,0.04,2.04074,2.05758,100,351.176
1775442885936,3,1,-0.00947846,-0.0518527,0.0100315,0.0100311,0.0100307,0.0100303,0.04,2.05758,2.05758,100,351.135
1775442886167,4,1,-0.00943287,-0.051865,0.0105345,0.0105341,0.0105336,0.0105332,0.04,2.05758,2.05485,100,351.027
1775442886434,5,1,-0.00943287,-0.051865,0.0105345,0.0105341,0.0105336,0.0105332,0.04,2.05485,2.05485,100,351.114
1775442886676,6,1,-0.00943287,-0.051865,0.0105345,0.0105341,0.0105336,0.0105332,0.04,2.05485,2.05485,100,350.97
1775442886912,7,1,-0.00949519,-0.0515474,0.012655,0.0126543,0.0126537,0.012653,0.04,2.05485,2.0509,100,351.149
1775442887118,8,1,-0.00940579,-0.0522008,0.00944806,0.0094477,0.00944733,0.00944696,0.04,2.0509,2.06188,100,351.045
1775442887359,9,1,-0.00960327,-0.0510136,0.0163039,0.0163029,0.0163018,0.0163007,0.04,2.06188,2.04451,100,351.21
1775442887682,10,1,-0.00940579,-0.0522008,0.00944806,0.0094477,0.00944733,0.00944696,0.04,2.04451,2.06188,100,350.949
1775442887877,11,1,-0.0095287,-0.0515688,0.0142294,0.0142286,0.0142277,0.0142269,0.04,2.06188,2.05404,100,350.954
1775442888022,12,1,-0.00930447,-0.0526542,0.00801336,0.0080131,0.00801283,0.00801256,0.04,2.05404,2.06692,100,350.919
1775442888154,13,1,-0.00925907,-0.0526661,0.00851725,0.00851695,0.00851665,0.00851635,0.04,2.06692,2.06419,100,350.944
1775442888282,14,1,-0.00930447,-0.0526542,0.00801336,0.0080131,0.00801283,0.00801256,0.04,2.06419,2.06692,100,350.983
1775442888394,15,1,-0.00930447,-0.0526542,0.00801336,0.0080131,0.00801283,0.00801256,0.04,2.06692,2.06692,100,350.977
1775442888530,16,1,-0.00951386,-0.051667,0.0130964,0.0130957,0.013095,0.0130943,0.04,2.06692,2.0555,100,351.015
1775442888651,17,1,-0.00940579,-0.0522008,0.00944806,0.0094477,0.00944733,0.00944696,0.04,2.0555,2.06188,100,351.05
1775442888776,18,1,-0.00930447,-0.0526542,0.00801336,0.0080131,0.00801283,0.00801256,0.04,2.06188,2.06692,100,350.928
1775442888918,19,1,-0.00930447,-0.0526542,0.00801336,0.0080131,0.00801283,0.00801256,0.04,2.06692,2.06692,100,351.027
1775442889090,20,1,-0.00951386,-0.051667,0.0130964,0.0130957,0.013095,0.0130943,0.04,2.06692,2.0555,100,350.991
1775442889287,21,1,-0.00930447,-0.0526542,0.00801336,0.0080131,0.00801283,0.00801256,0.04,2.0555,2.06692,100,350.929
1775442889444,22,1,-0.00930447,-0.0526542,0.00801336,0.0080131,0.00801283,0.00801256,0.04,2.06692,2.06692,100,350.915
1775442889618,23,1,-0.00936024,-0.0522132,0.00995105,0.00995065,0.00995024,0.00994983,0.04,2.06692,2.05916,100,351.021
1775442889753,24,1,-0.00930447,-0.0526542,0.00801336,0.0080131,0.00801283,0.00801256,0.04,2.05916,2.06692,100,350.894
1775442889911,25,1,-0.00930447,-0.0526542,0.00801336,0.0080131,0.00801283,0.00801256,0.04,2.06692,2.06692,100,350.876
1775442890040,26,1,-0.0095287,-0.0515688,0.0142294,0.0142286,0.0142277,0.0142269,0.04,2.06692,2.05405,100,351.109
1775442890172,27,1,-0.0095287,-0.0515688,0.0142294,0.0142286,0.0142277,0.0142269,0.04,2.05405,2.05404,100,350.999
1775442890308,28,1,-0.0095287,-0.0515688,0.0142294,0.0142286,0.0142277,0.0142269,0.04,2.05404,2.05404,100,351.08
1775442890425,29,1,-0.00930447,-0.0526542,0.00801336,0.0080131,0.00801283,0.00801256,0.04,2.05404,2.06692,100,350.874
1775442890551,30,1,-0.0095287,-0.0515688,0.0142294,0.0142286,0.0142277,0.0142269,0.04,2.06692,2.05405,100,350.924
1775442890674,31,1,-0.00940882,-0.0521173,0.0123154,0.0123148,0.0123142,0.0123136,0.04,2.05405,2.06029,100,350.852
1775442890800,32,1,-0.00938148,-0.0525343,0.00989894,0.00989854,0.00989813,0.00989773,0.04,2.06029,2.06929,100,350.862
1775442890932,33,1,-0.00948312,-0.0515812,0.0147324,0.0147315,0.0147307,0.0147298,0.04,2.06929,2.05131,100,350.865
1775442891054,34,1,-0.00930447,-0.0526542,0.00801336,0.0080131,0.00801283,0.00801256,0.04,2.05131,2.06692,100,350.983
1775442891202,35,1,-0.00948312,-0.0515812,0.0147324,0.0147315,0.0147307,0.0147298,0.04,2.06692,2.05131,100,350.841
1775442891350,36,1,-0.0095287,-0.0515688,0.0142294,0.0142286,0.0142277,0.0142269,0.04,2.05131,2.05404,100,350.895
1775442891468,37,1,-0.0095287,-0.0515688,0.0142294,0.0142286,0.0142277,0.0142269,0.04,2.05404,2.05404,100,350.935
1775442891593,38,1,-0.00950135,-0.0519858,0.0118126,0.011812,0.0118114,0.0118108,0.04,2.05404,2.06304,100,351.357
1775442891710,39,1,-0.00940388,-0.052206,0.0115535,0.011553,0.0115524,0.0115519,0.04,2.06304,2.06223,100,350.912
1775442891843,40,1,-0.00919469,-0.0531927,0.00647207,0.0064719,0.00647172,0.00647154,0.04,2.06223,2.07365,100,350.934
1775442891969,41,1,-0.0210162,-0.0513539,0.0103668,0.0103664,0.010366,0.0103655,0.04,2.07365,2.84058,101,351.663
1775442892082,42,1,-0.00479208,-0.0524879,0.0110416,0.0110411,0.0110406,0.0110401,0.04,2.84058,1.75143,99,348.799
1775442892219,43,1,-0.000696814,-0.0502319,0.0291233,0.0291199,0.0291165,0.0291131,0.04,1.75143,1.41062,99,347.052
1775442892345,44,1,-0.000553809,-0.045928,0.0404008,0.0403949,0.0403888,0.0403826,0.04,1.41062,1.28622,99,346.682
1775442892486,45,1,0.000291471,-0.0475558,0.0370989,0.0370937,0.0370884,0.037083,0.04,1.28622,1.27132,99,346.618
1775442892622,46,1,-7.27191e-05,-0.0395202,0.065973,0.0659593,0.065945,0.0659301,0.04,1.27132,1.08386,98,346.376
1775442892748,47,1,0.00131932,-0.0393409,0.0634461,0.0634335,0.0634203,0.0634066,0.04,1.08386,0.982481,98,345.333
1775442892884,48,1,-0.00021615,-0.0377012,0.0768333,0.0768154,0.0767967,0.076777,0.04,0.982481,1.04627,98,346.102
1775442893031,49,1,-0.0147172,-0.0468358,0.00978505,0.0097847,0.00978434,0.00978399,0.04,1.04627,2.28354,100,351.569
1775442893162,50,1,-0.0184382,-0.0520873,0.00765306,0.00765282,0.00765258,0.00765234,0.04,2.28354,2.68202,100,351.572
1775442893281,51,1,-0.0163097,-0.0496062,0.0182782,0.0182769,0.0182756,0.0182743,0.04,2.68202,2.46976,100,350.679
1775442893434,52,1,-0.0148026,-0.0497283,0.0240944,0.0240921,0.0240898,0.0240875,0.04,2.46976,2.36992,100,350.655
1775442893558,53,1,-0.0140059,-0.0461292,0.034853,0.0348486,0.0348441,0.0348395,0.04,2.36992,2.21935,100,351.132
1775442893741,54,1,-0.0141827,-0.0452895,0.0392936,0.0392881,0.0392825,0.0392767,0.04,2.21935,2.20953,100,350.878
1775442893879,55,1,-0.015268,-0.0416442,0.0514013,0.0513926,0.0513836,0.0513743,0.04,2.20953,2.18783,100,350.952
1775442894010,56,1,-0.0194181,-0.0406455,0.054943,0.0549333,0.0549232,0.0549127,0.04,2.18783,2.4478,100,351.4
1775442894152,57,1,-0.0168185,-0.0377518,0.0552492,0.05524,0.0552305,0.0552207,0.04,2.4478,2.19029,100,352.177
1775442894316,58,1,-0.0172158,-0.0334619,0.0732928,0.0732783,0.0732631,0.0732471,0.04,2.19029,2.10458,100,352.499
1775442894438,59,1,-0.0166488,-0.0353832,0.0610578,0.0610473,0.0610363,0.0610249,0.04,2.10458,2.11541,100,353.071
1775442894568,60,1,-0.0170502,-0.0328136,0.0749979,0.0749831,0.0749674,0.0749509,0.04,2.11541,2.07588,100,352.906
1775442894678,61,1,-0.0175711,-0.0298151,0.0917903,0.0917699,0.091748,0.0917244,0.04,2.07588,2.03344,100,352.907
1775442894812,62,1,-0.0168674,-0.0306257,0.086731,0.0867124,0.0866924,0.0866711,0.04,2.03344,2.00597,99,352.543
1775442894939,63,1,-0.0168534,-0.0303836,0.0852811,0.0852632,0.085244,0.0852237,0.04,2.00597,1.99823,99,352.662
1775442895057,64,1,-0.0172106,-0.0278986,0.096859,0.0968376,0.0968144,0.0967894,0.04,1.99823,1.95755,99,352.895
1775442895189,65,1,-0.016601,-0.0300928,0.0882524,0.0882334,0.088213,0.0881913,0.04,1.95755,1.97341,99,353.139
1775442895353,66,1,-0.0165793,-0.0298505,0.0891127,0.0890934,0.0890728,0.0890507,0.04,1.97341,1.96551,99,353.536
1775442895479,67,1,-0.0158438,-0.032557,0.0748734,0.0748588,0.0748433,0.0748269,0.04,1.96551,1.98564,99,353.706
1775442895587,68,1,-0.0155543,-0.0334372,0.0728829,0.0728687,0.0728536,0.0728378,0.04,1.98564,1.98913,99,353.562
1775442895700,69,1,-0.0155394,-0.0328918,0.0734332,0.073419,0.0734039,0.0733881,0.04,1.98913,1.97345,99,353.441
1775442895822,70,1,-0.0154562,-0.0328464,0.0712429,0.0712295,0.0712154,0.0712006,0.04,1.97345,1.96613,99,353.463
1775442895940,71,1,-0.0146825,-0.0373191,0.0508756,0.0508679,0.05086,0.0508518,0.04,1.96613,2.03039,100,353.323
1775442896049,72,1,-0.0140499,-0.0385502,0.040344,0.0403391,0.040334,0.0403287,0.04,2.03039,2.01835,99,353.3
1775442896166,73,1,-0.013948,-0.0375242,0.0457935,0.0457872,0.0457808,0.0457742,0.04,2.01835,1.98445,99,352.964
1775442896290,74,1,-0.0129573,-0.0412433,0.0263307,0.0263285,0.0263262,0.0263239,0.04,1.98445,2.0135,99,352.946
1775442896414,75,1,-0.0123257,-0.0436586,0.0118646,0.0118641,0.0118636,0.0118631,0.04,2.0135,2.0329,100,352.813
1775442896536,76,1,-0.0116549,-0.0455241,0.00335984,0.0033598,0.00335976,0.00335972,0.04,2.0329,2.03568,100,352.883
1775442896645,77,1,-0.010931,-0.0467425,0.0110503,0.0110507,0.0110512,0.0110516,0.04,2.03568,2.01987,99,353.063
1775442896765,78,1,-0.0105239,-0.0477596,0.0193358,0.0193371,0.0193385,0.0193399,0.04,2.01987,2.02058,99,353.439
1775442896891,79,1,-0.00996816,-0.0495115,0.027499,0.0275019,0.0275048,0.0275076,0.04,2.02058,2.03087,100,353.621
1775442897013,80,1,-0.0101065,-0.048753,0.0297603,0.0297637,0.029767,0.0297702,0.04,2.03087,2.02028,99,353.496
1775442897134,81,1,-0.0097304,-0.0505815,0.0369039,0.0369092,0.0369145,0.0369196,0.04,2.02028,2.04487,100,352.894
1775442897257,82,1,-0.0101629,-0.0479947,0.0283666,0.0283696,0.0283725,0.0283754,0.04,2.04487,2.00346,99,353.052
1775442897408,83,1,-0.0096315,-0.0482532,0.0348987,0.0349032,0.0349077,0.034912,0.04,2.00346,1.9748,99,352.486
1775442897552,84,1,-0.00977307,-0.0465785,0.0333726,0.0333766,0.0333806,0.0333845,0.04,1.9748,1.93906,99,352.387
1775442897682,85,1,-0.0101949,-0.0445428,0.0284835,0.0284863,0.028489,0.0284917,0.04,1.93906,1.91237,99,352.42
1775442897789,86,1,-0.010419,-0.0423193,0.0246223,0.0246243,0.0246263,0.0246282,0.04,1.91237,1.86712,99,352.538
1775442897919,87,1,-0.0106024,-0.0413082,0.0212837,0.0212852,0.0212866,0.021288,0.04,1.86712,1.85191,99,352.441
1775442898041,88,1,-0.0107995,-0.038412,0.0110716,0.011072,0.0110723,0.0110727,0.04,1.85191,1.78561,99,352.371
1775442898167,89,1,-0.0113513,-0.0353347,0.0006452,0.000645201,0.000645202,0.000645203,0.04,1.78561,1.73886,99,352.325
1775442898286,90,1,-0.0119778,-0.0318556,0.0108531,0.0108528,0.0108525,0.0108522,0.04,1.73886,1.68967,99,352.423
1775442898416,91,1,-0.0124927,-0.0297704,0.0212861,0.021285,0.021284,0.0212829,0.04,1.68967,1.6705,99,352.122
1775442898569,92,1,-0.0129969,-0.0255706,0.0357023,0.0356997,0.035697,0.0356942,0.04,1.6705,1.59407,99,352.43
1775442898702,93,1,-0.013567,-0.0212359,0.0534992,0.0534943,0.0534891,0.0534836,0.04,1.59407,1.51907,99,352.953
1775442898843,94,1,-0.0141518,-0.0177145,0.068607,0.0686002,0.0685927,0.0685846,0.04,1.51907,1.46663,99,353.424
1775442898955,95,1,-0.0141291,-0.0164455,0.0718334,0.0718265,0.0718187,0.0718102,0.04,1.46663,1.43127,99,353.713
1775442899083,96,1,-0.015083,-0.0105113,0.0980175,0.0980086,0.0979979,0.0979853,0.04,1.43127,1.34086,99,354.189
1775442899231,97,1,-0.0151489,-0.00851767,0.102544,0.102536,0.102526,0.102514,0.04,1.34086,1.29223,99,354.915
1775442899352,98,1,-0.0146303,-0.0088156,0.10268,0.102672,0.102661,0.102648,0.04,1.29223,1.2645,98,355.208
1775442899518,99,1,-0.0147339,-0.00612956,0.115296,0.115289,0.115278,0.115263,0.04,1.2645,1.20105,98,355.751
1775442899650,100,1,-0.0146909,-0.00437626,0.126533,0.126526,0.126514,0.126498,0.04,1.20105,1.15246,98,356.119
1775442899770,101,1,-0.0137001,-0.00619312,0.119752,0.119743,0.119731,0.119715,0.04,1.15246,1.13211,98,356.517
1775442899901,102,1,-0.0135554,-0.00509507,0.124365,0.124357,0.124345,0.124329,0.04,1.13211,1.09317,98,356.431
1775442900036,103,1,-0.0130687,-0.00536269,0.122934,0.122926,0.122914,0.122898,0.04,1.09317,1.06658,98,356.573
1775442900146,104,1,-0.0129453,-0.00453746,0.124805,0.124798,0.124786,0.124771,0.04,1.06658,1.03605,98,356.849
1775442900279,105,1,-0.0120346,-0.00736367,0.117531,0.117521,0.117509,0.117492,0.04,1.03605,1.04842,98,356.698
1775442900400,106,1,-0.0118265,-0.00664895,0.123621,0.123611,0.123597,0.12358,0.04,1.04842,1.01571,98,356.646
1775442900522,107,1,-0.0121355,-0.0040542,0.130634,0.130627,0.130614,0.130598,0.04,1.01571,0.968015,98,356.898
1775442900664,108,1,-0.0103802,-0.0095406,0.111829,0.111818,0.111804,0.111788,0.04,0.968015,0.992165,98,356.267
1775442900785,109,1,-0.0103829,-0.00890947,0.11226,0.112249,0.112236,0.11222,0.04,0.992165,0.975363,98,356.639
1775442900918,110,1,-0.00898154,-0.0142612,0.0847501,0.0847415,0.0847316,0.0847205,0.04,0.975363,1.01893,98,357.223
1775442901035,111,1,-0.00677055,-0.0202461,0.0497767,0.0497727,0.0497684,0.0497638,0.04,1.01893,1.02256,98,356.847
1775442901151,112,1,-0.00608381,-0.022805,0.0320826,0.0320807,0.0320788,0.0320768,0.04,1.02256,1.04152,98,356.927
1775442901274,113,1,-0.00457909,-0.0279014,0.007128,0.00712789,0.00712778,0.00712767,0.04,1.04152,1.07146,98,357.09
1775442901412,114,1,-0.00371029,-0.031189,0.014803,0.0148035,0.014804,0.0148045,0.04,1.07146,1.10158,98,357.411
1775442901539,115,1,-0.00200895,-0.0364016,0.0448859,0.0448915,0.0448969,0.0449022,0.04,1.10158,1.12983,98,357.83
1775442901653,116,1,-0.000432939,-0.0408869,0.0724357,0.0724521,0.0724677,0.0724825,0.04,1.12983,1.14667,98,358.286
1775442901770,117,1,0.00141489,-0.0480446,0.11181,0.111856,0.111899,0.111939,0.04,1.14667,1.21886,98,358.381
1775442901885,118,1,0.00245285,-0.0513128,0.136032,0.136104,0.13617,0.136232,0.04,1.21886,1.23941,98,358.985
1775442901992,119,1,0.00389521,-0.057372,0.172502,0.17263,0.172748,0.172856,0.04,1.23941,1.30945,99,358.562
1775442902111,120,1,0.00603667,-0.0659828,0.228659,0.228917,0.229151,0.229361,0.04,1.30945,1.40336,99,358.236
1775442902232,121,1,0.00831049,-0.0768177,0.308503,0.309047,0.309532,0.309957,0.04,1.40336,1.55205,99,357.785
1775442902335,122,1,0.0102392,-0.0851991,0.375082,0.37597,0.376752,0.377427,0.04,1.55205,1.65613,99,357.758
1775442902448,123,1,0.0116819,-0.090948,0.418856,0.420036,0.421069,0.421953,0.04,1.65613,1.719,99,358.033
1775442902559,124,1,0.0113477,-0.089403,0.427253,0.428457,0.429504,0.430393,0.04,1.719,1.70166,99,358.015
1775442902677,125,1,0.0152977,-0.108452,0.548169,0.550573,0.552649,0.554389,0.04,1.70166,1.96347,99,360.218
1775442902794,126,1,0.0174307,-0.117586,0.613494,0.61676,0.619565,0.621899,0.04,1.96347,2.07373,100,361.25
1775442902909,127,1,0.0185401,-0.123109,0.673246,0.677356,0.680857,0.683734,0.04,2.07373,2.15619,100,361.827
1775442903023,128,1,0.0184985,-0.123198,0.697895,0.702303,0.706033,0.709065,0.04,2.15619,2.16547,100,361.909
1775442903125,129,1,0.018438,-0.122638,0.739559,0.744462,0.748555,0.751816,0.04,2.16547,2.16122,100,361.874
1775442903249,130,1,0.0178572,-0.119535,0.756875,0.761855,0.765965,0.769183,0.04,2.16122,2.12016,100,362.191
1775442903368,131,1,0.0172643,-0.118187,0.790831,0.796178,0.800532,0.803865,0.04,2.12016,2.13009,100,361.662
1775442903489,132,1,0.0168893,-0.114319,0.815473,0.820934,0.825303,0.82855,0.04,2.13009,2.05533,100,360.871
1775442903592,133,1,0.0164056,-0.110174,0.838649,0.844172,0.848504,0.851615,0.04,2.05533,1.9803,99,359.329
1775442903706,134,1,0.015847,-0.106721,0.854776,0.860298,0.864557,0.867522,0.04,1.9803,1.92802,99,357.622
1775442903814,135,1,0.0161558,-0.10602,0.900164,0.906205,0.910769,0.913818,0.04,1.92802,1.89501,99,355.763
1775442903930,136,1,0.0155603,-0.101707,0.902754,0.908545,0.912843,0.915614,0.04,1.89501,1.81985,99,354.67
1775442904067,137,1,0.0155074,-0.0981009,0.941838,0.947849,0.952162,0.954738,0.04,1.81985,1.73218,99,352.82
1775442904221,138,1,0.0157255,-0.0943933,0.96694,0.972974,0.977167,0.979481,0.04,1.73218,1.6208,99,351.183
1775442904346,139,1,0.0151527,-0.0852965,1.00013,1.00583,1.00948,1.01105,0.04,1.6208,1.41946,99,348.936
1775442904466,140,1,0.0142048,-0.0774317,1.0164,1.02161,1.02468,1.02558,0.04,1.41946,1.27461,99,347.559
1775442904570,141,1,0.014685,-0.0743626,1.05005,1.05531,1.0582,1.0587,0.04,1.27461,1.16371,98,345.954
1775442904689,142,1,0.0145762,-0.0715841,1.06569,1.07084,1.07351,1.07368,0.04,1.16371,1.09847,98,344.93
1775442904803,143,1,0.0129833,-0.0578391,1.07646,1.08044,1.08187,1.08074,0.04,1.09847,0.838127,98,342.794
1775442904919,144,1,0.0107594,-0.0455837,1.07572,1.07858,1.0789,1.07667,0.04,0.838127,0.659742,98,341.4
1775442905068,145,1,0.00985842,-0.034434,1.07781,1.07967,1.07897,1.07573,0.04,0.659742,0.420533,97,341.361
1775442905187,146,1,0.00838139,-0.0218424,1.08461,1.08532,1.08344,1.07899,0.04,0.420533,0.182671,97,341.273
1775442905311,147,1,0.00724489,-0.0102627,1.08708,1.08673,1.08377,1.07826,0.04,0.182671,-0.0518704,97,341.467
1775442905431,148,1,0.00566361,0.00295567,1.06761,1.06612,1.06217,1.05583,0.04,-0.0518704,-0.303529,97,341.895
1775442905551,149,1,0.00323225,0.022884,1.04975,1.04662,1.04118,1.03349,0.04,-0.303529,-0.677781,96,341.86
1775442905677,150,1,0.00124122,0.0401796,1.02445,1.02008,1.01359,1.00504,0.04,-0.677781,-1.01226,96,341.301
1775442905801,151,1,0.000544786,0.0498458,1.01967,1.01456,1.00737,0.998178,0.04,-1.01226,-1.22646,96,341.298
1775442905913,152,1,-0.00167432,0.0683624,0.990466,0.984253,0.976159,0.966264,0.04,-1.22646,-1.57881,95,342.017
1775442906035,153,1,-0.00276865,0.0849436,0.962681,0.95563,0.946875,0.936497,0.04,-1.57881,-1.95613,95,342.622
1775442906146,154,1,-0.00327897,0.101822,0.943057,0.93512,0.925608,0.914603,0.04,-1.95613,-2.38055,94,343.85
1775442906288,155,1,-0.004126,0.112952,0.925191,0.916809,0.906956,0.895715,0.04,-2.38055,-2.62584,94,344.191
1775442906416,156,1,-0.00503454,0.127685,0.901788,0.892883,0.882639,0.871137,0.04,-2.62584,-2.96519,93,345.216
1775442906539,157,1,-0.00389769,0.139319,0.894325,0.884822,0.874032,0.86204,0.04,-2.96519,-3.35955,92,345.875
1775442906640,158,1,-0.00383737,0.149528,0.888443,0.878415,0.867143,0.854714,0.04,-3.35955,-3.64081,92,347.167
1775442906753,159,1,-0.00349058,0.156478,0.884349,0.873972,0.862381,0.849665,0.04,-3.64081,-3.85341,91,348.725
1775442906855,160,1,-0.00280198,0.163168,0.888104,0.877203,0.865086,0.851846,0.04,-3.85341,-4.08139,91,350.053
1775442906966,161,1,-0.00169733,0.163149,0.909133,0.897695,0.884956,0.871017,0.04,-4.08139,-4.15408,91,350.909
1775442907081,162,1,-0.00279856,0.176708,0.882187,0.870564,0.857777,0.84392,0.04,-4.15408,-4.44882,90,352.214
1775442907196,163,1,-0.00205937,0.183502,0.883037,0.87095,0.857709,0.843415,0.04,-4.44882,-4.68355,90,353.238
1775442907311,164,1,-0.00162851,0.189339,0.880238,0.867849,0.854332,0.839786,0.04,-4.68355,-4.87164,89,353.652
1775442907467,165,1,-0.00185251,0.200139,0.853727,0.841426,0.828115,0.813886,0.04,-4.87164,-5.15222,88,354.539
1775442907577,166,1,-0.00116751,0.210202,0.840571,0.828047,0.81458,0.80026,0.04,-5.15222,-5.47366,87,355.572
1775442907690,167,1,-0.00124004,0.220437,0.819158,0.806685,0.793358,0.779261,0.04,-5.47366,-5.74865,87,356.099
1775442907790,168,1,-0.000485964,0.224759,0.816386,0.803749,0.790275,0.77605,0.04,-5.74865,-5.91805,86,356.572
1775442907891,169,1,-0.000279244,0.233655,0.786389,0.774197,0.761273,0.747691,0.04,-5.91805,-6.17731,85,356.938
1775442908002,170,1,0.000437047,0.235381,0.775756,0.763805,0.751154,0.737873,0.04,-6.17731,-6.27505,85,357.035
1775442908112,171,1,0.00104809,0.240939,0.762858,0.751021,0.738528,0.725445,0.04,-6.27505,-6.46942,84,357.329
1775442908244,172,1,0.0010513,0.247947,0.718226,0.70743,0.696094,0.684272,0.04,-6.46942,-6.6657,83,357.307
1775442908348,173,1,0.0027804,0.247242,0.736804,0.725469,0.713551,0.70111,0.04,-6.6657,-6.76329,83,358.096
1775442908461,174,1,0.0037854,0.248191,0.72774,0.716641,0.70498,0.692817,0.04,-6.76329,-6.85967,83,358.448
1775442908594,175,1,0.0047802,0.248977,0.735485,0.724107,0.712153,0.699681,0.04,-6.85967,-6.94846,82,358.391
1775442908712,176,1,0.00669227,0.247388,0.748487,0.736778,0.724458,0.711593,0.04,-6.94846,-7.03558,82,358.539
1775442908832,177,1,0.00807502,0.245096,0.784651,0.771892,0.758428,0.744337,0.04,-7.03558,-7.06381,82,359.036
1775442908946,178,1,0.00994052,0.242395,0.801687,0.788513,0.774584,0.759983,0.04,-7.06381,-7.11705,82,359.808
1775442909053,179,1,0.0118323,0.236116,0.86425,0.849318,0.83343,0.816697,0.04,-7.11705,-7.06878,82,360.482
1775442909171,180,1,0.0141083,0.229069,0.920066,0.903628,0.886023,0.867388,0.04,-7.06878,-7.02721,82,361.289
1775442909295,181,1,0.0143917,0.229239,0.928317,0.911565,0.893615,0.874611,0.04,-7.02721,-7.05019,82,362.126
1775442909412,182,1,0.0157032,0.225938,0.967156,0.949213,0.92991,0.909414,0.04,-7.05019,-7.04589,82,363.487
1775442909552,183,1,0.0162719,0.224722,0.995539,0.97661,0.956198,0.93449,0.04,-7.04589,-7.04819,82,364.703
1775442909669,184,1,0.0174966,0.223165,1.02081,1.00103,0.979648,0.956869,0.04,-7.04819,-7.08701,82,366.151
1775442909788,185,1,0.0179354,0.22332,1.02656,1.00654,0.984886,0.96182,0.04,-7.08701,-7.12069,82,366.606
1775442909906,186,1,0.017367,0.229391,0.987964,0.968932,0.948468,0.926756,0.04,-7.12069,-7.25118,81,367.407
1775442910023,187,1,0.017148,0.232814,0.965688,0.947242,0.927468,0.906536,0.04,-7.25118,-7.33188,81,368.431
1775442910168,188,1,0.0157255,0.242061,0.902528,0.885794,0.867996,0.849267,0.04,-7.33188,-7.49285,80,369.497
1775442910298,189,1,0.0151382,0.250343,0.847935,0.832664,0.816527,0.79963,0.04,-7.49285,-7.68417,79,370.503
1775442910416,190,1,0.0145979,0.255599,0.828486,0.813595,0.797906,0.78152,0.04,-7.68417,-7.79188,79,371.938
1775442910547,191,1,0.0141305,0.260785,0.780868,0.767375,0.753221,0.738487,0.04,-7.79188,-7.90675,78,372.966
1775442910649,192,1,0.0137187,0.263102,0.765863,0.752767,0.739051,0.724789,0.04,-7.90675,-7.94319,78,374.17
1775442910772,193,1,0.0124356,0.270851,0.726552,0.714407,0.701744,0.688624,0.04,-7.94319,-8.0699,77,375.179
1775442910871,194,1,0.0125853,0.26981,0.730579,0.718348,0.705589,0.692365,0.04,-8.0699,-8.05151,77,375.411
1775442910974,195,1,0.0124937,0.270022,0.728198,0.716038,0.703354,0.69021,0.04,-8.05151,-8.05127,77,375.503
1775442911083,196,1,0.0129048,0.267525,0.735909,0.723611,0.710768,0.697446,0.04,-8.05127,-8.01099,78,375.579
1775442911213,197,1,0.0126578,0.266132,0.754366,0.741508,0.728062,0.714101,0.04,-8.01099,-7.9536,78,375.895
1775442911316,198,1,0.013068,0.261214,0.800459,0.786247,0.771326,0.755785,0.04,-7.9536,-7.84227,78,375.978
1775442911431,199,1,0.0143442,0.253439,0.845358,0.829983,0.813758,0.796789,0.04,-7.84227,-7.71359,79,375.742
1775442911541,200,1,0.0143706,0.249049,0.89358,0.876686,0.858781,0.839995,0.04,-7.71359,-7.58975,80,375.661
1775442911663,201,1,0.0150909,0.243622,0.93397,0.915909,0.896678,0.876434,0.04,-7.58975,-7.48686,80,375.325
1775442911776,202,1,0.0150824,0.23984,0.980157,0.960552,0.939589,0.917454,0.04,-7.48686,-7.37743,80,375.01
1775442911886,203,1,0.0157662,0.23449,1.00098,0.980989,0.959531,0.936806,0.04,-7.37743,-7.27691,81,374.574
1775442912012,204,1,0.0149539,0.235648,0.990199,0.970544,0.949473,0.927176,0.04,-7.27691,-7.25366,81,374.549
1775442912139,205,1,0.0142947,0.235064,1.0052,0.984982,0.963286,0.940311,0.04,-7.25366,-7.19026,81,374.222
1775442912264,206,1,0.0143463,0.231811,1.01757,0.997134,0.975155,0.951837,0.04,-7.19026,-7.10405,82,374.253
1775442912383,207,1,0.0131435,0.234199,1.00827,0.988001,0.96624,0.943184,0.04,-7.10405,-7.08695,82,373.738
1775442912505,208,1,0.0140373,0.228948,1.03198,1.01122,0.988831,0.96504,0.04,-7.08695,-7.0032,82,373.076
1775442912627,209,1,0.0133761,0.22905,1.03423,1.01336,0.990867,0.966956,0.04,-7.0032,-6.96001,82,372.069
1775442912742,210,1,0.0126092,0.231195,1.01279,0.992613,0.970901,0.947865,0.04,-6.96001,-6.96811,82,371.96
1775442912860,211,1,0.0115045,0.234771,0.980877,0.96167,0.941083,0.919296,0.04,-6.96811,-6.99313,82,371.32
1775442912983,212,1,0.010706,0.236452,0.966433,0.947661,0.927572,0.906338,0.04,-6.99313,-6.98555,82,370.75
1775442913102,213,1,0.0103875,0.237334,0.947431,0.929333,0.909995,0.889575,0.04,-6.98555,-6.99014,82,370.736
1775442913229,214,1,0.0090718,0.242695,0.912788,0.895618,0.877351,0.858127,0.04,-6.99014,-7.04928,82,370.726
1775442913343,215,1,0.0083212,0.244695,0.901367,0.884487,0.866556,0.847707,0.04,-7.04928,-7.05321,82,370.917
1775442913456,216,1,0.00808008,0.246045,0.885163,0.8688,0.851443,0.833217,0.04,-7.05321,-7.07541,82,371.343
1775442913592,217,1,0.0077552,0.247288,0.868143,0.85233,0.83558,0.818011,0.04,-7.07541,-7.08903,82,371.727
1775442913708,218,1,0.00726399,0.248181,0.856571,0.841125,0.82478,0.807647,0.04,-7.08903,-7.08095,82,371.594
1775442913860,219,1,0.00750341,0.246464,0.857148,0.841793,0.825532,0.808477,0.04,-7.08095,-7.05095,82,371.638
1775442914001,220,1,0.00731611,0.24582,0.859739,0.844331,0.828009,0.810883,0.04,-7.05095,-7.02023,82,371.529
1775442914140,221,1,0.00876266,0.237432,0.913398,0.896591,0.878668,0.859766,0.04,-7.02023,-6.88548,83,370.882
1775442914315,222,1,0.00900192,0.235689,0.923462,0.906407,0.888194,0.868966,0.04,-6.88548,-6.85338,83,370.299
1775442914450,223,1,0.00992924,0.230555,0.945876,0.92837,0.909604,0.889734,0.04,-6.85338,-6.77529,83,370.012
1775442914573,224,1,0.0108519,0.225287,0.969286,0.951315,0.931973,0.911428,0.04,-6.77529,-6.6931,83,370.033
1775442914683,225,1,0.0112285,0.22279,1.00002,0.981082,0.960636,0.938868,0.04,-6.6931,-6.64715,83,370.59
1775442914807,226,1,0.0111766,0.223272,1.00075,0.981748,0.96123,0.939391,0.04,-6.64715,-6.6565,83,370.439
1775442914947,227,1,0.0106716,0.224973,0.978191,0.959908,0.940216,0.919289,0.04,-6.6565,-6.67086,83,370.466
1775442915078,228,1,0.0103073,0.227011,0.938167,0.921221,0.903033,0.883752,0.04,-6.67086,-6.70656,83,371.331
1775442915183,229,1,0.00975885,0.227598,0.911828,0.895795,0.87862,0.860434,0.04,-6.70656,-6.68836,83,372.198
1775442915308,230,1,0.0095299,0.228406,0.928604,0.911904,0.894002,0.875042,0.04,-6.68836,-6.69203,83,373.018
1775442915426,231,1,0.00951402,0.22881,0.933204,0.916304,0.898187,0.878999,0.04,-6.69203,-6.7012,83,374.15
1775442915526,232,1,0.00912239,0.229734,0.931093,0.914201,0.896103,0.876944,0.04,-6.7012,-6.69946,83,375.336
1775442915637,233,1,0.00957691,0.228113,0.924104,0.90759,0.889891,0.871145,0.04,-6.69946,-6.68799,83,375.863
1775442915754,234,1,0.00914237,0.231316,0.827271,0.813897,0.799669,0.784679,0.04,-6.68799,-6.75852,83,376.544
1775442915884,235,1,0.0107007,0.22044,1.08705,1.06483,1.04068,1.01487,0.04,-6.75852,-6.53493,84,378.467
1775442916005,236,1,0.0100364,0.223807,1.00745,0.988137,0.967285,0.94509,0.04,-6.53493,-6.5913,84,379.318
1775442916128,237,1,0.00916268,0.227481,0.887379,0.872218,0.856,0.838844,0.04,-6.5913,-6.64752,83,379.822
1775442916245,238,1,0.0085092,0.230015,0.812197,0.79939,0.785769,0.77142,0.04,-6.64752,-6.68179,83,380.047
1775442916346,239,1,0.00931682,0.227036,0.735996,0.725652,0.714693,0.703174,0.04,-6.68179,-6.66808,83,380.614
1775442916486,240,1,0.0086477,0.231866,0.423017,0.419569,0.416001,0.412319,0.04,-6.66808,-6.79914,83,380.647
1775442916603,241,1,0.0166232,0.182682,1.79759,1.74524,1.68402,1.6157,0.04,-6.79914,-5.82521,86,381.822
1775442916738,242,1,0.0172848,0.178081,1.81972,1.76726,1.70552,1.63632,0.04,-5.82521,-5.74324,87,381.558
1775442916875,243,1,0.0207243,0.153394,2.78622,2.67251,2.52674,2.3585,0.04,-5.74324,-5.19282,88,381.002
1775442916978,244,1,0.0164342,0.254437,0.838588,0.823399,0.807382,0.79064,0.04,-5.19282,-7.88578,78,350
1775442917102,245,1,0.0174554,0.25504,0.850778,0.835099,0.818558,0.801266,0.04,-7.88578,-7.97082,78,350
1775442917217,246,1,0.0505925,-0.0374988,4.64527,4.6068,4.3775,4.00215,0.04,-7.97082,-1.8399,95,375.346
1775442917363,247,1,0.0219939,0.246479,0.954238,0.935139,0.91481,0.893418,0.04,-1.8399,-8.03781,77,350
1775442917479,248,1,0.0247102,0.23599,1.04204,1.0202,0.996717,0.971835,0.04,-8.03781,-7.92911,78,350
1775442917596,249,1,0.0269986,0.228042,1.10914,1.08518,1.05922,1.03155,0.04,-7.92911,-7.86258,78,350
1775442917711,250,1,0.0289522,0.219745,1.1876,1.16106,1.13202,1.10087,0.04,-7.86258,-7.76196,79,350
1775442917814,251,1,0.0309424,0.212479,1.28185,1.25182,1.21864,1.18279,0.04,-7.76196,-7.68964,79,350
1775442917930,252,1,0.0317127,0.208995,1.33982,1.30746,1.27149,1.23249,0.04,-7.68964,-7.64055,79,350
1775442918052,253,1,0.0327304,0.203512,1.41994,1.38441,1.34455,1.30109,0.04,-7.64055,-7.55145,80,350
1775442918187,254,1,0.0338462,0.197017,1.52261,1.48282,1.43767,1.38811,0.04,-7.55145,-7.43874,80,350
1775442918287,255,1,0.0353167,0.189262,1.67534,1.62863,1.57476,1.51509,0.04,-7.43874,-7.3099,81,350
1775442918412,256,1,0.0359277,0.18543,1.76781,1.71656,1.6569,1.59049,0.04,-7.3099,-7.23612,81,350
1775442918566,257,1,0.038027,0.175525,1.93419,1.87535,1.80544,1.72675,0.04,-7.23612,-7.09105,82,350
1775442918676,258,1,0.0401948,0.166624,2.12844,2.05974,1.97625,1.88129,0.04,-7.09105,-6.97469,82,350
1775442918797,259,1,0.0406633,0.164993,2.23116,2.1559,2.06371,1.95861,0.04,-6.97469,-6.95002,82,350
1775442918914,260,1,0.0405999,0.1656,2.31605,2.23432,2.13385,2.01933,0.04,-6.95002,-6.95178,82,350
1775442919057,261,1,0.0399652,0.170281,2.40112,2.31071,2.19987,2.07408,0.04,-6.95178,-7.02489,82,350
1775442919228,262,1,0.0395006,0.176256,2.49231,2.39148,2.26839,2.12954,0.04,-7.02489,-7.14438,81,350
1775442919336,263,1,0.0376633,0.190242,2.49091,2.38319,2.25416,2.11053,0.04,-7.14438,-7.39782,80,350
1775442919437,264,1,0.0360036,0.204321,2.53586,2.41661,2.27605,2.1216,0.04,-7.39782,-7.66076,79,350
1775442919541,265,1,0.0327604,0.223833,2.44661,2.32633,2.18803,2.03842,0.04,-7.66076,-7.97736,78,350
1775442919656,266,1,0.0286445,0.248598,2.2997,2.18287,2.05227,1.91344,0.04,-7.97736,-8.38278,76,350
1775442919770,267,1,0.02574,0.268547,2.19944,2.08451,1.95849,1.8262,0.04,-8.38278,-8.73555,74,350
1775442919887,268,1,0.0181143,0.315435,1.85943,1.76322,1.66171,1.55762,0.04,-8.73555,-9.52117,72,350
1775442920011,269,1,0.0126583,0.35435,1.56402,1.48704,1.40772,1.32754,0.04,-9.52117,-10.2349,72,350
1775442920122,270,1,0.00620406,0.398063,1.22317,1.16941,1.11506,1.06073,0.04,-10.2349,-11.0156,72,350
1775442920224,271,1,-0.000357032,0.441422,0.854467,0.824653,0.794852,0.765226,0.04,-11.0156,-11.784,72,350
1775442920330,272,1,-0.00512926,0.474498,0.579661,0.564548,0.549503,0.534563,0.04,-11.784,-12.3865,72,350
1775442920447,273,1,-0.00974707,0.510782,0.269115,0.265493,0.261886,0.258297,0.04,-12.3865,-13.0935,72,350
1775442920560,274,1,-0.0111482,0.532503,0.0601304,0.0599376,0.0597451,0.0595528,0.04,-13.0935,-13.6159,72,350
1775442920711,275,1,-0.0115755,0.541256,0.0611395,0.0613442,0.0615491,0.0617543,0.04,-13.6159,-13.8227,72,350
1775442920818,276,1,-0.00586875,0.529781,0.117771,0.118506,0.119243,0.119981,0.04,-13.8227,-13.8973,72,350
1775442920926,277,1,-0.00259914,0.521441,0.11717,0.11788,0.118592,0.119304,0.04,-13.8973,-13.8976,72,350
1775442921031,278,1,0.00200663,0.509114,0.110184,0.11079,0.111397,0.112004,0.04,-13.8976,-13.8835,72,350
1775442921144,279,1,0.0068183,0.491581,0.0697211,0.0699514,0.0701819,0.0704125,0.04,-13.8835,-13.7483,72,350
1775442921265,280,1,0.0108222,0.479813,0.0674912,0.0676996,0.0679081,0.0681167,0.04,-13.7483,-13.7068,72,350
1775442921384,281,1,0.0140084,0.470393,0.0711471,0.0713724,0.0715976,0.0718229,0.04,-13.7068,-13.6716,72,350
1775442921502,282,1,0.0170681,0.460747,0.101973,0.102422,0.102872,0.103321,0.04,-13.6716,-13.617,72,350
1775442921612,283,1,0.0204101,0.447763,0.0714009,0.0716128,0.0718245,0.0720362,0.04,-13.617,-13.5017,72,350
1775442921720,284,1,0.0236335,0.435544,0.064401,0.064567,0.0647329,0.0648987,0.04,-13.5017,-13.395,72,350
1775442921830,285,1,0.0259029,0.424505,0.0450413,0.0451198,0.0451982,0.0452766,0.04,-13.395,-13.2564,72,350
1775442921929,286,1,0.027841,0.415477,0.0564768,0.0565967,0.0567165,0.0568362,0.04,-13.2564,-13.1443,72,350
1775442922041,287,1,0.0290285,0.411337,0.0799696,0.0802068,0.0804438,0.0806804,0.04,-13.1443,-13.1105,72,350
1775442922156,288,1,0.0308161,0.404172,0.086827,0.0871003,0.0873732,0.0876457,0.04,-13.1105,-13.0391,72,350
1775442922272,289,1,0.0337551,0.390111,0.0821228,0.0823565,0.0825897,0.0828225,0.04,-13.0391,-12.8627,72,350
1775442922384,290,1,0.036157,0.378027,0.0761018,0.0762946,0.0764871,0.0766791,0.04,-12.8627,-12.7028,72,350
1775442922535,291,1,0.0369423,0.372235,0.090118,0.0903832,0.0906476,0.0909114,0.04,-12.7028,-12.5982,72,350
1775442922643,292,1,0.0394019,0.357085,0.0907597,0.0910152,0.0912698,0.0915237,0.04,-12.5982,-12.3583,72,350
1775442922742,293,1,0.040898,0.34946,0.0840045,0.0842176,0.0844302,0.084642,0.04,-12.3583,-12.2565,72,350
1775442922848,294,1,0.0417768,0.34196,0.0900632,0.0903018,0.0905396,0.0907766,0.04,-12.2565,-12.1135,72,350
1775442922990,295,1,0.043327,0.328668,0.0937649,0.0940115,0.0942571,0.0945016,0.04,-12.1135,-11.8606,72,350
1775442923088,296,1,0.0452143,0.311748,0.0784758,0.0786381,0.0787998,0.0789608,0.04,-11.8606,-11.536,72,350
1775442923197,297,1,0.0457276,0.303545,0.0761345,0.0762826,0.0764301,0.076577,0.04,-11.536,-11.35,72,350
1775442923327,298,1,0.0468781,0.293756,0.076524,0.0766681,0.0768115,0.0769542,0.04,-11.35,-11.1647,72,350
1775442923437,299,1,0.0467107,0.285896,0.0987921,0.0990246,0.0992557,0.0994854,0.04,-11.1647,-10.9372,72,350
1775442923569,300,1,0.0475632,0.273268,0.0859044,0.0860715,0.0862376,0.0864027,0.04,-10.9372,-10.6567,72,350
1775442923686,301,1,0.0489956,0.258583,0.0663737,0.0664675,0.0665609,0.0666537,0.04,-10.6567,-10.3617,72,350
1775442923801,302,1,0.049909,0.242465,0.0411912,0.0412249,0.0412584,0.0412919,0.04,-10.3617,-9.99312,72,350
1775442923903,303,1,0.0505286,0.230874,0.0268698,0.0268834,0.0268969,0.0269104,0.04,-9.99312,-9.72481,72,350
1775442924010,304,1,0.0499336,0.221398,0.0305303,0.030547,0.0305637,0.0305804,0.04,-9.72481,-9.427,72,350
1775442924140,305,1,0.0498538,0.212093,0.0279847,0.0279981,0.0280115,0.0280249,0.04,-9.427,-9.17034,72,350
1775442924264,306,1,0.0494106,0.199157,0.00899944,0.00900073,0.00900203,0.00900333,0.04,-9.17034,-8.79311,73,350
1775442924379,307,1,0.0498472,0.185047,0.00463675,0.00463643,0.00463611,0.00463579,0.04,-8.79311,-8.4425,75,350
1775442924491,308,1,0.0492213,0.172174,0.0132447,0.0132423,0.0132398,0.0132374,0.04,-8.4425,-8.04994,77,350
1775442924592,309,1,0.0497839,0.157689,0.0516881,0.0516544,0.0516205,0.0515863,0.04,-8.04994,-7.69111,79,350
1775442924686,310,1,0.0521896,0.131222,0.139271,0.139067,0.138857,0.138643,0.04,-7.69111,-7.12792,82,350
1775442924796,311,1,0.0528187,0.115347,0.184197,0.183882,0.183556,0.183217,0.04,-7.12792,-6.73509,83,350
1775442924906,312,1,0.0542581,0.0968276,0.250452,0.249959,0.249436,0.248882,0.04,-6.73509,-6.32339,85,350
1775442925002,313,1,0.0548396,0.0763352,0.313648,0.313029,0.312348,0.311608,0.04,-6.32339,-5.79962,86,350
1775442925129,314,1,0.0558215,0.0614617,0.37868,0.377936,0.377084,0.376126,0.04,-5.79962,-5.45505,87,350
1775442925266,315,1,0.0583712,0.0403112,0.4623,0.461528,0.460558,0.459392,0.04,-5.45505,-5.04611,89,350
1775442925407,316,1,0.0600985,0.0224923,0.542526,0.541848,0.540848,0.539531,0.04,-5.04611,-4.67096,90,350
1775442925516,317,1,0.0611003,0.0068139,0.618287,0.617845,0.616925,0.615531,0.04,-4.67096,-4.30426,90,350
1775442925648,318,1,0.0629453,-0.00684489,0.681135,0.681063,0.68035,0.679,0.04,-4.30426,-4.05235,91,350
1775442925757,319,1,0.0635237,-0.0163834,0.733622,0.733909,0.733395,0.732083,0.04,-4.05235,-3.82605,91,350
1775442925868,320,1,0.0645756,-0.0283303,0.803603,0.804505,0.804352,0.803144,0.04,-3.82605,-3.56453,92,350
1775442925974,321,1,0.0646531,-0.0339663,0.850155,0.851448,0.851492,0.850284,0.04,-3.56453,-3.41009,92,350
1775442926085,322,1,0.0642228,-0.0376121,0.887659,0.889265,0.889446,0.888201,0.04,-3.41009,-3.27586,93,350
1775442926201,323,1,0.0638316,-0.0396187,0.914777,0.916591,0.916845,0.915538,0.04,-3.27586,-3.19031,93,350
1775442926318,324,1,0.0637228,-0.0432544,0.951851,0.954039,0.954469,0.953137,0.04,-3.19031,-3.07862,93,350
1775442926428,325,1,0.0619377,-0.0399453,0.967585,0.969588,0.969745,0.968054,0.04,-3.07862,-3.04246,93,350
1775442926545,326,1,0.0608921,-0.0362756,0.975782,0.977537,0.9774,0.975372,0.04,-3.04246,-3.06829,93,350
1775442926663,327,1,0.0586141,-0.0292789,0.980131,0.981371,0.980696,0.978113,0.04,-3.06829,-3.09971,93,350
1775442926787,328,1,-0.541633,1.26114,0.393275,0.547178,0.788347,1.18304,0.04,-3.09971,3.569,102,375.346
1775442926902,329,1,0.276175,-0.729742,1.41295,1.61117,1.83155,2.07161,0.04,3.569,0.974156,98,375.346
1775442927022,330,1,0.237185,-0.640941,1.57979,1.76822,1.96904,2.17748,0.04,0.974156,1.28044,99,375.346
1775442927156,331,1,0.292126,-0.775914,1.37509,1.59289,1.84139,2.11948,0.04,1.28044,1.12844,98,375.346
1775442927279,332,1,0.299644,-0.798569,1.36189,1.59218,1.85869,2.16131,0.04,1.12844,1.22828,98,375.346
1775442927410,333,1,0.288183,-0.778983,1.44561,1.68967,1.97036,2.28612,0.04,1.22828,1.50724,99,375.346
1775442927534,334,1,0.268624,-0.737927,1.57815,1.83377,2.12237,2.43947,0.04,1.50724,1.76846,99,375.346
1775442927668,335,1,0.25691,-0.714177,1.67525,1.94298,2.24208,2.56597,0.04,1.76846,1.95236,99,375.346
1775442927796,336,1,0.242405,-0.679177,1.79666,2.07304,2.37625,2.69693,0.04,1.95236,2.02539,99,375.346
1775442927919,337,1,0.218372,-0.618138,1.98751,2.26754,2.56393,2.86339,0.04,2.02539,2.05747,100,375.346
1775442928049,338,1,0.210645,-0.597454,2.07013,2.35511,2.65275,2.94803,0.04,2.05747,2.04347,100,375.346
1775442928190,339,1,0.197617,-0.559174,2.19457,2.47863,2.76748,3.0441,0.04,2.04347,1.92181,99,375.346
1775442928312,340,1,0.179897,-0.506277,2.35084,2.62593,2.8943,3.13741,0.04,1.92181,1.72933,99,375.346
1775442928445,341,1,0.158678,-0.429976,2.4504,2.68161,2.893,3.06897,0.04,1.72933,1.12542,98,489.041
1775442928568,342,1,0.13228,-0.335149,2.49604,2.66437,2.80367,2.90377,0.04,1.12542,0.365827,97,459.184
1775442928719,343,1,0.112527,-0.257617,2.48416,2.602,2.68839,2.73733,0.04,0.365827,-0.386524,97,437.322
1775442928872,344,1,0.0891956,-0.158263,2.33756,2.39393,2.42339,2.42422,0.04,-0.386524,-1.5034,95,412.817
1775442929000,345,1,0.0634287,-0.0439309,2.03725,2.0429,2.03132,2.00301,0.04,-1.5034,-2.87556,93,386.903
1775442929121,346,1,0.0470966,0.0345511,1.75387,1.74018,1.71603,1.68216,0.04,-2.87556,-3.91796,91,370.839
1775442929255,347,1,0.032883,0.1113,1.38701,1.36759,1.34334,1.31471,0.04,-3.91796,-5.0687,89,356.123
1775442929377,348,1,0.0314355,0.131511,1.35244,1.33109,1.30539,1.27577,0.04,-5.0687,-5.52098,87,352.292
1775442929505,349,1,0.0323353,0.139914,1.38202,1.35839,1.33019,1.29792,0.04,-5.52098,-5.80657,86,350.567
1775442929621,350,1,0.0323533,0.150456,1.40016,1.37421,1.34359,1.30887,0.04,-5.80657,-6.09083,85,349.446
1775442929735,351,1,0.0315899,0.162801,1.38673,1.35937,1.32758,1.29191,0.04,-6.09083,-6.37439,84,347.888
1775442929860,352,1,0.0307225,0.172892,1.3667,1.33861,1.30636,1.27049,0.04,-6.37439,-6.59061,84,346.088
1775442929978,353,1,0.0306254,0.181595,1.34763,1.31904,1.28653,1.25064,0.04,-6.59061,-6.82224,83,344.127
1775442930113,354,1,0.0295193,0.193045,1.30344,1.27514,1.24337,1.20862,0.04,-6.82224,-7.06209,82,342.262
1775442930220,355,1,0.0294932,0.198538,1.27855,1.2506,1.21941,1.18544,0.04,-7.06209,-7.21246,81,340.963
1775442930348,356,1,0.0290951,0.207546,1.2534,1.22538,1.19437,1.16079,0.04,-7.21246,-7.43237,80,339.482
1775442930471,357,1,0.0278099,0.220131,1.16977,1.14399,1.11583,1.08564,0.04,-7.43237,-7.69594,79,338.029
1775442930585,358,1,0.0267244,0.22666,1.14003,1.11484,1.08748,1.05827,0.04,-7.69594,-7.8019,79,337.216
1775442930724,359,1,0.0248069,0.240094,1.01649,0.995354,0.972712,0.948779,0.04,-7.8019,-8.05037,77,335.715
1775442930883,360,1,0.023358,0.248176,0.928688,0.910485,0.891149,0.870833,0.04,-8.05037,-8.18146,77,334.805
1775442931024,361,1,0.0219969,0.254875,0.850028,0.834388,0.817887,0.800636,0.04,-8.18146,-8.27997,76,334.764
1775442931129,362,1,0.0204968,0.262001,0.770422,0.757227,0.743399,0.729013,0.04,-8.27997,-8.38061,76,334.731
1775442931241,363,1,0.0198294,0.26216,0.73977,0.727608,0.714884,0.701661,0.04,-8.38061,-8.34331,76,334.337
1775442931360,364,1,0.0184612,0.266233,0.683711,0.673168,0.662183,0.650804,0.04,-8.34331,-8.36714,76,334.019
1775442931468,365,1,0.0179973,0.26744,0.643001,0.633643,0.623916,0.613858,0.04,-8.36714,-8.37373,76,334.408
1775442931586,366,1,0.0184816,0.264444,0.638517,0.629401,0.619921,0.610112,0.04,-8.37373,-8.32679,76,334.948
1775442931711,367,1,0.0177724,0.263302,0.61878,0.610264,0.601415,0.592263,0.04,-8.32679,-8.24986,76,335.05
1775442931839,368,1,0.0166494,0.265102,0.579709,0.572189,0.564395,0.55635,0.04,-8.24986,-8.22677,76,336.276
1775442931954,369,1,0.0166675,0.261722,0.57324,0.56599,0.558472,0.550707,0.04,-8.22677,-8.13756,77,337.592
1775442932079,370,1,0.0156944,0.260255,0.571193,0.564038,0.556617,0.548951,0.04,-8.13756,-8.03105,77,338.765
1775442932193,371,1,0.0158567,0.254714,0.585308,0.577964,0.570328,0.562425,0.04,-8.03105,-7.8903,78,339.714
1775442932311,372,1,0.0150688,0.252909,0.586593,0.579273,0.571657,0.56377,0.04,-7.8903,-7.7869,79,340.868
1775442932428,373,1,0.0147011,0.249385,0.604662,0.596995,0.589001,0.580709,0.04,-7.7869,-7.66355,79,342.111
1775442932541,374,1,0.0148666,0.241559,0.665458,0.65646,0.647021,0.63718,0.04,-7.66355,-7.45437,80,343.766
1775442932664,375,1,0.0143284,0.240428,0.66591,0.656944,0.647535,0.637721,0.04,-7.45437,-7.38653,80,344.822
1775442932775,376,1,0.0144819,0.230895,0.72834,0.718034,0.707138,0.695705,0.04,-7.38653,-7.13015,82,346.798
1775442932896,377,1,0.0144265,0.226477,0.750269,0.739541,0.728162,0.716191,0.04,-7.13015,-7.00359,82,347.986
1775442933023,378,1,0.0152656,0.215775,0.825537,0.813139,0.799859,0.78578,0.04,-7.00359,-6.76108,83,349.133
1775442933161,379,1,0.0156788,0.206823,0.893748,0.879785,0.864687,0.848566,0.04,-6.76108,-6.5375,84,350.463
1775442933264,380,1,0.0161193,0.19547,0.976632,0.960812,0.943486,0.924807,0.04,-6.5375,-6.2488,85,351.634
1775442933377,381,1,0.0165096,0.18924,1.01931,1.00259,0.984133,0.96413,0.04,-6.2488,-6.101,85,352.215
1775442933490,382,1,0.0160403,0.187978,1.03097,1.01396,0.995164,0.97476,0.04,-6.101,-6.03277,86,352.663
1775442933624,383,1,0.017298,0.179826,1.09622,1.07774,1.05709,1.03449,0.04,-6.03277,-5.88965,86,353.621
1775442933728,384,1,0.0180448,0.176744,1.13706,1.11746,1.09543,1.07123,0.04,-5.88965,-5.85195,86,354.897
1775442933848,385,1,0.0183824,0.175937,1.15435,1.13422,1.11155,1.08661,0.04,-5.85195,-5.85096,86,355.619
1775442933949,386,1,0.0193359,0.173978,1.19083,1.1696,1.14556,1.11905,0.04,-5.85096,-5.8586,86,356.686
1775442934070,387,1,0.019411,0.173179,1.23115,1.2085,1.18277,1.15431,0.04,-5.8586,-5.83648,86,357.362
1775442934195,388,1,0.0193411,0.176369,1.21453,1.19212,1.16676,1.13881,0.04,-5.83648,-5.92034,86,357.788
1775442934323,389,1,0.0198636,0.175598,1.25681,1.23286,1.20564,1.17557,0.04,-5.92034,-5.92964,86,358.207
1775442934445,390,1,0.0191005,0.181806,1.23274,1.20894,1.18211,1.15261,0.04,-5.92964,-6.04838,86,358.463
1775442934556,391,1,0.0181216,0.188203,1.21837,1.19435,1.16744,1.13799,0.04,-6.04838,-6.15602,85,358.95
1775442934666,392,1,0.018009,0.191268,1.22549,1.2008,1.17318,1.14302,0.04,-6.15602,-6.23025,85,359.541
1775442934765,393,1,0.0169822,0.198203,1.20946,1.18458,1.15693,1.12687,0.04,-6.23025,-6.34935,85,360.236
1775442934865,394,1,0.0167273,0.201846,1.21978,1.194,1.16541,1.13439,0.04,-6.34935,-6.42897,84,360.691
1775442934976,395,1,0.016656,0.205478,1.2113,1.18544,1.15685,1.1259,0.04,-6.42897,-6.52357,84,361.001
1775442935091,396,1,0.015378,0.213902,1.17808,1.15267,1.12478,1.09477,0.04,-6.52357,-6.66801,83,361.955
1775442935210,397,1,0.0155025,0.217635,1.19044,1.16402,1.13508,1.10399,0.04,-6.66801,-6.77599,83,363.053
1775442935345,398,1,0.0144806,0.226606,1.15072,1.12506,1.09716,1.06736,0.04,-6.77599,-6.95377,82,364.634
1775442935460,399,1,0.0157422,0.224176,1.21025,1.1821,1.15136,1.11842,0.04,-6.95377,-6.96692,82,366.836
1775442935574,400,1,0.0147539,0.234378,1.14997,1.12345,1.09475,1.06421,0.04,-6.96692,-7.18316,81,368.313
1775442935687,401,1,0.0148774,0.236849,1.16551,1.13796,1.10816,1.07648,0.04,-7.18316,-7.25646,81,369.701
1775442935815,402,1,0.0144214,0.244574,1.11392,1.08796,1.06007,1.03057,0.04,-7.25646,-7.4412,80,370.955
1775442935943,403,1,0.0155069,0.246199,1.11657,1.09031,1.06211,1.0323,0.04,-7.4412,-7.55978,80,371.444
1775442936069,404,1,0.0150072,0.248283,1.14252,1.11475,1.08494,1.05344,0.04,-7.55978,-7.57814,80,373.534
1775442936170,405,1,0.0145327,0.250914,1.11887,1.09197,1.06316,1.03277,0.04,-7.57814,-7.61985,79,374.073
1775442936269,406,1,0.0135223,0.256832,1.06358,1.03872,1.01224,0.984412,0.04,-7.61985,-7.71792,79,374.745
1775442936385,407,1,0.013419,0.257989,1.05563,1.03103,1.00486,0.977363,0.04,-7.71792,-7.74322,79,375.477
1775442936501,408,1,0.0134046,0.258326,1.08362,1.05764,1.02997,1.00089,0.04,-7.74322,-7.7475,79,376.697
1775442936609,409,1,0.0127033,0.262774,1.06353,1.03807,1.01103,0.982676,0.04,-7.7475,-7.82223,78,377.516
1775442936723,410,1,0.0137395,0.258547,1.11853,1.0908,1.06121,1.03009,0.04,-7.82223,-7.77181,79,378.102
1775442936830,411,1,0.014461,0.257464,1.13197,1.10368,1.07346,1.04166,0.04,-7.77181,-7.79044,79,378.485
1775442936946,412,1,0.0148092,0.255279,1.18177,1.15116,1.11835,1.08376,0.04,-7.79044,-7.74855,79,379.352
1775442937077,413,1,0.0153373,0.251876,1.20841,1.17682,1.14286,1.10698,0.04,-7.74855,-7.68925,79,380.453
1775442937203,414,1,0.0147059,0.254609,1.22948,1.19638,1.16083,1.1233,0.04,-7.68925,-7.7168,79,381.516
1775442937314,415,1,0.01406,0.258592,1.20572,1.1734,1.13878,1.10233,0.04,-7.7168,-7.78325,79,382.567
1775442937461,416,1,0.0132357,0.263403,1.19641,1.16398,1.12935,1.09295,0.04,-7.78325,-7.85788,78,383.265
1775442937573,417,1,0.0151824,0.252339,1.33133,1.29275,1.25108,1.20696,0.04,-7.85788,-7.67461,79,384.895
1775442937691,418,1,0.0145979,0.253624,1.3514,1.31142,1.26822,1.22251,0.04,-7.67461,-7.66636,79,385.88
1775442937813,419,1,0.0132312,0.259815,1.32508,1.2857,1.24336,1.1987,0.04,-7.66636,-7.74318,79,386.396
1775442937928,420,1,0.0129538,0.262373,1.32296,1.28332,1.24075,1.1959,0.04,-7.74318,-7.79361,79,386.404
1775442938052,421,1,0.0121028,0.266442,1.30166,1.26269,1.22097,1.17711,0.04,-7.79361,-7.84789,78,386.626
1775442938185,422,1,0.0114513,0.268538,1.27538,1.23769,1.19742,1.15515,0.04,-7.84789,-7.86317,78,386.569
1775442938309,423,1,0.0102741,0.276658,1.18792,1.15426,1.11856,1.08127,0.04,-7.86317,-8.01347,77,387.088
1775442938424,424,1,0.00946197,0.282715,1.12667,1.09574,1.06309,1.0291,0.04,-8.01347,-8.12966,77,387.393
1775442938546,425,1,0.00840877,0.287748,1.08848,1.05909,1.02817,0.996061,0.04,-8.12966,-8.1984,77,387.329
1775442938661,426,1,0.00903704,0.283991,1.14258,1.1106,1.07685,1.04171,0.04,-8.1984,-8.13276,77,388.019
1775442938784,427,1,0.00771021,0.289958,1.08455,1.05513,1.02422,0.99214,0.04,-8.13276,-8.21055,76,387.844
1775442938898,428,1,0.00716858,0.293892,1.05213,1.02406,0.99465,0.964179,0.04,-8.21055,-8.28406,76,388.258
1775442939012,429,1,0.0076846,0.29166,1.0776,1.04837,1.0177,0.985888,0.04,-8.28406,-8.25582,76,388.316
1775442939165,430,1,0.00731919,0.292471,1.06623,1.03754,1.00745,0.976256,0.04,-8.25582,-8.25409,76,388.656
1775442939329,431,1,0.00704896,0.292434,1.04839,1.02067,0.99161,0.961494,0.04,-8.25409,-8.23687,76,389.302
1775442939474,432,1,0.006246,0.29441,1.0295,1.00259,0.974412,0.945241,0.04,-8.23687,-8.23749,76,390.369
1775442939614,433,1,0.0059513,0.294254,1.0446,1.0169,0.987883,0.957831,0.04,-8.23749,-8.21088,76,391.14
1775442939745,434,1,0.00534377,0.29669,1.03609,1.0086,0.979836,0.950078,0.04,-8.21088,-8.23603,76,391.966
1775442939889,435,1,0.00444357,0.298579,1.02732,1.0001,0.971667,0.942266,0.04,-8.23603,-8.22623,76,393.338
1775442940028,436,1,0.00297432,0.304983,0.968242,0.943534,0.917822,0.891315,0.04,-8.22623,-8.3062,76,394.65
1775442940158,437,1,0.00171778,0.308872,0.966491,0.941526,0.915583,0.888874,0.04,-8.3062,-8.32497,76,395.558
1775442940289,438,1,0.00136504,0.311017,0.962264,0.937329,0.911439,0.884804,0.04,-8.32497,-8.35924,76,396.398
1775442940413,439,1,0.000792198,0.312241,0.965143,0.939947,0.913796,0.8869,0.04,-8.35924,-8.35245,76,397.114
1775442940520,440,1,5.59725e-05,0.316491,0.946925,0.922313,0.896817,0.870636,0.04,-8.35245,-8.41911,75,397.688
1775442940638,441,1,-0.000581957,0.319667,0.937604,0.913207,0.887967,0.862077,0.04,-8.41911,-8.46232,75,398.672
1775442940753,442,1,-0.00120079,0.322263,0.933863,0.909442,0.8842,0.858329,0.04,-8.46232,-8.49038,75,399.328
1775442940870,443,1,-0.000372414,0.316907,0.999428,0.971942,0.943432,0.914144,0.04,-8.49038,-8.39368,76,399.685
1775442940984,444,1,0.000287879,0.31258,1.06464,1.03388,1.00187,0.968923,0.04,-8.39368,-8.3133,76,399.902
1775442941099,445,1,0.000855871,0.307339,1.15609,1.12042,1.08313,1.04465,0.04,-8.3133,-8.19837,77,399.808
1775442941203,446,1,0.00234806,0.298395,1.28926,1.24617,1.20079,1.15376,0.04,-8.19837,-8.04163,77,399.784
1775442941316,447,1,0.00403903,0.287594,1.44445,1.39226,1.33676,1.27893,0.04,-8.04163,-7.84568,78,399.789
1775442941435,448,1,0.00467791,0.280007,1.55501,1.49604,1.43286,1.36677,0.04,-7.84568,-7.67011,79,399.733
1775442941553,449,1,0.0024563,0.290192,1.37275,1.32524,1.27489,1.2225,0.04,-7.67011,-7.81597,78,398.756
1775442941658,450,1,-0.000802156,0.305774,1.11782,1.08469,1.05006,1.01432,0.04,-7.81597,-8.04659,77,397.543
1775442941770,451,1,-0.00200624,0.311728,1.02218,0.99394,0.964571,0.934345,0.04,-8.04659,-8.13758,77,397.025
1775442941882,452,1,-0.00167745,0.309707,1.05436,1.0245,0.993409,0.961375,0.04,-8.13758,-8.10123,77,396.576
1775442942027,453,1,-0.00230218,0.312576,1.01926,0.991096,0.961821,0.9317,0.04,-8.10123,-8.1405,77,396.596
1775442942150,454,1,-0.00462452,0.321256,0.96309,0.937193,0.910397,0.882916,0.04,-8.1405,-8.22278,76,396.308
1775442942268,455,1,-0.00489923,0.322648,0.954517,0.928959,0.902532,0.875444,0.04,-8.22278,-8.24267,76,396.041
1775442942383,456,1,-0.00564155,0.328479,0.896551,0.873567,0.849881,0.825656,0.04,-8.24267,-8.35715,76,395.989
1775442942516,457,1,-0.00836449,0.340876,0.800754,0.781658,0.762092,0.742164,0.04,-8.35715,-8.5179,75,396.966
1775442942644,458,1,-0.010614,0.352124,0.706346,0.690937,0.675226,0.659279,0.04,-8.5179,-8.68016,74,397.84
1775442942794,459,1,-0.0130904,0.365555,0.568951,0.55852,0.547942,0.537247,0.04,-8.68016,-8.8921,73,399.138
1775442942928,460,1,-0.0160947,0.383667,0.430705,0.424375,0.41799,0.41156,0.04,-8.8921,-9.19463,72,401.067
1775442943046,461,1,-0.0164045,0.38577,0.399373,0.393896,0.388375,0.382818,0.04,-9.19463,-9.23478,72,401.618
1775442943176,462,1,-0.016766,0.387849,0.355998,0.351618,0.347208,0.342773,0.04,-9.23478,-9.27247,72,401.284
1775442943278,463,1,-0.0169695,0.389762,0.322842,0.31922,0.315574,0.31191,0.04,-9.27247,-9.31512,72,401.261
1775442943406,464,1,-0.0173628,0.390084,0.30108,0.297926,0.294755,0.291567,0.04,-9.31512,-9.29995,72,401.288
1775442943523,465,1,-0.0171956,0.385532,0.29667,0.293653,0.290617,0.287565,0.04,-9.29995,-9.18911,72,400.658
1775442943648,466,1,-0.0171239,0.379971,0.300106,0.297073,0.294021,0.29095,0.04,-9.18911,-9.0432,72,399.595
1775442943773,467,1,-0.0194115,0.386777,0.180633,0.179511,0.178385,0.177256,0.04,-9.0432,-9.08744,72,396.042
1775442943886,468,1,-0.0174585,0.374155,0.194542,0.193294,0.192039,0.190779,0.04,-9.08744,-8.87893,73,393.781
1775442944003,469,1,-0.0175495,0.370545,0.176208,0.175196,0.17418,0.173159,0.04,-8.87893,-8.77786,73,391.901
1775442944113,470,1,-0.0179398,0.369109,0.104252,0.1039,0.103546,0.103192,0.04,-8.77786,-8.72325,74,389.126
1775442944271,471,1,-0.0180575,0.365107,0.0712379,0.0710757,0.0709132,0.0707504,0.04,-8.72325,-8.61212,74,387.75
1775442944405,472,1,-0.0177157,0.357435,0.0292011,0.0291746,0.029148,0.0291215,0.04,-8.61212,-8.43494,75,385.409
1775442944528,473,1,-0.017347,0.351721,0.00222026,0.00222011,0.00221996,0.00221981,0.04,-8.43494,-8.31021,76,382.911
1775442944650,474,1,-0.0163012,0.341136,0.000574516,0.000574525,0.000574535,0.000574545,0.04,-8.31021,-8.09652,77,380.726
1775442944775,475,1,-0.0156282,0.332299,0.0122372,0.0122415,0.0122457,0.01225,0.04,-8.09652,-7.90224,78,378.517
1775442944905,476,1,-0.0160286,0.325028,0.0331261,0.0331565,0.0331869,0.0332172,0.04,-7.90224,-7.67474,79,376.19
1775442945034,477,1,-0.0169735,0.320032,0.058857,0.0589512,0.0590452,0.0591389,0.04,-7.67474,-7.47034,80,374.485
1775442945144,478,1,-0.016305,0.307344,0.0563596,0.056442,0.0565241,0.056606,0.04,-7.47034,-7.17392,81,373.118
1775442945278,479,1,-0.0158,0.300773,0.0597359,0.0598261,0.0599161,0.0600057,0.04,-7.17392,-7.03058,82,372.091
1775442945436,480,1,-0.014661,0.291228,0.0512997,0.0513639,0.0514278,0.0514915,0.04,-7.03058,-6.85252,83,371.023
1775442945561,481,1,-0.0141323,0.282351,0.0432964,0.0433405,0.0433845,0.0434283,0.04,-6.85252,-6.65033,83,370.577
1775442945695,482,1,-0.0119114,0.268257,0.00903619,0.009038,0.00903981,0.00904163,0.04,-6.65033,-6.42809,84,369.857
1775442945843,483,1,-0.0102404,0.255907,0.021408,0.0213983,0.0213887,0.0213789,0.04,-6.42809,-6.20763,85,369.412
1775442945978,484,1,-0.00743054,0.239491,0.0654832,0.0653989,0.0653141,0.0652289,0.04,-6.20763,-5.9508,86,368.182
1775442946101,485,1,-0.00439492,0.22256,0.121376,0.121108,0.120837,0.120563,0.04,-5.9508,-5.69387,87,367.488
1775442946217,486,1,-0.0025871,0.213771,0.141852,0.141501,0.141145,0.140784,0.04,-5.69387,-5.57786,87,366.081
1775442946337,487,1,-0.000184728,0.202045,0.176611,0.176098,0.175575,0.175042,0.04,-5.57786,-5.42125,88,365.576
1775442946471,488,1,0.00154083,0.19194,0.221533,0.220766,0.219979,0.219174,0.04,-5.42125,-5.2602,88,365.831
1775442946606,489,1,0.0047038,0.176438,0.301616,0.300306,0.298947,0.297541,0.04,-5.2602,-5.04696,89,365.595
1775442946731,490,1,0.00685577,0.165475,0.362097,0.360322,0.358461,0.356517,0.04,-5.04696,-4.88976,89,365.342
1775442946846,491,1,0.00871619,0.157383,0.40865,0.406494,0.404214,0.401813,0.04,-4.88976,-4.79224,89,364.999
1775442946968,492,1,0.0101769,0.150557,0.437233,0.434867,0.432348,0.429681,0.04,-4.79224,-4.70409,90,364.567
1775442947077,493,1,0.0130602,0.137093,0.527023,0.523867,0.520441,0.516754,0.04,-4.70409,-4.52531,90,364.161
1775442947200,494,1,0.0141736,0.132477,0.562833,0.559343,0.555521,0.551381,0.04,-4.52531,-4.47183,90,363.828
1775442947323,495,1,0.0158426,0.125689,0.631088,0.626892,0.622228,0.617114,0.04,-4.47183,-4.39308,90,363.837
1775442947449,496,1,0.0193274,0.110388,0.77737,0.771661,0.765069,0.757635,0.04,-4.39308,-4.19763,91,363.506
1775442947565,497,1,0.0205531,0.104354,0.845977,0.839512,0.831907,0.823217,0.04,-4.19763,-4.10866,91,362.209
1775442947698,498,1,0.0238399,0.0888478,0.974102,0.966579,0.9573,0.946351,0.04,-4.10866,-3.89685,91,362.513
1775442947825,499,1,0.0250288,0.083659,1.06884,1.06014,1.04913,1.03591,0.04,-3.89685,-3.82436,91,361.751
1775442947963,500,1,0.026819,0.0767141,1.18645,1.17634,1.16305,1.14677,0.04,-3.82436,-3.74257,92,360.895
1775442948098,501,1,0.0283062,0.0732184,1.24664,1.23582,1.22131,1.20332,0.04,-3.74257,-3.74174,92,359.662
1775442948201,502,1,0.0312706,0.0561698,1.52191,1.50824,1.48782,1.46111,0.04,-3.74174,-3.44472,92,360.525
1775442948312,503,1,0.0281153,0.0741606,1.4964,1.4801,1.45749,1.42907,0.04,-3.44472,-3.71789,92,358.373
1775442948427,504,1,0.0301023,0.0677115,1.64345,1.62477,1.59773,1.56304,0.04,-3.71789,-3.65949,92,357.66
1775442948559,505,1,0.0359261,0.0386082,2.00573,1.98556,1.94997,1.90032,0.04,-3.65949,-3.22179,93,358.634
1775442948665,506,1,0.0355141,0.04181,2.20352,2.17705,2.13035,2.06559,0.04,-3.22179,-3.25323,93,357.682
1775442948808,507,1,0.0292035,0.0791117,1.99167,1.9594,1.91271,1.85337,0.04,-3.25323,-3.85849,91,355.228
1775442948929,508,1,0.0328608,0.0580169,2.42345,2.38285,2.31615,2.22703,0.04,-3.85849,-3.48143,92,355.821
1775442949054,509,1,0.0274134,0.0950989,2.22456,2.17707,2.11025,2.02715,0.04,-3.48143,-4.13816,91,353.568
1775442949182,510,1,0.013622,0.181158,1.38147,1.35145,1.3172,1.27934,0.04,-4.13816,-5.63211,87,349.446
1775442949302,511,1,0.0116655,0.19888,1.34515,1.31408,1.27924,1.24123,0.04,-5.63211,-5.98196,86,348.819
1775442949415,512,1,-0.00305291,0.295063,4.36016e-05,4.36016e-05,4.36015e-05,4.36015e-05,0.04,-5.98196,-7.76558,79,345.839
1775442949525,513,1,-0.0154661,0.376512,0.966012,0.996517,1.02595,1.05404,0.04,-7.76558,-8.94634,72,344.059
1775442949630,514,1,-0.0184881,0.403749,1.57503,1.66331,1.74691,1.82351,0.04,-8.94634,-9.35873,72,343.997
1775442949749,515,1,-0.0194948,0.414509,1.85651,1.9833,2.10226,2.20869,0.04,-9.35873,-9.52432,72,344.574
1775442949866,516,1,-0.0274136,0.462406,2.8311,3.17482,3.49001,3.7438,0.04,-9.52432,-10.0649,72,344.673
1775442949977,517,1,0.15905,-0.420364,1.91396,1.77307,1.63282,1.49645,0.04,-10.0649,0.63624,98,342.277
1775442950102,518,1,0.0439245,0.116986,0.0135821,0.0135838,0.0135855,0.0135872,0.04,0.63624,-6.19231,85,350
1775442950222,519,1,0.0424261,0.106389,0.0108098,0.0108108,0.0108118,0.0108128,0.04,-6.19231,-5.80294,86,350
1775442950341,520,1,0.0406907,0.0951938,0.00251254,0.00251258,0.00251263,0.00251268,0.04,-5.80294,-5.38183,88,350
1775442950452,521,1,0.0382027,0.0883906,0.00693484,0.00693517,0.00693551,0.00693584,0.04,-5.38183,-5.02546,89,350
1775442950572,522,1,0.0375254,0.0834429,0.00988627,0.00988691,0.00988755,0.00988819,0.04,-5.02546,-4.84445,89,350
1775442950708,523,1,0.0372759,0.0745349,0.00788368,0.00788331,0.00788295,0.00788258,0.04,-4.84445,-4.58676,90,350
1775442950826,524,1,0.123091,-0.663371,64.9892,5.71655,0.555246,0.148604,0.04,-4.58676,11.9007,122,366.781
1775442950928,525,1,0.0354413,0.0692762,0.00275377,0.00275381,0.00275385,0.0027539,0.04,11.9007,-4.31871,90,350
1775442951045,526,1,0.0346895,0.0653831,0.00546236,0.00546251,0.00546266,0.00546281,0.04,-4.31871,-4.16119,91,350
1775442951166,527,1,0.0343297,0.0627122,0.0034287,0.00342876,0.00342882,0.00342888,0.04,-4.16119,-4.06446,91,350
1775442951279,528,1,0.0339784,0.0605845,0.00702549,0.00702573,0.00702596,0.00702619,0.04,-4.06446,-3.98212,91,350
1775442951379,529,1,0.0334766,0.0590188,0.0113752,0.0113758,0.0113764,0.011377,0.04,-3.98212,-3.90446,91,350
1775442951486,530,1,0.0330845,0.0571289,0.0105288,0.0105293,0.0105298,0.0105303,0.04,-3.90446,-3.82644,91,350
1775442951609,531,1,0.0324026,0.0559386,0.0167084,0.0167096,0.0167108,0.016712,0.04,-3.82644,-3.74621,92,350
1775442951760,532,1,0.0311042,0.0567569,0.0315439,0.0315483,0.0315526,0.0315569,0.04,-3.74621,-3.67635,92,350
1775442951890,533,1,0.0299367,0.0546245,0.0392375,0.039244,0.0392504,0.0392567,0.04,-3.67635,-3.53691,92,350
1775442952015,534,1,0.0300339,0.0498379,0.0319031,0.031907,0.0319109,0.0319147,0.04,-3.53691,-3.41539,92,350
1775442952127,535,1,0.0290999,0.0489015,0.0384683,0.0384739,0.0384794,0.0384847,0.04,-3.41539,-3.32455,92,350
1775442952235,536,1,0.0291743,0.0424509,0.0287207,0.0287234,0.028726,0.0287287,0.04,-3.32455,-3.15688,93,350
1775442952349,537,1,0.0297951,0.0357237,0.011041,0.0110413,0.0110417,0.011042,0.04,-3.15688,-3.02067,93,350
1775442952475,538,1,0.0310582,0.0273696,0.00609676,0.00609668,0.0060966,0.00609652,0.04,-3.02067,-2.88281,93,350
1775442952612,539,1,0.0314045,0.0223073,0.0135742,0.0135739,0.0135735,0.0135732,0.04,-2.88281,-2.76868,93,350
1775442952717,540,1,0.0330116,0.0117027,0.0423901,0.0423884,0.0423865,0.0423845,0.04,-2.76868,-2.58838,94,350
1775442952832,541,1,0.0336415,0.00656121,0.0492771,0.0492758,0.0492742,0.0492723,0.04,-2.58838,-2.49177,94,350
1775442952965,542,1,0.0324866,0.00818019,0.031186,0.0311853,0.0311846,0.0311838,0.04,-2.49177,-2.45867,94,350
1775442953075,543,1,0.0285463,0.0196164,0.0239286,0.0239295,0.0239303,0.0239311,0.04,-2.45867,-2.49696,94,350
1775442953188,544,1,0.0272432,0.0234719,0.0426304,0.0426336,0.0426367,0.0426397,0.04,-2.49696,-2.50827,94,350
1775442953291,545,1,0.0244052,0.0314023,0.0710386,0.0710506,0.0710619,0.0710725,0.04,-2.50827,-2.52224,94,350
1775442953388,546,1,0.0211768,0.0383242,0.0900047,0.0900282,0.0900502,0.0900708,0.04,-2.52224,-2.48351,94,350
1775442953499,547,1,0.0202279,0.0346157,0.0590176,0.0590268,0.0590356,0.0590439,0.04,-2.48351,-2.32271,94,350
1775442953617,548,1,0.0206442,0.02524,0.00386588,0.0038659,0.00386593,0.00386596,0.04,-2.32271,-2.10676,94,350
1775442953746,549,1,0.0250588,-0.0015115,0.120538,0.120538,0.120534,0.120527,0.04,-2.10676,-1.66977,95,350
1775442953859,550,1,0.0263391,-0.0152533,0.0789348,0.0789417,0.0789476,0.0789525,0.04,-1.66977,-1.39333,95,350
1775442953982,551,1,0.0244122,-0.0138013,0.0715452,0.0715503,0.0715547,0.0715583,0.04,-1.39333,-1.3007,95,350
1775442954131,552,1,0.0198881,0.00400013,0.0133845,0.0133846,0.0133846,0.0133847,0.04,-1.3007,-1.47884,95,350
1775442954288,553,1,0.0182381,0.00709813,0.0299955,0.029996,0.0299964,0.0299968,0.04,-1.47884,-1.44607,95,350
1775442954439,554,1,0.0181596,0.00406346,0.0230312,0.0230313,0.0230315,0.0230316,0.04,-1.44607,-1.35972,95,350
1775442954606,555,1,0.0171778,0.00406634,0.025112,0.0251122,0.0251124,0.0251125,0.04,-1.35972,-1.2917,95,350
1775442954713,556,1,0.0184008,-0.00742906,0.000133006,0.000133006,0.000133006,0.000133006,0.04,-1.2917,-1.06937,96,350
1775442954857,557,1,0.0188553,-0.0142403,0.0255309,0.0255316,0.0255323,0.025533,0.04,-1.06937,-0.912573,96,350
1775442954971,558,1,0.0177396,-0.0139618,0.0161611,0.0161614,0.0161617,0.0161619,0.04,-0.912573,-0.844552,96,350
1775442955079,559,1,18.8659,-1.55924,0.000308774,0.000371841,0.000453322,0.000560456,0.04,-0.844552,-28,72,366.781
1775442955201,560,1,0.0179668,-0.0232721,0.0485135,0.0485177,0.0485216,0.0485253,0.04,-28,-0.603402,96,350
1775442955346,561,1,35.0463,-1.56506,8.22377e-05,0.000100626,0.000124931,0.000157739,0.04,-0.603402,-28,72,366.781
1775442955502,562,1,-0.729259,1.36465,0.146985,0.194466,0.264361,0.371233,0.04,-28,13.5334,122,366.781
1775442955620,563,1,-0.722262,1.37431,0.139349,0.186786,0.258004,0.369564,0.04,13.5334,12.7967,122,366.781
1775442955748,564,1,-0.520044,0.854468,0.903663,1.02278,1.15829,1.31149,0.04,12.7967,12.9993,122,366.781
1775442955895,565,1,-0.450756,0.580166,1.13689,1.21731,1.30002,1.38405,0.04,12.9993,15.6433,122,366.781
1775442956005,566,1,-0.61314,1.34793,0.189637,0.258539,0.36437,0.534618,0.04,15.6433,6.02509,108,366.781
1775442956123,567,1,-0.608897,1.34934,0.189904,0.260117,0.368714,0.544923,0.04,6.02509,5.70098,107,366.781
1775442956250,568,1,-0.497124,1.31089,0.271816,0.376609,0.540826,0.810864,0.04,5.70098,-0.913065,96,337.204
1775442956395,569,1,-0.32898,1.17722,0.60871,0.83067,1.16484,1.68164,0.04,-0.913065,-8.79149,73,337.204
1775442956515,570,1,-0.212669,0.987099,1.23961,1.62706,2.15875,2.88001,0.04,-8.79149,-11.557,72,206.322
1775442956645,571,1,-0.147791,0.828263,1.80384,2.26429,2.83496,3.51295,0.04,-11.557,-11.6804,72,304.912
1775442956771,572,1,-0.108314,0.681399,2.17605,2.58887,3.04749,3.5271,0.04,-11.6804,-10.4368,72,352.933
1775442956894,573,1,-0.0451678,0.426413,2.34405,2.55331,2.74546,2.90767,0.04,-10.4368,-7.97593,78,421.07
1775442957022,574,1,-0.00523569,0.257057,2.12144,2.20867,2.27692,2.32278,0.04,-7.97593,-6.23109,85,463.28
1775442957145,575,1,0.014584,0.169872,1.93931,1.98334,2.01228,2.02497,0.04,-6.23109,-5.28411,88,488.611
1775442957275,576,1,0.025418,0.124182,1.91325,1.9422,1.95659,1.95585,0.04,-5.28411,-4.80607,89,488.611
1775442957385,577,1,0.147684,-0.299295,0.571678,0.563323,0.554736,0.545944,0.04,-4.80607,-2.01621,95,488.611
1775442957543,578,1,0.45778,-1.07722,0.446563,0.513093,0.592171,0.686472,0.04,-2.01621,-2.37255,94,488.611
1775442957673,579,1,0.558746,-1.19384,0.310257,0.367762,0.439557,0.530025,0.04,-2.37255,-6.21129,85,488.611
1775442957796,580,1,0.552588,-1.19728,0.309478,0.367898,0.441132,0.53383,0.04,-6.21129,-5.6924,87,488.611
1775442957922,581,1,0.49489,-1.15708,0.367882,0.434396,0.516795,0.619656,0.04,-5.6924,-2.78418,93,488.611
1775442958044,582,1,0.495277,-1.1675,0.359938,0.427306,0.511422,0.617347,0.04,-2.78418,-2.5285,94,488.611
1775442958184,583,1,0.491434,-1.17434,0.356582,0.425292,0.511656,0.621214,0.04,-2.5285,-2.0773,94,488.611
1775442958333,584,1,0.426591,-1.12079,0.436824,0.515478,0.612545,0.733083,0.04,-2.0773,0.966896,98,488.611
1775442958465,585,1,0.402395,-1.10301,0.465766,0.548046,0.64905,0.773702,0.04,0.966896,2.16271,100,488.611
1775442958593,586,1,0.373624,-1.07412,0.509925,0.596496,0.701696,0.830026,0.04,2.16271,3.37573,102,488.611
1775442958724,587,1,0.330365,-1.02675,0.586508,0.680297,0.792539,0.927076,0.04,3.37573,5.09522,106,488.611
1775442958878,588,1,0.320184,-1.02969,0.599816,0.699375,0.819317,0.964064,0.04,5.09522,5.88366,108,488.611
1775442958992,589,1,0.28204,-0.976031,0.681861,0.785937,0.908841,1.05386,0.04,5.88366,7.07869,112,488.611
1775442959119,590,1,0.24865,-0.925877,0.760692,0.868378,0.993344,1.13794,0.04,7.07869,8.03976,117,488.611
1775442959233,591,1,0.236421,-0.918206,0.796524,0.91168,1.04556,1.20064,0.04,8.03976,8.68618,120,488.611
1775442959357,592,1,0.198468,-0.839282,0.890675,1.00043,1.12405,1.26242,0.04,8.68618,9.18105,122,488.611
1775442959481,593,1,0.170343,-0.784237,0.968826,1.07759,1.1978,1.32962,0.04,9.18105,9.64429,122,488.611
1775442959618,594,1,0.131942,-0.686074,1.03635,1.12812,1.22592,1.32911,0.04,9.64429,9.64176,122,488.611
1775442959742,595,1,0.0975961,-0.593873,1.08192,1.15775,1.23605,1.316,0.04,9.64176,9.51896,122,488.611
1775442959868,596,1,0.0608546,-0.479141,1.03254,1.08127,1.12975,1.17747,0.04,9.51896,8.93391,122,457.65
1775442959990,597,1,-0.00765896,-0.230507,0.506013,0.510717,0.515193,0.519429,0.04,8.93391,6.84185,111,384.326
1775442960133,598,1,-0.0442282,-0.0805456,0.0254917,0.0254958,0.0254999,0.0255039,0.04,6.84185,5.23438,106,348.833
1775442960258,599,1,-0.0425805,-0.071884,0.0196032,0.0196053,0.0196075,0.0196096,0.04,5.23438,4.88564,105,348.208
1775442960382,600,1,-0.0408527,-0.0601337,0.0088208,0.00882117,0.00882153,0.00882189,0.04,4.88564,4.44704,104,348.605
1775442960502,601,1,-0.039966,-0.0560819,0.00814067,0.00814096,0.00814125,0.00814153,0.04,4.44704,4.27614,103,348.31
1775442960634,602,1,-0.0401907,-0.0480722,0.012879,0.0128783,0.0128777,0.0128771,0.04,4.27614,4.07588,103,347.636
1775442960758,603,1,-0.0390268,-0.0478637,0.000122432,0.000122432,0.000122432,0.000122432,0.04,4.07588,3.98785,103,347.209
1775442960887,604,1,-0.0394835,-0.0399874,0.0223797,0.0223782,0.0223766,0.0223749,0.04,3.98785,3.81002,102,347.27
1775442961009,605,1,-0.0387955,-0.0381962,0.0165354,0.0165346,0.0165338,0.0165329,0.04,3.81002,3.71316,102,347.284
1775442961135,606,1,-0.0382404,-0.0355904,0.0217969,0.0217955,0.0217942,0.0217928,0.04,3.71316,3.60524,102,347.42
1775442961244,607,1,-0.0373519,-0.0338266,0.0196995,0.0196984,0.0196974,0.0196963,0.04,3.60524,3.49589,102,347.265
1775442961375,608,1,-0.0372263,-0.030468,0.0258238,0.0258222,0.0258205,0.0258189,0.04,3.49589,3.3974,102,347.292
1775442961503,609,1,-0.0358755,-0.0312505,0.015798,0.0157973,0.0157967,0.0157961,0.04,3.3974,3.32371,102,347.189
1775442961613,610,1,-0.0353119,-0.0282952,0.0216,0.021599,0.0215979,0.0215968,0.04,3.32371,3.20585,101,347.483
1775442961732,611,1,-0.0343711,-0.0280591,0.0150577,0.0150572,0.0150567,0.0150562,0.04,3.20585,3.13348,101,347.249
1775442961861,612,1,-0.0334186,-0.0266142,0.00980251,0.00980231,0.00980211,0.00980191,0.04,3.13348,3.02784,101,347.425
1775442961981,613,1,-0.0328867,-0.023876,0.00997809,0.00997791,0.00997772,0.00997753,0.04,3.02784,2.91714,101,347.536
1775442962120,614,1,-0.0320416,-0.0242005,0.00755894,0.00755884,0.00755873,0.00755862,0.04,2.91714,2.86718,101,347.168
1775442962286,615,1,-0.0313308,-0.0241063,0.00327781,0.00327779,0.00327777,0.00327775,0.04,2.86718,2.81488,101,347.171
1775442962399,616,1,-0.0308662,-0.0211778,0.00787683,0.00787673,0.00787663,0.00787652,0.04,2.81488,2.70439,101,346.894
1775442962525,617,1,-0.0305382,-0.0183248,0.0135437,0.0135434,0.0135431,0.0135429,0.04,2.70439,2.60552,100,346.367
1775442962658,618,1,-0.0300946,-0.016549,0.0155971,0.0155968,0.0155965,0.0155961,0.04,2.60552,2.52722,100,346.504
1775442962777,619,1,-0.0293807,-0.0158088,0.0157396,0.0157393,0.0157389,0.0157386,0.04,2.52722,2.45795,100,346.116
1775442962902,620,1,-0.0292031,-0.0139205,0.0201,0.0200995,0.0200991,0.0200986,0.04,2.45795,2.39534,100,345.666
1775442963032,621,1,-0.0285218,-0.0139582,0.0169205,0.0169202,0.0169199,0.0169195,0.04,2.39534,2.34882,100,345.393
1775442963167,622,1,-0.0279749,-0.010741,0.020678,0.0206776,0.0206772,0.0206768,0.04,2.34882,2.22471,100,344.775
1775442963314,623,1,-0.027375,-0.00845795,0.0201374,0.0201371,0.0201368,0.0201365,0.04,2.22471,2.12149,100,344.166
1775442963442,624,1,-0.0265217,-0.00751923,0.020515,0.0205147,0.0205144,0.0205141,0.04,2.12149,2.03727,100,344.521
1775442963565,625,1,-0.0255116,-0.00895022,0.0122701,0.0122699,0.0122698,0.0122697,0.04,2.03727,2.00491,99,344.103
1775442963689,626,1,-0.0245824,-0.00852544,0.0120762,0.0120761,0.012076,0.0120759,0.04,2.00491,1.92927,99,343.622
1775442963815,627,1,-0.0239316,-0.00726426,0.0142429,0.0142428,0.0142427,0.0142425,0.04,1.92927,1.85059,99,343.317
1775442963934,628,1,-0.0231194,-0.00681707,0.0123606,0.0123605,0.0123604,0.0123603,0.04,1.85059,1.78214,99,343.285
1775442964075,629,1,-0.0229922,-0.00486295,0.0160985,0.0160984,0.0160983,0.0160982,0.04,1.78214,1.72113,99,343.338
1775442964208,630,1,-0.0220412,-0.00503294,0.0152682,0.0152681,0.015268,0.0152679,0.04,1.72113,1.65995,99,343.296
1775442964334,631,1,-0.0213354,-0.00436416,0.0160749,0.0160748,0.0160747,0.0160746,0.04,1.65995,1.59328,99,343.4
1775442964448,632,1,-0.0206297,-0.00300159,0.019591,0.0195909,0.0195908,0.0195907,0.04,1.59328,1.50829,99,343.211
1775442964572,633,1,-0.0208831,-0.000122156,0.0313916,0.0313915,0.0313914,0.0313912,0.04,1.50829,1.44981,99,343.41
1775442964712,634,1,-0.0198547,-0.000316219,0.0322875,0.0322874,0.0322873,0.0322871,0.04,1.44981,1.38421,99,343.165
1775442964820,635,1,-0.0193833,0.00246157,0.045073,0.0450733,0.0450734,0.0450733,0.04,1.38421,1.27862,99,343.023
1775442964946,636,1,-0.018885,0.00270672,0.0453656,0.0453659,0.0453661,0.045366,0.04,1.27862,1.23763,98,342.446
1775442965082,637,1,-0.0193185,0.00700597,0.0604458,0.0604476,0.0604489,0.0604498,0.04,1.23763,1.15374,98,341.818
1775442965217,638,1,-0.0179987,0.00555952,0.0615042,0.0615056,0.0615065,0.061507,0.04,1.15374,1.10189,98,341.474
1775442965329,639,1,-0.0166811,0.00395242,0.0577216,0.0577225,0.0577229,0.0577229,0.04,1.10189,1.05379,98,340.769
1775442965452,640,1,-0.0173754,0.00740565,0.0688226,0.068825,0.0688268,0.0688279,0.04,1.05379,1.01012,98,340.619
1775442965590,641,1,-0.0157878,0.00457353,0.0644036,0.0644048,0.0644055,0.0644056,0.04,1.01012,0.976389,98,340.379
1775442965744,642,1,-0.0118971,-0.0116196,0.0512226,0.0512249,0.0512269,0.0512285,0.04,0.976389,1.14346,98,338.791
1775442965863,643,1,-0.0118132,-0.0102268,0.0711391,0.0711427,0.0711457,0.0711479,0.04,1.14346,1.10319,98,339.101
1775442965975,644,1,-0.0115939,-0.00739681,0.0615927,0.0615946,0.0615961,0.0615971,0.04,1.10319,1.01005,98,339.98
1775442966090,645,1,-0.0119868,-0.0011497,0.0339256,0.0339256,0.0339256,0.0339255,0.04,1.01005,0.863921,98,340.925
1775442966249,646,1,-0.0135338,0.00809045,0.00285459,0.0028546,0.0028546,0.00285461,0.04,0.863921,0.715991,98,341.632
1775442966380,647,1,-0.0141924,0.0155242,0.030356,0.0303571,0.0303582,0.0303591,0.04,0.715991,0.564863,98,342.78
1775442966495,648,1,-0.0150343,0.0255577,0.0781244,0.0781361,0.0781468,0.0781566,0.04,0.564863,0.359337,97,343.23
1775442966628,649,1,-0.0134879,0.0214626,0.065856,0.0658629,0.0658693,0.0658752,0.04,0.359337,0.361302,97,343.137
1775442966739,650,1,-0.0132788,0.025231,0.0887449,0.0887597,0.088773,0.088785,0.04,0.361302,0.248656,97,342.285
1775442966862,651,1,-0.0117001,0.0233022,0.07992,0.0799311,0.0799412,0.0799502,0.04,0.248656,0.190412,97,341.581
1775442967000,652,1,-0.0114108,0.0255728,0.0914539,0.0914698,0.0914842,0.091497,0.04,0.190412,0.110897,97,340.899
1775442967118,653,1,-0.00902355,0.0180427,0.0651289,0.0651346,0.0651398,0.0651443,0.04,0.110897,0.145469,97,339.848
1775442967239,654,1,-0.00815552,0.0193009,0.0759495,0.0759578,0.0759651,0.0759716,0.04,0.145469,0.0532768,97,338.592
1775442967357,655,1,-0.00737479,0.0204737,0.0852836,0.0852946,0.0853044,0.0853128,0.04,0.0532768,-0.0308371,97,337.323
1775442967461,656,1,-0.00623697,0.0193998,0.078044,0.0780527,0.0780605,0.0780673,0.04,-0.0308371,-0.0815066,97,335.47
1775442967596,657,1,-0.00435052,0.0137527,0.0562336,0.0562368,0.0562397,0.0562422,0.04,-0.0815066,-0.0625399,97,334.623
1775442967746,658,1,-0.0033876,0.0115916,0.0246743,0.0246748,0.0246754,0.0246758,0.04,-0.0625399,-0.0755978,97,334.005
1775442967876,659,1,-0.00263933,0.00996163,0.0130806,0.0130807,0.0130808,0.0130809,0.04,-0.0755978,-0.0850243,97,333.4
1775442968001,660,1,-0.000819516,0.00417663,0.0287569,0.0287566,0.0287562,0.0287558,0.04,-0.0850243,-0.0517731,97,333.025
1775442968123,661,1,-0.000211904,0.00371678,0.0417408,0.0417402,0.0417395,0.0417386,0.04,-0.0517731,-0.0792241,97,332.955
1775442968254,662,1,0.00120974,-0.00134479,0.0980995,0.0980996,0.0980977,0.0980939,0.04,-0.0792241,-0.0315879,97,334.332
1775442968389,663,1,0.00320399,-0.00723039,0.135446,0.135454,0.135457,0.135455,0.04,-0.0315879,-0.00421625,97,335.627
1775442968508,664,1,0.00237674,0.0028601,0.018426,0.0184259,0.0184258,0.0184257,0.04,-0.00421625,-0.238453,97,336.886
1775442968627,665,1,0.00129201,0.0151117,0.172385,0.172415,0.172435,0.172444,0.04,-0.238453,-0.470336,96,336.924
1775442968765,666,1,0.00352167,0.00775233,0.00547044,0.00547042,0.0054704,0.00547038,0.04,-0.470336,-0.451791,96,338.14
1775442968880,667,1,0.0036739,0.0132438,0.0152541,0.0152543,0.0152545,0.0152548,0.04,-0.451791,-0.609158,96,338.685
1775442968988,668,1,0.00407236,0.0154633,0.0243026,0.0243033,0.024304,0.0243046,0.04,-0.609158,-0.695243,96,339.046
1775442969120,669,1,0.00281313,0.0260132,0.0756323,0.0756435,0.0756538,0.0756632,0.04,-0.695243,-0.885384,96,338.626
1775442969296,670,1,0.00393217,0.0220242,0.0615096,0.0615159,0.0615217,0.061527,0.04,-0.885384,-0.85704,96,339.226
1775442969451,671,1,0.00373001,0.0281651,0.0997878,0.0998087,0.0998276,0.0998444,0.04,-0.85704,-1.00298,96,339.987
1775442969585,672,1,0.00419075,0.0276859,0.108805,0.108829,0.108851,0.10887,0.04,-1.00298,-1.02043,96,340.034
1775442969693,673,1,0.00473423,0.027262,0.115716,0.115743,0.115767,0.115787,0.04,-1.02043,-1.04538,96,340.686
1775442969823,674,1,0.010534,-0.00303826,0.0321885,0.0321887,0.0321888,0.0321889,0.04,-1.04538,-0.639896,96,341.748
1775442969971,675,1,0.0176902,-0.0480192,0.277056,0.277323,0.277546,0.277727,0.04,-0.639896,0.121011,97,342.671
1775442970097,676,1,0.0160952,-0.0322667,0.20489,0.204987,0.205066,0.205129,0.04,0.121011,-0.206153,97,342.813
1775442970220,677,1,0.0188764,-0.0427204,0.245461,0.245647,0.245804,0.24593,0.04,-0.206153,-0.10917,97,344.319
1775442970344,678,1,0.0196581,-0.0438319,0.250975,0.251175,0.251342,0.251478,0.04,-0.10917,-0.132179,97,344.782
1775442970485,679,1,0.0194862,-0.0409502,0.240885,0.241056,0.241199,0.241314,0.04,-0.132179,-0.199809,97,343.726
1775442970607,680,1,0.0193657,-0.0394763,0.246676,0.246848,0.246991,0.247102,0.04,-0.199809,-0.230428,97,342.711
1775442970730,681,1,0.0201471,-0.0404884,0.259133,0.259328,0.259487,0.259611,0.04,-0.230428,-0.255023,97,341.687
1775442970849,682,1,0.0206665,-0.0460344,0.315417,0.315743,0.316006,0.316205,0.04,-0.255023,-0.132021,97,338.579
1775442970969,683,1,0.029714,-0.0783187,0.45475,0.455926,0.456912,0.457707,0.04,-0.132021,0.13856,97,344.097
1775442971088,684,1,0.0311427,-0.0833518,0.49603,0.497517,0.498758,0.499751,0.04,0.13856,0.182622,97,343.497
1775442971262,685,1,0.0317675,-0.0868214,0.533703,0.535492,0.536975,0.538148,0.04,0.182622,0.239339,97,342.58
1775442971388,686,1,0.036489,-0.103929,0.630121,0.633121,0.635619,0.637604,0.04,0.239339,0.391497,97,345.42
1775442971519,687,1,0.0424744,-0.123351,0.71289,0.717488,0.721363,0.724493,0.04,0.391497,0.516986,98,350.361
1775442971640,688,1,0.0340906,-0.0988558,0.685212,0.688542,0.691224,0.693245,0.04,0.516986,0.428731,97,340.735
1775442971779,689,1,0.0407155,-0.119118,0.771426,0.776571,0.780794,0.784071,0.04,0.428731,0.533365,98,346.571
1775442971878,690,1,0.0549793,-0.166101,0.933601,0.944388,0.953575,0.961078,0.04,0.533365,0.8463,98,360.686
1775442971990,691,1,0.0545457,-0.165346,0.954958,0.966167,0.97566,0.983348,0.04,0.8463,0.859279,98,359.402
1775442972116,692,1,0.0462148,-0.138882,0.913849,0.922303,0.929232,0.934575,0.04,0.859279,0.7115,98,349.881
1775442972222,693,1,0.0451219,-0.134973,0.935891,0.944457,0.951379,0.956595,0.04,0.7115,0.684752,98,348.014
1775442972324,694,1,0.044613,-0.132914,0.960472,0.969315,0.976378,0.981593,0.04,0.684752,0.66814,98,346.873
1775442972437,695,1,0.0435371,-0.129401,0.995203,1.00438,1.01157,1.01669,0.04,0.66814,0.65295,98,344.407
1775442972537,696,1,0.0460819,-0.138343,1.06221,1.07342,1.08221,1.08849,0.04,0.65295,0.730128,98,346.41
1775442972647,697,1,0.0439771,-0.131953,1.08262,1.09362,1.10205,1.10783,0.04,0.730128,0.705739,98,343.684
1775442972749,698,1,0.0428757,-0.127591,1.10139,1.11232,1.12054,1.12596,0.04,0.705739,0.666725,98,342.609
1775442972858,699,1,0.0415503,-0.122574,1.12888,1.1398,1.1478,1.15278,0.04,0.666725,0.626816,98,341.858
1775442972974,700,1,0.0407787,-0.119561,1.15483,1.16589,1.17383,1.17852,0.04,0.626816,0.602666,98,340.628
1775442973085,701,1,0.0385671,-0.109966,1.17356,1.18389,1.19092,1.19455,0.04,0.602666,0.498554,98,339.92
1775442973203,702,1,0.0379281,-0.10684,1.20402,1.21448,1.22137,1.2246,0.04,0.498554,0.46285,98,339.859
1775442973330,703,1,0.0359497,-0.0962156,1.22106,1.23051,1.23624,1.23816,0.04,0.46285,0.314476,97,338.996
1775442973447,704,1,0.0327595,-0.0813335,1.22053,1.22821,1.23216,1.23232,0.04,0.314476,0.131641,97,338.581
1775442973584,705,1,0.0294162,-0.0647279,1.21484,1.22051,1.22251,1.2208,0.04,0.131641,-0.0880829,97,338.329
1775442973703,706,1,0.0290146,-0.0590662,1.24562,1.25083,1.25209,1.24937,0.04,-0.0880829,-0.208901,97,338.946
1775442973824,707,1,0.0270728,-0.0479334,1.2623,1.26623,1.26605,1.26177,0.04,-0.208901,-0.373729,97,339.537
1775442973961,708,1,0.0266687,-0.0409343,1.28403,1.28715,1.28596,1.28046,0.04,-0.373729,-0.532022,96,340.362
1775442974080,709,1,0.0252256,-0.0308535,1.3137,1.31556,1.31281,1.30549,0.04,-0.532022,-0.700858,96,340.256
1775442974233,710,1,0.0249547,-0.0233345,1.33871,1.33953,1.3355,1.32667,0.04,-0.700858,-0.881987,96,340.117
1775442974351,711,1,0.0256934,-0.0181404,1.39378,1.39378,1.38831,1.37746,0.04,-0.881987,-1.06532,96,339.821
1775442974472,712,1,0.0250451,-0.00920854,1.4182,1.41676,1.40956,1.39677,0.04,-1.06532,-1.25884,96,339.498
1775442974606,713,1,0.0253006,-0.00540138,1.44147,1.43931,1.43113,1.41711,0.04,-1.25884,-1.37615,95,338.958
1775442974714,714,1,0.0257982,0.0037307,1.47029,1.46645,1.45626,1.43993,0.04,-1.37615,-1.65358,95,337.893
1775442974837,715,1,0.0273899,0.00364403,1.51805,1.51386,1.50268,1.48478,0.04,-1.65358,-1.75406,95,336.872
1775442974958,716,1,0.0278334,0.010321,1.55511,1.54937,1.53616,1.51579,0.04,-1.75406,-1.96013,95,336.804
1775442975086,717,1,0.0274049,0.0225006,1.57068,1.56245,1.5466,1.5235,0.04,-1.96013,-2.25831,94,335.83
1775442975206,718,1,0.0274767,0.0320607,1.60311,1.59255,1.57395,1.54778,0.04,-2.25831,-2.51767,94,336.133
1775442975320,719,1,0.0264735,0.0476212,1.60417,1.59049,1.56886,1.53983,0.04,-2.51767,-2.86997,93,337.62
1775442975459,720,1,0.0253468,0.0600806,1.5984,1.58235,1.55854,1.52756,0.04,-2.86997,-3.13071,93,339.55
1775442975566,721,1,0.0235356,0.0795996,1.61493,1.59455,1.56633,1.53098,0.04,-3.13071,-3.53233,92,343.13
1775442975673,722,1,0.0240641,0.0846521,1.6568,1.63415,1.60311,1.5645,0.04,-3.53233,-3.69995,92,345.445
1775442975790,723,1,0.0224794,0.0990204,1.64989,1.62438,1.59074,1.54984,0.04,-3.69995,-3.98096,91,347.477
1775442975966,724,1,0.0225959,0.107799,1.70968,1.68011,1.64164,1.59532,0.04,-3.98096,-4.21875,91,350.281
1775442976091,725,1,0.0207756,0.132735,1.69419,1.65953,1.61654,1.56636,0.04,-4.21875,-4.77112,89,353.76
1775442976225,726,1,0.0195103,0.148918,1.69947,1.66083,1.61404,1.56034,0.04,-4.77112,-5.12185,88,356.155
1775442976345,727,1,0.0181866,0.167833,1.65003,1.60956,1.56188,1.50818,0.04,-5.12185,-5.54979,87,357.768
1775442976468,728,1,0.0169878,0.183728,1.63367,1.59057,1.5407,1.48527,0.04,-5.54979,-5.90005,86,360.317
1775442976592,729,1,0.0173767,0.190662,1.68811,1.64033,1.58525,1.5243,0.04,-5.90005,-6.10774,85,362.837
1775442976711,730,1,0.017032,0.202039,1.70838,1.65664,1.59759,1.53275,0.04,-6.10774,-6.38974,84,365.139
1775442976828,731,1,0.0172084,0.211871,1.68538,1.63273,1.57324,1.5084,0.04,-6.38974,-6.67143,83,367.761
1775442976948,732,1,0.0139415,0.236418,1.50063,1.45448,1.40376,1.34946,0.04,-6.67143,-7.13518,82,368.55
1775442977061,733,1,0.0134352,0.247914,1.46004,1.41428,1.36446,1.31149,0.04,-7.13518,-7.41706,80,370.493
1775442977176,734,1,0.0116537,0.267297,1.29845,1.25954,1.21792,1.17418,0.04,-7.41706,-7.84038,78,372.288
1775442977276,735,1,0.0117916,0.272804,1.31791,1.27695,1.23321,1.18737,0.04,-7.84038,-7.99654,78,375.502
1775442977411,736,1,0.01055,0.284615,1.24506,1.2069,1.1665,1.1244,0.04,-7.99654,-8.24032,76,376.257
1775442977533,737,1,0.0113591,0.283164,1.29267,1.2517,1.20824,1.1629,0.04,-8.24032,-8.25064,76,378.702
1775442977650,738,1,0.00907649,0.296546,1.22541,1.1868,1.14618,1.10406,0.04,-8.25064,-8.4643,75,379.689
1775442977761,739,1,0.00889697,0.298213,1.21024,1.17236,1.13256,1.09132,0.04,-8.4643,-8.4991,75,381.598
1775442977867,740,1,0.010013,0.291336,1.27732,1.23611,1.19258,1.14733,0.04,-8.4991,-8.38108,76,382.298
1775442977963,741,1,0.0112911,0.28314,1.3803,1.33349,1.28369,1.23171,0.04,-8.38108,-8.23388,76,382.822
1775442978078,742,1,0.0118208,0.279607,1.41148,1.36314,1.31157,1.25763,0.04,-8.23388,-8.17066,77,382.667
1775442978199,743,1,0.0155247,0.255968,1.68211,1.61894,1.54997,1.47684,0.04,-8.17066,-7.75128,79,383.202
1775442978358,744,1,0.0152679,0.25274,1.77232,1.70289,1.62668,1.54571,0.04,-7.75128,-7.63471,79,383.409
1775442978487,745,1,0.0183516,0.233543,2.02108,1.93687,1.84221,1.74035,0.04,-7.63471,-7.2964,81,383.977
1775442978618,746,1,0.0171592,0.235008,2.08497,1.99461,1.89297,1.78371,0.04,-7.2964,-7.24614,81,384.268
1775442978783,747,1,0.0162057,0.237256,2.13412,2.03843,1.93083,1.81538,0.04,-7.24614,-7.2355,81,385.276
1775442978897,748,1,0.0119505,0.258865,1.96605,1.87805,1.78135,1.67901,0.04,-7.2355,-7.54825,80,386.473
1775442979020,749,1,0.00768617,0.283238,1.70109,1.62941,1.55249,1.47215,0.04,-7.54825,-7.94711,78,387.458
1775442979167,750,1,0.00657526,0.287134,1.82303,1.73929,1.64941,1.55579,0.04,-7.94711,-7.96127,78,389.409
1775442979299,751,1,0.00697406,0.287385,1.88848,1.79841,1.70161,1.60086,0.04,-7.96127,-7.98778,78,391.191
1775442979419,752,1,0.003427,0.309844,1.76016,1.67573,1.58646,1.49456,0.04,-7.98778,-8.36744,76,393.492
1775442979534,753,1,-0.00206501,0.344686,1.39998,1.34033,1.27866,1.21596,0.04,-8.36744,-8.97678,72,393.698
1775442979659,754,1,-0.00412954,0.35834,1.32052,1.2651,1.2082,1.1506,0.04,-8.97678,-9.2141,72,395.027
1775442979800,755,1,-0.00973489,0.391582,1.0005,0.965299,0.929644,0.89382,0.04,-9.2141,-9.76847,72,395.728
1775442979918,756,1,-0.0212191,0.461733,0.143531,0.142638,0.141745,0.140852,0.04,-9.76847,-10.9947,72,393.545
1775442980038,757,1,-0.0222497,0.466788,0.065883,0.0656919,0.0655009,0.0653099,0.04,-10.9947,-11.0723,72,393.989
1775442980140,758,1,-0.0239223,0.474653,0.00385993,0.00386061,0.00386128,0.00386195,0.04,-11.0723,-11.1792,72,393.856
1775442980280,759,1,-0.0247523,0.477667,0.0758064,0.0760678,0.0763291,0.0765906,0.04,-11.1792,-11.1919,72,394.014
1775442980385,760,1,-0.0248186,0.47452,0.033717,0.0337682,0.0338194,0.0338706,0.04,-11.1919,-11.109,72,395.031
1775442980491,761,1,-0.0243751,0.46944,0.0367041,0.0366443,0.0365845,0.0365248,0.04,-11.109,-11.0019,72,395.533
1775442980601,762,1,-0.0248809,0.471187,0.00183715,0.0018373,0.00183745,0.0018376,0.04,-11.0019,-11.0197,72,395.974
1775442980697,763,1,-0.0255401,0.474945,0.0554254,0.055564,0.0557025,0.0558411,0.04,-11.0197,-11.0672,72,396.154
1775442980809,764,1,-0.0231051,0.459908,0.116855,0.116266,0.115677,0.115089,0.04,-11.0672,-10.8194,72,396.672
1775442980908,765,1,-0.0227767,0.458049,0.115015,0.114448,0.113881,0.113313,0.04,-10.8194,-10.792,72,396.851
1775442981011,766,1,-0.0199779,0.436326,0.442606,0.434732,0.426844,0.418954,0.04,-10.792,-10.3489,72,397.984
1775442981127,767,1,-0.0180462,0.424488,0.596692,0.582877,0.56901,0.55513,0.04,-10.3489,-10.14,72,398.73
1775442981221,768,1,-0.0193888,0.431136,0.521381,0.510622,0.499835,0.489043,0.04,-10.14,-10.2378,72,399.133
1775442981348,769,1,-0.019375,0.427046,0.623511,0.608308,0.593054,0.577795,0.04,-10.2378,-10.1137,72,399.55
1775442981463,770,1,-0.0194825,0.424964,0.700941,0.681843,0.662672,0.643503,0.04,-10.1137,-10.0392,72,400.123
1775442981582,771,1,-0.0204462,0.427063,0.703495,0.684136,0.664711,0.645296,0.04,-10.0392,-10.0291,72,400.575
1775442981713,772,1,-0.0214169,0.43066,0.635001,0.61906,0.603075,0.587098,0.04,-10.0291,-10.0689,72,401.1
1775442981847,773,1,-0.021527,0.430253,0.637974,0.621903,0.605787,0.589677,0.04,-10.0689,-10.0499,72,401.424
1775442981953,774,1,-0.0239231,0.439843,0.565947,0.552933,0.539904,0.526891,0.04,-10.0499,-10.154,72,402.172
1775442982066,775,1,-0.0258083,0.446972,0.529648,0.518007,0.506363,0.494742,0.04,-10.154,-10.2218,72,402.657
1775442982170,776,1,-0.026385,0.449267,0.54287,0.530557,0.518246,0.505965,0.04,-10.2218,-10.2422,72,403.038
1775442982295,777,1,-0.0253637,0.441216,0.675867,0.657229,0.638579,0.619982,0.04,-10.2422,-10.0764,72,403.713
1775442982415,778,1,-0.0269078,0.448061,0.546765,0.534319,0.521873,0.509456,0.04,-10.0764,-10.1729,72,403.957
1775442982551,779,1,-0.0277253,0.451,0.473841,0.464412,0.454985,0.445575,0.04,-10.1729,-10.2063,72,404.12
1775442982644,780,1,-0.0280653,0.453143,0.422207,0.414674,0.407142,0.399622,0.04,-10.2063,-10.2483,72,404.962
1775442982760,781,1,-0.0277069,0.45044,0.484399,0.474561,0.464725,0.454907,0.04,-10.2483,-10.191,72,405.004
1775442982871,782,1,-0.0277626,0.450967,0.419484,0.412096,0.404706,0.397327,0.04,-10.191,-10.2107,72,405.06
1775442982986,783,1,-0.0271781,0.44745,0.466141,0.457112,0.44808,0.439059,0.04,-10.2107,-10.1492,72,405.381
1775442983113,784,1,-0.0253598,0.436397,0.674711,0.6564,0.638061,0.619758,0.04,-10.1492,-9.94646,72,406.175
1775442983230,785,1,-0.0256763,0.437268,0.648234,0.631289,0.61432,0.59738,0.04,-9.94646,-9.9518,72,406.627
1775442983358,786,1,-0.027497,0.443237,0.76673,0.742597,0.718471,0.694458,0.04,-9.9518,-9.97139,72,407.023
1775442983469,787,1,-0.0245397,0.423285,1.17272,1.11945,1.06605,1.01303,0.04,-9.97139,-9.58292,72,408.91
1775442983593,788,1,0.00859397,0.217048,5.02834,4.49358,3.85759,3.21896,0.04,-9.58292,-5.88201,86,418.049
1775442983711,789,1,0.022096,0.131817,6.53689,5.86182,4.9078,3.92271,0.04,-5.88201,-4.36294,90,420.797
1775442983814,790,1,-0.0021432,0.284314,3.40925,3.10969,2.78269,2.45349,0.04,-4.36294,-7.11575,82,418.227
1775442983957,791,1,-0.0250454,0.422762,1.27683,1.21376,1.15057,1.08798,0.04,-7.11575,-9.52093,72,411.605
1775442984061,792,1,-0.0306568,0.463744,0.698949,0.677655,0.656446,0.635396,0.04,-9.52093,-10.3171,72,411.208
1775442984185,793,1,-0.0291662,0.4598,0.903221,0.86808,0.83313,0.798574,0.04,-10.3171,-10.2863,72,412.342
1775442984299,794,1,-0.0379956,0.526688,0.132904,0.133832,0.134762,0.135694,0.04,-10.2863,-11.5936,72,409.506
1775442984391,795,1,-0.0392879,0.540035,0.359394,0.366463,0.373581,0.38074,0.04,-11.5936,-11.8268,72,409.019
1775442984500,796,1,-0.0410803,0.551886,0.576195,0.59505,0.614134,0.633396,0.04,-11.8268,-11.9844,72,408.508
1775442984605,797,1,-0.058651,0.666371,2.2697,2.69845,3.16995,3.65491,0.04,-11.9844,-13.4425,72,400.717
1775442984716,798,1,-0.0114191,0.303728,1.13304,1.09923,1.06386,1.02732,0.04,-13.4425,-7.25635,81,350
1775442984808,799,1,-0.0124852,0.312573,1.07436,1.04303,1.01042,0.97685,0.04,-7.25635,-7.43004,80,350
1775442984901,800,1,-0.012761,0.314489,1.06685,1.03575,1.00341,0.970142,0.04,-7.43004,-7.46391,80,350
1775442984993,801,1,-0.0135435,0.319405,1.04532,1.01496,0.983463,0.951118,0.04,-7.46391,-7.54586,80,350
1775442985083,802,1,-0.0130542,0.319092,1.05351,1.0227,0.990723,0.957885,0.04,-7.54586,-7.57007,80,350
1775442985183,803,1,-0.0130614,0.32026,1.0501,1.01937,0.987487,0.95476,0.04,-7.57007,-7.60163,79,350
1775442985281,804,1,-0.0141072,0.331394,0.990972,0.962562,0.933246,0.903268,0.04,-7.60163,-7.83877,78,350
1775442985372,805,1,-0.0137976,0.3327,0.993954,0.965244,0.935628,0.905357,0.04,-7.83877,-7.89512,78,350
1775442985461,806,1,-0.0143858,0.342263,0.957556,0.930051,0.901788,0.872985,0.04,-7.89512,-8.11824,77,350
1775442985553,807,1,-0.0141387,0.346831,0.947914,0.920549,0.892476,0.863905,0.04,-8.11824,-8.26024,76,350
1775442985661,808,1,-0.0146539,0.35274,0.912506,0.88666,0.860207,0.833333,0.04,-8.26024,-8.3894,76,350
1775442985764,809,1,-0.0149029,0.359035,0.877993,0.853577,0.828647,0.803364,0.04,-8.3894,-8.54725,75,350
1775442985868,810,1,-0.0144329,0.36666,0.826486,0.804322,0.781755,0.758914,0.04,-8.54725,-8.79307,73,350
1775442985965,811,1,-0.0139209,0.371979,0.788964,0.768426,0.747554,0.726456,0.04,-8.79307,-8.97751,72,350
1775442986065,812,1,-0.013261,0.37924,0.737629,0.719265,0.700646,0.681857,0.04,-8.97751,-9.22658,72,350
1775442986178,813,1,-0.0123937,0.379977,0.726985,0.709107,0.690986,0.672703,0.04,-9.22658,-9.30792,72,350
1775442986270,814,1,-0.0129616,0.384101,0.67359,0.658047,0.642318,0.626461,0.04,-9.30792,-9.38774,72,350
1775442986373,815,1,-0.0128386,0.387003,0.63515,0.621208,0.607113,0.592913,0.04,-9.38774,-9.48015,72,350
1775442986478,816,1,-0.0122912,0.390578,0.573635,0.56214,0.550535,0.538851,0.04,-9.48015,-9.62337,72,350
1775442986592,817,1,-0.0121211,0.393797,0.516637,0.507222,0.497729,0.488178,0.04,-9.62337,-9.73035,72,350
1775442986690,818,1,-0.012187,0.397951,0.447068,0.43993,0.432742,0.425516,0.04,-9.73035,-9.84825,72,350
1775442986807,819,1,-0.0123362,0.400636,0.410146,0.404089,0.397995,0.391871,0.04,-9.84825,-9.91597,72,350
1775442986914,820,1,-0.0126771,0.404269,0.361787,0.357022,0.352232,0.347422,0.04,-9.91597,-9.99781,72,350
1775442987025,821,1,-0.0126062,0.408549,0.28202,0.279087,0.276143,0.273189,0.04,-9.99781,-10.1303,72,350
1775442987121,822,1,-0.0126001,0.411428,0.242505,0.240317,0.238123,0.235922,0.04,-10.1303,-10.2146,72,350
1775442987240,823,1,-0.0116685,0.410863,0.219798,0.218005,0.216206,0.214402,0.04,-10.2146,-10.2671,72,350
1775442987338,824,1,-0.011138,0.410499,0.161971,0.160999,0.160024,0.159047,0.04,-10.2671,-10.3027,72,350
1775442987432,825,1,-0.0109994,0.41299,0.125319,0.124733,0.124145,0.123557,0.04,-10.3027,-10.3853,72,350
1775442987537,826,1,-0.0107719,0.41258,0.0922255,0.0919083,0.0915907,0.0912727,0.04,-10.3853,-10.3951,72,350
1775442987666,827,1,-0.00980793,0.409723,0.0539388,0.0538313,0.0537237,0.053616,0.04,-10.3951,-10.3904,72,350
1775442987776,828,1,-0.00905858,0.408114,0.00454656,0.0045458,0.00454504,0.00454428,0.04,-10.3904,-10.4064,72,350
1775442987899,829,1,-0.008391,0.406031,0.0370216,0.0370716,0.0371216,0.0371715,0.04,-10.4064,-10.391,72,350
1775442988013,830,1,-0.00889871,0.409208,0.123829,0.124394,0.124957,0.12552,0.04,-10.391,-10.4278,72,350
1775442988154,831,1,-0.00382685,0.388709,0.0963362,0.0966562,0.0969755,0.097294,0.04,-10.4278,-10.2283,72,350
1775442988244,832,1,-0.00197746,0.378519,0.0996339,0.0999648,0.100295,0.100624,0.04,-10.2283,-10.08,72,350
1775442988354,833,1,0.000835389,0.368118,0.0964623,0.0967619,0.0970607,0.0973585,0.04,-10.08,-9.99347,72,350
1775442988452,834,1,0.00513205,0.35724,0.102131,0.102455,0.102778,0.103099,0.04,-9.99347,-9.99507,72,350
1775442988541,835,1,0.00530896,0.345903,0.0946934,0.0949609,0.0952274,0.0954929,0.04,-9.99507,-9.70208,72,350
1775442988639,836,1,0.00531094,0.338515,0.0938757,0.0941318,0.0943869,0.0946411,0.04,-9.70208,-9.5026,72,350
1775442988756,837,1,0.00549253,0.332597,0.111329,0.111682,0.112033,0.112382,0.04,-9.5026,-9.35234,72,350
1775442988858,838,1,0.0065169,0.323923,0.111725,0.112069,0.112411,0.112752,0.04,-9.35234,-9.18853,72,350
1775442988971,839,1,0.00814575,0.310456,0.103312,0.103591,0.10387,0.104146,0.04,-9.18853,-8.93827,72,350
1775442989093,840,1,0.00864229,0.30194,0.104001,0.104276,0.104549,0.10482,0.04,-8.93827,-8.74224,74,350
1775442989240,841,1,0.0105275,0.287357,0.0958092,0.0960292,0.0962479,0.0964654,0.04,-8.74224,-8.47947,75,350
1775442989340,842,1,0.0115878,0.274588,0.0924214,0.0926158,0.092809,0.093001,0.04,-8.47947,-8.20804,77,350
1775442989452,843,1,0.0126893,0.262227,0.0882837,0.0884521,0.0886194,0.0887857,0.04,-8.20804,-7.95059,78,350
1775442989543,844,1,0.0142211,0.245786,0.0688518,0.0689472,0.069042,0.0691364,0.04,-7.95059,-7.61501,79,350
1775442989648,845,1,0.0142376,0.241025,0.0760378,0.0761516,0.0762646,0.076377,0.04,-7.61501,-7.48625,80,350
1775442989754,846,1,0.0148763,0.228926,0.0596497,0.0597159,0.0597818,0.0598473,0.04,-7.48625,-7.20594,81,350
1775442989865,847,1,0.0160082,0.212133,0.0300572,0.0300727,0.0300882,0.0301036,0.04,-7.20594,-6.83485,83,350
1775442989978,848,1,0.0170984,0.20088,0.023023,0.0230316,0.0230401,0.0230487,0.04,-6.83485,-6.60698,84,350
1775442990070,849,1,0.0177201,0.192587,0.0197771,0.0197831,0.0197892,0.0197952,0.04,-6.60698,-6.4262,84,350
1775442990176,850,1,0.0182684,0.183311,0.0109001,0.0109018,0.0109036,0.0109053,0.04,-6.4262,-6.21473,85,350
1775442990263,851,1,0.0185763,0.173906,0.00559437,0.00559481,0.00559524,0.00559568,0.04,-6.21473,-5.98258,86,350
1775442990374,852,1,0.0192645,0.16816,0.0035389,0.00353873,0.00353856,0.00353839,0.04,-5.98258,-5.87506,86,350
1775442990491,853,1,0.0204846,0.15843,0.0217068,0.0217009,0.0216949,0.0216889,0.04,-5.87506,-5.69338,87,350
1775442990597,854,1,0.0204663,0.149529,0.0238276,0.0238208,0.023814,0.0238072,0.04,-5.69338,-5.45117,87,350
1775442990699,855,1,0.020975,0.143207,0.0291572,0.0291475,0.0291378,0.029128,0.04,-5.45117,-5.31454,88,350
1775442990850,856,1,0.0215215,0.137761,0.0352242,0.0352107,0.035197,0.0351832,0.04,-5.31454,-5.20405,88,350
1775442990986,857,1,0.0221394,0.12983,0.0438545,0.0438347,0.0438147,0.0437946,0.04,-5.20405,-5.03096,89,350
1775442991082,858,1,0.0228635,0.122873,0.0536553,0.0536272,0.0535988,0.0535701,0.04,-5.03096,-4.89133,89,350
1775442991194,859,1,0.0224386,0.121366,0.0490689,0.0490457,0.0490223,0.0489987,0.04,-4.89133,-4.82197,89,350
1775442991296,860,1,0.0213274,0.119698,0.0444795,0.0444608,0.0444418,0.0444227,0.04,-4.82197,-4.70091,90,350
1775442991406,861,1,0.0211681,0.11668,0.0336699,0.0336594,0.0336489,0.0336382,0.04,-4.70091,-4.61005,90,350
1775442991510,862,1,0.0219603,0.112023,0.0433576,0.0433409,0.0433241,0.0433071,0.04,-4.61005,-4.5373,90,350
1775442991611,863,1,0.0213708,0.112548,0.0346855,0.0346748,0.034664,0.0346532,0.04,-4.5373,-4.51216,90,350
1775442991727,864,1,0.0218561,0.106771,0.040751,0.0407369,0.0407228,0.0407085,0.04,-4.51216,-4.38855,90,350
1775442991822,865,1,0.0226262,0.101841,0.0526446,0.0526222,0.0525996,0.0525767,0.04,-4.38855,-4.30656,90,350
1775442991948,866,1,0.0218424,0.101529,0.0461716,0.0461545,0.0461371,0.0461196,0.04,-4.30656,-4.24501,91,350
1775442992055,867,1,0.0223246,0.0933168,0.0628902,0.062861,0.0628313,0.062801,0.04,-4.24501,-4.0537,91,350
1775442992167,868,1,0.0229688,0.090542,0.0638521,0.0638228,0.0637931,0.0637628,0.04,-4.0537,-4.02296,91,350
1775442992258,869,1,0.0236706,0.0809916,0.0983403,0.0982779,0.0982137,0.0981476,0.04,-4.02296,-3.80781,92,350
1775442992359,870,1,0.0243347,0.0751775,0.113886,0.113808,0.113727,0.113644,0.04,-3.80781,-3.694,92,350
1775442992469,871,1,0.0252138,0.0689928,0.135075,0.134974,0.134868,0.134757,0.04,-3.694,-3.58414,92,350
1775442992591,872,1,0.0259963,0.0629191,0.157082,0.156957,0.156824,0.156683,0.04,-3.58414,-3.47049,92,350
1775442992695,873,1,4.24601,-1.53456,0.00446382,0.00589215,0.00800064,0.0112472,0.04,-3.47049,-28,72,400.717
1775442992814,874,1,0.416991,-0.92344,0.777663,0.889379,1.01924,1.16971,0.04,-28,-3.64123,92,400.717
1775442992942,875,1,0.436522,-0.97544,0.701239,0.811322,0.941874,1.09656,0.04,-3.64123,-3.59392,92,400.717
1775442993048,876,1,0.405973,-0.933152,0.771594,0.885583,1.01879,1.174,0.04,-3.59392,-2.61753,94,400.717
1775442993160,877,1,0.0164597,0.193864,0.744885,0.753169,0.760669,0.767344,0.04,-2.61753,-6.25597,85,420.281
1775442993263,878,1,0.304283,-0.737682,1.01055,1.1128,1.22386,1.34343,0.04,-6.25597,-0.857551,96,420.281
1775442993376,879,1,0.345305,-0.864099,0.929564,1.06015,1.21009,1.38112,0.04,-0.857551,-0.26592,97,420.281
1775442993472,880,1,0.33921,-0.862805,0.944656,1.07906,1.2336,1.41006,0.04,-0.26592,0.124221,97,420.281
1775442993577,881,1,0.32342,-0.842186,0.993556,1.13248,1.29127,1.4713,0.04,0.124221,0.665678,98,420.281
1775442993688,882,1,0.307807,-0.819139,1.04505,1.18766,1.34948,1.53134,0.04,0.665678,1.12907,98,420.281
1775442993787,883,1,0.298742,-0.807923,1.08053,1.22769,1.39423,1.58076,0.04,1.12907,1.45892,99,420.281
1775442993887,884,1,0.287764,-0.793143,1.12791,1.281,1.45364,1.64605,0.04,1.45892,1.82665,99,420.281
1775442993998,885,1,0.27515,-0.771635,1.17841,1.33457,1.50935,1.70244,0.04,1.82665,2.12409,100,420.281
1775442994111,886,1,0.25968,-0.745717,1.24731,1.40875,1.58787,1.78363,0.04,2.12409,2.50309,100,420.281
1775442994225,887,1,0.249245,-0.726461,1.30139,1.46705,1.64962,1.8475,0.04,2.50309,2.71217,101,420.281
1775442994339,888,1,0.233419,-0.691712,1.36877,1.53345,1.71232,1.903,0.04,2.71217,2.87331,101,420.281
1775442994448,889,1,0.216239,-0.654657,1.44914,1.61406,1.7904,1.97497,0.04,2.87331,3.06812,101,420.281
1775442994546,890,1,0.204248,-0.62399,1.51032,1.67352,1.84566,2.02296,0.04,3.06812,3.07406,101,420.281
1775442994651,891,1,0.19036,-0.589902,1.57112,1.73031,1.89554,2.06261,0.04,3.07406,3.11732,101,420.281
1775442994763,892,1,0.174916,-0.547059,1.62995,1.78014,1.93277,2.08342,0.04,3.11732,3.0289,101,420.281
1775442994881,893,1,0.157861,-0.493891,1.67834,1.81314,1.94639,2.0739,0.04,3.0289,2.76854,101,495.996
1775442994976,894,1,0.133121,-0.413393,1.69461,1.80008,1.89985,1.99069,0.04,2.76854,2.28973,100,466.164
1775442995081,895,1,0.124444,-0.38525,1.70026,1.7965,1.88599,1.96582,0.04,2.28973,2.12491,100,455.424
1775442995209,896,1,0.108448,-0.329305,1.6805,1.75683,1.82525,1.88362,0.04,2.12491,1.70578,99,437.933
1775442995319,897,1,0.0945652,-0.277513,1.6293,1.68717,1.73707,1.77756,0.04,1.70578,1.24919,98,423.87
1775442995444,898,1,0.0803943,-0.225061,1.56828,1.6099,1.64398,1.66962,0.04,1.24919,0.794156,98,409.701
1775442995563,899,1,0.0632739,-0.156023,1.46068,1.48417,1.50133,1.51176,0.04,0.794156,0.0866833,97,393.769
1775442995672,900,1,0.0521099,-0.111383,1.3906,1.4049,1.41369,1.41677,0.04,0.0866833,-0.36345,97,382.579
1775442995767,901,1,0.042695,-0.0723548,1.31594,1.32345,1.3263,1.32441,0.04,-0.36345,-0.782448,96,373.378
1775442995874,902,1,0.0303795,-0.0199169,1.15862,1.15913,1.15648,1.15072,0.04,-0.782448,-1.37653,95,363.598
1775442995989,903,1,0.0272425,-0.000768125,1.11665,1.11532,1.11118,1.10429,0.04,-1.37653,-1.68471,95,361.496
1775442996107,904,1,0.0252784,0.0155483,1.10339,1.10055,1.09504,1.0869,0.04,-1.68471,-1.99281,95,359.91
1775442996203,905,1,0.0235819,0.0311191,1.09367,1.08945,1.08264,1.07331,0.04,-1.99281,-2.29864,94,358.861
1775442996308,906,1,0.0233376,0.0387554,1.09873,1.09374,1.08615,1.07602,0.04,-2.29864,-2.48772,94,357.552
1775442996423,907,1,0.0230534,0.0464378,1.09936,1.09364,1.08532,1.0745,0.04,-2.48772,-2.67595,94,357.311
1775442996524,908,1,0.024093,0.0505952,1.13739,1.1308,1.12135,1.10914,0.04,-2.67595,-2.85456,93,356.77
1775442996635,909,1,0.0241947,0.0563243,1.14879,1.14147,1.13121,1.11813,0.04,-2.85456,-3.01496,93,356.498
1775442996726,910,1,0.023488,0.0666997,1.1489,1.1405,1.12919,1.1151,0.04,-3.01496,-3.24702,93,356.24
1775442996840,911,1,0.0242179,0.0676964,1.17236,1.16348,1.15151,1.1366,0.04,-3.24702,-3.32094,92,355.663
1775442996952,912,1,0.0240877,0.0754209,1.18974,1.17972,1.16649,1.15023,0.04,-3.32094,-3.51848,92,355.705
1775442997052,913,1,0.0246093,0.0806589,1.21954,1.20836,1.19374,1.17589,0.04,-3.51848,-3.69193,92,355.871
1775442997152,914,1,0.0244504,0.0868534,1.23079,1.21864,1.20299,1.18406,0.04,-3.69193,-3.84704,91,355.789
1775442997270,915,1,0.0247749,0.0915046,1.25076,1.23762,1.22081,1.20061,0.04,-3.84704,-3.99247,91,355.812
1775442997372,916,1,0.0248962,0.0982883,1.26472,1.2504,1.23233,1.2108,0.04,-3.99247,-4.18249,91,356.126
1775442997480,917,1,0.0258565,0.102066,1.30504,1.28922,1.26931,1.24564,0.04,-4.18249,-4.34526,90,357.192
1775442997588,918,1,0.0256827,0.108889,1.30828,1.29146,1.27055,1.2459,0.04,-4.34526,-4.51758,90,357.726
1775442997693,919,1,0.0226469,0.128941,1.22931,1.21215,1.19168,1.16819,0.04,-4.51758,-4.86226,89,356.381
1775442997799,920,1,0.0259109,0.119532,1.3432,1.32388,1.30022,1.27261,0.04,-4.86226,-4.81661,89,359.147
1775442997902,921,1,0.0256839,0.128932,1.34308,1.32241,1.29746,1.26865,0.04,-4.81661,-5.0555,89,360.043
1775442998010,922,1,0.0260564,0.133619,1.36058,1.33865,1.3123,1.28199,0.04,-5.0555,-5.2057,88,360.378
1775442998114,923,1,0.0271282,0.135945,1.39081,1.36748,1.33945,1.30725,0.04,-5.2057,-5.33845,88,360.386
1775442998223,924,1,0.0269034,0.142645,1.39613,1.37157,1.34231,1.30889,0.04,-5.33845,-5.50365,87,360.364
1775442998359,925,1,0.0283412,0.144081,1.44276,1.4162,1.38449,1.34826,0.04,-5.50365,-5.63532,87,360.551
1775442998473,926,1,0.0306368,0.142938,1.51975,1.49033,1.45492,1.41429,0.04,-5.63532,-5.75221,87,359.958
1775442998564,927,1,0.0311601,0.14717,1.55387,1.52222,1.48424,1.44078,0.04,-5.75221,-5.89832,86,360.134
1775442998675,928,1,0.0316525,0.148878,1.5797,1.54659,1.50686,1.46143,0.04,-5.89832,-5.97508,86,360.136
1775442998807,929,1,0.0329197,0.151838,1.60963,1.57457,1.53256,1.48461,0.04,-5.97508,-6.13872,85,360.415
1775442998951,930,1,0.0324338,0.161423,1.6152,1.57786,1.53363,1.48359,0.04,-6.13872,-6.3642,85,360.833
1775442999061,931,1,0.0305595,0.179367,1.57398,1.53497,1.48982,1.43955,0.04,-6.3642,-6.72662,83,360.986
1775442999204,932,1,0.0309054,0.185514,1.58612,1.54522,1.49812,1.4459,0.04,-6.72662,-6.9155,82,362.405
1775442999339,933,1,0.0302793,0.194949,1.57556,1.53328,1.48506,1.43198,0.04,-6.9155,-7.12938,82,363.649
1775442999455,934,1,0.0288283,0.209556,1.50917,1.46771,1.42119,1.37057,0.04,-7.12938,-7.43382,80,365.442
1775442999571,935,1,0.0277043,0.218674,1.49041,1.44829,1.40141,1.35072,0.04,-7.43382,-7.60581,79,367.034
1775442999672,936,1,0.0274096,0.225102,1.51315,1.46844,1.41886,1.36543,0.04,-7.60581,-7.75666,79,368.904
1775442999786,937,1,0.0273927,0.227199,1.55754,1.50965,1.45652,1.3993,0.04,-7.75666,-7.80652,79,370.915
1775442999877,938,1,0.0264653,0.233665,1.59924,1.54725,1.48975,1.42803,0.04,-7.80652,-7.91235,78,372.73
1775442999970,939,1,0.0265135,0.238241,1.582,1.53017,1.47308,1.41197,0.04,-7.91235,-8.04192,77,372.433
1775443000092,940,1,0.0260604,0.24091,1.71554,1.65363,1.58521,1.51201,0.04,-8.04192,-8.06598,77,370.224
1775443000185,941,1,0.0226659,0.255508,1.74451,1.67656,1.6022,1.52331,0.04,-8.06598,-8.22382,76,370.217
1775443000285,942,1,0.0194168,0.270051,1.61208,1.55094,1.48493,1.41551,0.04,-8.22382,-8.4104,75,372.733
1775443000416,943,1,0.019392,0.270987,1.54847,1.49195,1.43109,1.36713,0.04,-8.4104,-8.44212,75,377.772
1775443000525,944,1,0.0137111,0.301143,1.1895,1.15254,1.11377,1.07366,0.04,-8.44212,-8.91351,73,378.594
1775443000621,945,1,0.0108996,0.315279,1.02228,0.993672,0.963965,0.933426,0.04,-8.91351,-9.1245,72,378.476
1775443000733,946,1,0.00951129,0.320703,0.960887,0.935159,0.908535,0.881226,0.04,-9.1245,-9.18388,72,378.926
1775443000843,947,1,0.00755358,0.32878,0.889894,0.86723,0.843879,0.82,0.04,-9.18388,-9.27705,72,378.418
1775443000962,948,1,0.00845313,0.322923,0.928667,0.904464,0.879456,0.853831,0.04,-9.27705,-9.17537,72,378.188
1775443001071,949,1,0.00793602,0.318955,0.971388,0.94525,0.918177,0.890391,0.04,-9.17537,-9.02644,72,378.943
1775443001192,950,1,0.00885028,0.308023,1.02703,0.998885,0.96958,0.93938,0.04,-9.02644,-8.7861,73,379.182
1775443001308,951,1,0.00851903,0.304069,1.05492,1.02563,0.995058,0.963501,0.04,-8.7861,-8.65242,74,379.211
1775443001419,952,1,0.00864691,0.298867,1.07828,1.04824,1.01679,0.984261,0.04,-8.65242,-8.51726,75,379.396
1775443001582,953,1,0.00822551,0.295454,1.10944,1.07801,1.04503,1.01086,0.04,-8.51726,-8.39155,76,379.401
1775443001691,954,1,0.0122015,0.262418,1.43658,1.38967,1.33908,1.28573,0.04,-8.39155,-7.72798,79,379.872
1775443001799,955,1,0.0135527,0.250015,1.52885,1.47813,1.42283,1.36407,0.04,-7.72798,-7.47327,80,379.53
1775443001911,956,1,0.0129025,0.24258,1.64881,1.59136,1.5281,1.46052,0.04,-7.47327,-7.21152,81,379.846
1775443002038,957,1,0.0133594,0.236249,1.70194,1.64221,1.57599,1.50494,0.04,-7.21152,-7.06465,82,380.576
1775443002137,958,1,0.0156188,0.216476,1.91068,1.84097,1.76174,1.67546,0.04,-7.06465,-6.65821,83,381.167
1775443002231,959,1,0.0150098,0.219127,1.91378,1.84302,1.76278,1.67557,0.04,-6.65821,-6.6876,83,381.704
1775443002336,960,1,0.0140323,0.223234,1.90727,1.83575,1.75496,1.66741,0.04,-6.6876,-6.73237,83,382.77
1775443002443,961,1,0.0142029,0.221056,1.99388,1.9162,1.82798,1.7322,0.04,-6.73237,-6.67442,83,383.943
1775443002552,962,1,0.0123175,0.233565,1.88199,1.8093,1.72801,1.64054,0.04,-6.67442,-6.89734,83,385.843
1775443002646,963,1,0.0108372,0.242463,1.82944,1.75832,1.6795,1.5952,0.04,-6.89734,-7.04301,82,386.39
1775443002776,964,1,0.00876804,0.258959,1.70016,1.63483,1.5636,1.48821,0.04,-7.04301,-7.36356,81,388.481
1775443002886,965,1,0.0046446,0.286324,1.42359,1.37316,1.31952,1.26361,0.04,-7.36356,-7.85571,78,390.421
1775443003000,966,1,0.00277894,0.299993,1.29001,1.24662,1.20096,1.15366,0.04,-7.85571,-8.11445,77,393.151
1775443003115,967,1,-0.00273598,0.330011,0.984329,0.956434,0.92764,0.898186,0.04,-8.11445,-8.58721,74,395.805
1775443003240,968,1,-0.0142512,0.400824,0.214678,0.21302,0.211357,0.209688,0.04,-8.58721,-9.81817,72,396.63
1775443003337,969,1,-0.0153887,0.406921,0.237099,0.235037,0.232968,0.230893,0.04,-9.81817,-9.90106,72,400.704
1775443003470,970,1,-0.0157726,0.410044,0.206487,0.204908,0.203325,0.201737,0.04,-9.90106,-9.96365,72,400.886
1775443003584,971,1,-0.0182089,0.41864,0.0863522,0.0860688,0.085785,0.085501,0.04,-9.96365,-10.0464,72,402.179
1775443003696,972,1,-0.0215546,0.430619,0.0151127,0.0151217,0.0151308,0.0151398,0.04,-10.0464,-10.1505,72,406.059
1775443003806,973,1,-0.0229129,0.434525,0.0134722,0.013465,0.0134577,0.0134505,0.04,-10.1505,-10.1626,72,408.321
1775443003916,974,1,-0.0241516,0.437766,0.000872105,0.000872074,0.000872043,0.000872013,0.04,-10.1626,-10.1667,72,410.51
1775443004051,975,1,-0.0227314,0.426141,0.167083,0.165997,0.164908,0.163818,0.04,-10.1667,-9.92458,72,412.235
1775443004188,976,1,-0.0174155,0.388872,0.69513,0.678322,0.661326,0.644208,0.04,-9.92458,-9.20634,72,414.331
1775443004336,977,1,-0.0149481,0.370858,0.945769,0.91631,0.886305,0.855973,0.04,-9.20634,-8.85503,73,415.03
1775443004456,978,1,-0.0131848,0.358155,1.09559,1.05757,1.01863,0.979132,0.04,-8.85503,-8.61299,74,414.403
1775443004583,979,1,-0.0132943,0.354417,1.11895,1.07976,1.03955,0.998726,0.04,-8.61299,-8.50115,75,413.959
1775443004698,980,1,-0.0111597,0.339969,1.24469,1.19836,1.15048,1.10166,0.04,-8.50115,-8.24099,76,414.186
1775443004817,981,1,-0.0109962,0.335717,1.29965,1.24981,1.19816,1.14543,0.04,-8.24099,-8.13002,77,414.016
1775443004926,982,1,-0.00982017,0.326503,1.35565,1.30302,1.24823,1.19208,0.04,-8.13002,-7.95447,78,412.897
1775443005016,983,1,-0.0117019,0.333305,1.2379,1.19309,1.14666,1.0992,0.04,-7.95447,-8.02389,77,411.45
1775443005114,984,1,-0.0122645,0.333792,1.22007,1.17648,1.13134,1.0852,0.04,-8.02389,-8.00055,78,411.241
1775443005246,985,1,-0.0104891,0.31893,1.42517,1.36842,1.30905,1.24804,0.04,-8.00055,-7.69437,79,411.976
1775443005405,986,1,-0.00948418,0.307978,1.5704,1.50387,1.43368,1.36125,0.04,-7.69437,-7.44875,80,412.446
1775443005528,987,1,-0.0140419,0.334367,1.22296,1.17908,1.13364,1.08721,0.04,-7.44875,-7.89306,78,411.831
1775443005643,988,1,-0.0147468,0.340026,1.10921,1.07249,1.03463,0.996003,0.04,-7.89306,-8.0125,77,412.231
1775443005742,989,1,-0.0174388,0.355105,0.945872,0.917871,0.889218,0.860127,0.04,-8.0125,-8.25663,76,412.558
1775443005844,990,1,-0.0192841,0.367491,0.782684,0.762764,0.742499,0.721994,0.04,-8.25663,-8.48673,75,413.677
1775443005940,991,1,-0.0208652,0.379424,0.643739,0.629759,0.615601,0.601317,0.04,-8.48673,-8.71984,74,414.486
1775443006078,992,1,-0.0244211,0.400749,0.362481,0.35775,0.352993,0.348214,0.04,-8.71984,-9.09179,72,414.663
1775443006194,993,1,-0.029287,0.430472,0.0751372,0.0749146,0.0746919,0.074469,0.04,-9.09179,-9.60321,72,415.242
1775443006296,994,1,-0.0315272,0.443331,0.0572165,0.0573508,0.0574849,0.057619,0.04,-9.60321,-9.79899,72,415.98
1775443006411,995,1,-0.0339708,0.452646,0.13669,0.137478,0.138266,0.139053,0.04,-9.79899,-9.86929,72,417.094
1775443006533,996,1,-0.0332164,0.444849,0.0234509,0.0234735,0.0234962,0.0235188,0.04,-9.86929,-9.72888,72,419.66
1775443006649,997,1,-0.0321967,0.435428,0.0670589,0.0668789,0.0666988,0.0665186,0.04,-9.72888,-9.53777,72,420.98
1775443006781,998,1,-0.0296665,0.415318,0.312705,0.309021,0.305324,0.301617,0.04,-9.53777,-9.13123,72,423.659
1775443006893,999,1,-0.0251824,0.385324,0.679149,0.663287,0.647236,0.63106,0.04,-9.13123,-8.57661,75,426.439
1775443007010,1000,1,-0.0240124,0.377163,0.7315,0.713561,0.695365,0.676995,0.04,-8.57661,-8.42919,75,427.69
1775443007130,1001,1,-0.024772,0.379146,0.726569,0.708759,0.690704,0.672484,0.04,-8.42919,-8.43107,75,428.32
1775443007266,1002,1,-0.0247758,0.374181,0.797286,0.776161,0.754703,0.733023,0.04,-8.43107,-8.28671,76,430.052
1775443007411,1003,1,-0.023113,0.358732,1.02164,0.988547,0.954689,0.920352,0.04,-8.28671,-7.95307,78,432.289
1775443007520,1004,1,-0.0237333,0.357125,1.07269,1.03638,0.999176,0.961434,0.04,-7.95307,-7.85995,78,432.347
1775443007695,1005,1,-0.0255558,0.367063,0.945634,0.916539,0.886872,0.856852,0.04,-7.85995,-8.02001,77,431.417
1775443007804,1006,1,-0.0260593,0.364733,0.973726,0.943098,0.911834,0.880179,0.04,-8.02001,-7.91849,78,431.848
1775443007945,1007,1,-0.0258861,0.363439,0.999367,0.967228,0.9344,0.901151,0.04,-7.91849,-7.89198,78,431.732
1775443008053,1008,1,-0.0279826,0.376186,0.8523,0.827991,0.803293,0.778354,0.04,-7.89198,-8.11198,77,431.169
1775443008172,1009,1,-0.0287906,0.382626,0.78703,0.765887,0.744456,0.722846,0.04,-8.11198,-8.2394,76,431.047
1775443008310,1010,1,-0.0294801,0.389104,0.687082,0.67065,0.654036,0.637304,0.04,-8.2394,-8.38093,76,430.007
1775443008440,1011,1,-0.030402,0.399453,0.536291,0.525963,0.515555,0.505093,0.04,-8.38093,-8.61856,74,428.562
1775443008570,1012,1,-0.0301183,0.40205,0.45957,0.451928,0.444236,0.436508,0.04,-8.61856,-8.71952,74,427.656
1775443008713,1013,1,-0.030201,0.406558,0.408801,0.402671,0.396508,0.39032,0.04,-8.71952,-8.84313,73,426.589
1775443008842,1014,1,-0.0288796,0.405717,0.396849,0.391088,0.385295,0.379479,0.04,-8.84313,-8.91337,73,425.935
1775443008973,1015,1,-0.027942,0.403503,0.382886,0.37756,0.372206,0.366828,0.04,-8.91337,-8.9203,73,425.263
1775443009085,1016,1,-0.0278588,0.405794,0.274662,0.271905,0.269136,0.266357,0.04,-8.9203,-9.00411,72,423.632
1775443009221,1017,1,-0.0268564,0.40274,0.246653,0.244451,0.24224,0.240022,0.04,-9.00411,-8.995,72,422.478
1775443009355,1018,1,-0.02404,0.38675,0.40419,0.398562,0.392889,0.38718,0.04,-8.995,-8.73357,74,421.429
1775443009486,1019,1,-0.0222864,0.37427,0.51519,0.506395,0.4975,0.488523,0.04,-8.73357,-8.5009,75,420.134
1775443009612,1020,1,-0.0211899,0.366993,0.54898,0.539225,0.529339,0.519348,0.04,-8.5009,-8.37486,76,418.15
1775443009731,1021,1,-0.0202219,0.361218,0.552555,0.542858,0.53302,0.523068,0.04,-8.37486,-8.28496,76,416.026
1775443009860,1022,1,-0.0198926,0.358677,0.542533,0.533264,0.523859,0.514341,0.04,-8.28496,-8.24043,76,414.991
1775443010006,1023,1,-0.0190744,0.354228,0.529551,0.520852,0.512021,0.503079,0.04,-8.24043,-8.17848,77,413.708
1775443010132,1024,1,-0.0199338,0.356141,0.464309,0.457585,0.450772,0.443882,0.04,-8.17848,-8.18042,77,411.541
1775443010275,1025,1,-0.0204764,0.356895,0.396392,0.391484,0.38652,0.381506,0.04,-8.18042,-8.1734,77,409.381
1775443010398,1026,1,-0.0207712,0.35722,0.318609,0.315439,0.312238,0.309011,0.04,-8.1734,-8.17351,77,406.915
1775443010513,1027,1,-0.0211258,0.357877,0.261329,0.259193,0.257041,0.254873,0.04,-8.17351,-8.17546,77,404.566
1775443010632,1028,1,-0.0215449,0.357106,0.198273,0.197048,0.195815,0.194575,0.04,-8.17546,-8.13534,77,401.324
1775443010787,1029,1,-0.0213781,0.355536,0.131697,0.13116,0.13062,0.130079,0.04,-8.13534,-8.11471,77,398.323
1775443010922,1030,1,-0.0213378,0.354133,0.0595106,0.0594016,0.0592924,0.059183,0.04,-8.11471,-8.09084,77,394.358
1775443011088,1031,1,-0.0205604,0.348999,0.0500093,0.0499337,0.049858,0.0497821,0.04,-8.09084,-8.00724,78,392.762
1775443011231,1032,1,-0.0196323,0.340165,0.0319109,0.0318811,0.0318512,0.0318213,0.04,-8.00724,-7.83538,78,390.233
1775443011371,1033,1,-0.0197742,0.338093,0.00139317,0.00139312,0.00139306,0.001393,0.04,-7.83538,-7.77438,79,388.134
1775443011499,1034,1,-0.0174655,0.324052,0.0305699,0.0305441,0.0305182,0.0304923,0.04,-7.77438,-7.5496,80,387.833
1775443011647,1035,1,-0.0158673,0.312012,0.0496062,0.0495411,0.0494758,0.0494104,0.04,-7.5496,-7.33144,81,387.338
1775443011801,1036,1,-0.0148234,0.303334,0.0566192,0.0565371,0.0564547,0.0563721,0.04,-7.33144,-7.16777,81,386.262
1775443011931,1037,1,-0.0142426,0.29643,0.0459593,0.0459066,0.0458538,0.0458008,0.04,-7.16777,-7.02293,82,384.084
1775443012058,1038,1,-0.0130599,0.287185,0.0458939,0.0458432,0.0457924,0.0457415,0.04,-7.02293,-6.85465,83,381.786
1775443012184,1039,1,-0.0123738,0.282527,0.0322452,0.0322207,0.0321961,0.0321715,0.04,-6.85465,-6.77823,83,380.253
1775443012302,1040,1,-0.01113,0.274561,0.0307572,0.0307356,0.0307139,0.0306922,0.04,-6.77823,-6.64898,83,379.065
1775443012449,1041,1,-0.0102249,0.269198,0.0306337,0.0306127,0.0305917,0.0305707,0.04,-6.64898,-6.56649,84,378.238
1775443012594,1042,1,-0.0092404,0.262995,0.010715,0.0107125,0.01071,0.0107075,0.04,-6.56649,-6.46993,84,376.896
1775443012734,1043,1,-0.00747599,0.255199,0.00565023,0.00564956,0.00564889,0.00564822,0.04,-6.46993,-6.38176,84,375.901
1775443012886,1044,1,-0.00691108,0.251088,0.00448099,0.00448141,0.00448182,0.00448224,0.04,-6.38176,-6.30982,85,374.136
1775443013024,1045,1,-0.00620643,0.246976,0.0232425,0.0232534,0.0232643,0.0232752,0.04,-6.30982,-6.24432,85,372.822
1775443013157,1046,1,-0.00599826,0.242906,0.0344064,0.0344299,0.0344534,0.0344768,0.04,-6.24432,-6.1469,85,371.542
1775443013294,1047,1,-0.00552156,0.239637,0.0458513,0.0458925,0.0459335,0.0459744,0.04,-6.1469,-6.0896,85,371.023
1775443013421,1048,1,-0.0044827,0.234745,0.0615888,0.0616613,0.0617335,0.0618053,0.04,-6.0896,-6.02656,86,369.699
1775443013565,1049,1,-0.00301474,0.228134,0.0576677,0.0577294,0.0577907,0.0578517,0.04,-6.02656,-5.9498,86,368.4
1775443013680,1050,1,-0.00222654,0.224753,0.0766396,0.0767467,0.076853,0.0769585,0.04,-5.9498,-5.90978,86,367.113
1775443013815,1051,1,-0.00190736,0.222539,0.0838757,0.0840025,0.0841283,0.0842531,0.04,-5.90978,-5.8708,86,366.373
1775443013929,1052,1,-0.000795538,0.215163,0.0891611,0.0892992,0.0894361,0.0895718,0.04,-5.8708,-5.74734,87,365.353
1775443014058,1053,1,-0.000517547,0.212111,0.0974697,0.0976321,0.0977929,0.0979521,0.04,-5.74734,-5.68269,87,365.214
1775443014197,1054,1,0.000452865,0.205068,0.0968036,0.0969581,0.097111,0.0972622,0.04,-5.68269,-5.55939,87,363.904
1775443014326,1055,1,0.00193586,0.196496,0.0933935,0.0935308,0.0936667,0.0938012,0.04,-5.55939,-5.43059,88,362.924
1775443014474,1056,1,0.00237694,0.194093,0.101009,0.101167,0.101324,0.101479,0.04,-5.43059,-5.39485,88,362.49
1775443014611,1057,1,0.00355879,0.187284,0.101336,0.10149,0.101641,0.101791,0.04,-5.39485,-5.29231,88,361.408
1775443014748,1058,1,0.00451584,0.181167,0.10799,0.108159,0.108324,0.108488,0.04,-5.29231,-5.19197,88,360.498
1775443014870,1059,1,0.00647821,0.171235,0.0902215,0.0903322,0.0904416,0.0905496,0.04,-5.19197,-5.06178,89,359.818
1775443015007,1060,1,0.00757414,0.165562,0.0874214,0.0875218,0.0876209,0.0877188,0.04,-5.06178,-4.98451,89,360.235
1775443015160,1061,1,0.00834342,0.160361,0.0883726,0.0884718,0.0885697,0.0886662,0.04,-4.98451,-4.89688,89,360.201
1775443015336,1062,1,0.00993901,0.153074,0.0811609,0.0812406,0.0813193,0.081397,0.04,-4.89688,-4.81118,89,359.658
1775443015471,1063,1,0.0119454,0.143041,0.0772834,0.0773508,0.0774172,0.0774828,0.04,-4.81118,-4.67908,90,358.855
1775443015615,1064,1,0.0130476,0.137718,0.0750726,0.0751337,0.075194,0.0752535,0.04,-4.67908,-4.6116,90,358.609
1775443015757,1065,1,0.014672,0.128807,0.0594101,0.0594459,0.0594812,0.0595162,0.04,-4.6116,-4.48534,90,358.213
1775443015887,1066,1,0.0156155,0.123313,0.0660939,0.0661362,0.0661779,0.066219,0.04,-4.48534,-4.40091,90,357.832
1775443016011,1067,1,0.0158574,0.121027,0.0729231,0.0729735,0.0730232,0.0730721,0.04,-4.40091,-4.35469,90,357.582
1775443016122,1068,1,0.0175892,0.110455,0.0503466,0.0503685,0.0503902,0.0504116,0.04,-4.35469,-4.19208,91,357.658
1775443016271,1069,1,0.0171235,0.111017,0.0681752,0.0682155,0.0682552,0.0682944,0.04,-4.19208,-4.17226,91,357.808
1775443016405,1070,1,0.0190135,0.100877,0.050161,0.0501809,0.0502005,0.0502198,0.04,-4.17226,-4.0315,91,357.809
1775443016537,1071,1,0.0181248,0.100667,0.0644256,0.0644582,0.0644903,0.0645218,0.04,-4.0315,-3.9622,91,357.618
1775443016657,1072,1,0.0191811,0.09428,0.0590137,0.0590393,0.0590645,0.0590893,0.04,-3.9622,-3.86332,91,357.512
1775443016783,1073,1,0.0200002,0.089343,0.0562734,0.0562955,0.0563171,0.0563385,0.04,-3.86332,-3.78682,92,357.588
1775443016943,1074,1,0.0203968,0.0862152,0.0566786,0.0567001,0.0567213,0.0567422,0.04,-3.78682,-3.72958,92,357.324
1775443017089,1075,1,0.0210399,0.0807417,0.0531112,0.0531289,0.0531463,0.0531635,0.04,-3.72958,-3.62659,92,357.089
1775443017228,1076,1,0.0209663,0.0776311,0.0539274,0.0539449,0.0539622,0.0539791,0.04,-3.62659,-3.53729,92,356.98
1775443017369,1077,1,0.0217395,0.0714133,0.0430984,0.0431087,0.0431188,0.0431288,0.04,-3.53729,-3.4243,92,356.63
1775443017501,1078,1,0.0216894,0.0688869,0.0476997,0.0477119,0.0477239,0.0477356,0.04,-3.4243,-3.35181,92,356.494
1775443017645,1079,1,0.0218629,0.0659056,0.0476442,0.0476558,0.0476672,0.0476784,0.04,-3.35181,-3.2832,93,356.203
1775443017805,1080,1,0.0219806,0.0636914,0.0511877,0.0512006,0.0512133,0.0512257,0.04,-3.2832,-3.2309,93,355.813
1775443017938,1081,1,0.0223628,0.0584116,0.0498337,0.049845,0.0498559,0.0498667,0.04,-3.2309,-3.11479,93,354.871
1775443018091,1082,1,0.0224034,0.0563526,0.0508798,0.050891,0.050902,0.0509128,0.04,-3.11479,-3.06175,93,354.592
1775443018231,1083,1,0.0223466,0.0528544,0.046712,0.0467209,0.0467296,0.0467381,0.04,-3.06175,-2.96394,93,353.824
1775443018374,1084,1,0.0233746,0.0470112,0.0349973,0.0350018,0.0350062,0.0350104,0.04,-2.96394,-2.8788,93,353.24
1775443018523,1085,1,0.0235844,0.0449376,0.0391347,0.0391401,0.0391452,0.0391503,0.04,-2.8788,-2.83656,93,353.236
1775443018669,1086,1,0.0234468,0.0431479,0.0436387,0.043645,0.0436512,0.0436572,0.04,-2.83656,-2.77796,93,353.125
1775443018796,1087,1,0.023943,0.0383478,0.0341465,0.03415,0.0341533,0.0341566,0.04,-2.77796,-2.68398,94,352.69
1775443018931,1088,1,0.0240131,0.0355134,0.0324279,0.0324308,0.0324336,0.0324364,0.04,-2.68398,-2.61246,94,352.638
1775443019043,1089,1,0.0236316,0.0338428,0.0404012,0.0404055,0.0404096,0.0404135,0.04,-2.61246,-2.5397,94,352.067
1775443019175,1090,1,0.0238664,0.0308978,0.035945,0.035948,0.035951,0.0359539,0.04,-2.5397,-2.477,94,352.205
1775443019313,1091,1,0.0240017,0.0282371,0.03445,0.0344526,0.0344551,0.0344575,0.04,-2.477,-2.41465,94,352.012
1775443019438,1092,1,0.0239989,0.0246453,0.0301878,0.0301895,0.0301912,0.0301928,0.04,-2.41465,-2.31805,94,352.135
1775443019574,1093,1,0.0237694,0.0224197,0.0311873,0.031189,0.0311906,0.0311921,0.04,-2.31805,-2.24188,94,351.762
1775443019708,1094,1,0.0236827,0.0189977,0.0296656,0.0296668,0.0296681,0.0296692,0.04,-2.24188,-2.14364,94,351.641
1775443019830,1095,1,0.0237535,0.014745,0.0190702,0.0190706,0.019071,0.0190714,0.04,-2.14364,-2.03525,94,351.351
1775443020003,1096,1,0.0231427,0.0142451,0.0255392,0.0255399,0.0255406,0.0255412,0.04,-2.03525,-1.97853,95,351.148
1775443020152,1097,1,0.0236819,0.00832858,0.00701195,0.00701198,0.00701201,0.00701204,0.04,-1.97853,-1.85876,95,351.133
1775443020281,1098,1,0.0233354,0.00520591,0.00400172,0.00400172,0.00400173,0.00400173,0.04,-1.85876,-1.75091,95,351.638
1775443020440,1099,1,0.0236798,0.00112104,0.00802389,0.00802389,0.00802388,0.00802387,0.04,-1.75091,-1.66361,95,352.366
1775443020565,1100,1,0.0237755,-0.00388169,0.0249676,0.0249678,0.0249679,0.024968,0.04,-1.66361,-1.53231,95,352.525
1775443020686,1101,1,0.0231098,-0.00399504,0.0133757,0.0133758,0.0133758,0.0133758,0.04,-1.53231,-1.48511,95,352.56
1775443020821,1102,1,0.0228783,-0.00658898,0.0214033,0.0214035,0.0214037,0.0214039,0.04,-1.48511,-1.39774,95,352.558
1775443020933,1103,1,0.0225248,-0.00749347,0.0193264,0.0193266,0.0193268,0.019327,0.04,-1.39774,-1.34921,95,352.614
1775443021035,1104,1,0.0203285,-0.0012487,0.0106708,0.0106708,0.0106708,0.0106708,0.04,-1.34921,-1.36778,95,352.881
1775443021148,1105,1,0.0208398,-0.00674143,0.00220938,0.00220938,0.00220938,0.00220939,0.04,-1.36778,-1.25596,96,352.798
1775443021286,1106,1,0.0203758,-0.00745721,0.00369605,0.00369606,0.00369607,0.00369608,0.04,-1.25596,-1.20433,96,352.559
1775443021420,1107,1,0.0225115,-0.0221159,0.101396,0.101412,0.101427,0.10144,0.04,-1.20433,-0.940032,96,353.683
1775443021524,1108,1,0.0286743,-0.0591301,0.359298,0.359849,0.360306,0.360668,0.04,-0.940032,-0.323717,97,356.134
1775443021642,1109,1,0.032707,-0.0819145,0.519602,0.521196,0.522508,0.523533,0.04,-0.323717,0.0395538,97,357.183
1775443021756,1110,1,0.0348466,-0.0969528,0.63945,0.642307,0.644637,0.646431,0.04,0.0395538,0.317671,97,358.293
1775443021872,1111,1,0.0343925,-0.0970996,0.653816,0.656802,0.659225,0.661073,0.04,0.317671,0.355345,97,358.078
1775443022015,1112,1,0.0329992,-0.0918095,0.627336,0.629928,0.632023,0.633611,0.04,0.355345,0.304227,97,357.478
1775443022134,1113,1,0.0318826,-0.0893037,0.634061,0.636626,0.638677,0.640204,0.04,0.304227,0.314598,97,356.198
1775443022252,1114,1,0.0293583,-0.0776589,0.553196,0.55489,0.556241,0.557246,0.04,0.314598,0.161038,97,354.496
1775443022386,1115,1,0.0172586,-0.0198319,0.191826,0.191876,0.191911,0.191932,0.04,0.161038,-0.624766,96,348.957
1775443022487,1116,1,0.0102544,0.0157794,0.0775866,0.0775936,0.0775996,0.0776046,0.04,-0.624766,-1.12208,96,345.035
1775443022615,1117,1,0.00908656,0.0213087,0.127558,0.127583,0.127604,0.12762,0.04,-1.12208,-1.18299,96,345.099
1775443022738,1118,1,0.00751813,0.0277652,0.183984,0.184051,0.184106,0.184148,0.04,-1.18299,-1.2403,96,344.799
1775443022852,1119,1,0.00881559,0.0207373,0.162569,0.162608,0.162637,0.162658,0.04,-1.2403,-1.14332,96,345.8
1775443022978,1120,1,0.0118865,0.00638089,0.118142,0.118147,0.118149,0.118148,0.04,-1.14332,-0.974245,96,346.673
1775443023089,1121,1,0.0109947,0.00610283,0.122342,0.122347,0.122349,0.122347,0.04,-0.974245,-0.904519,96,347.395
1775443023237,1122,1,0.0118857,0.00129401,0.106377,0.106377,0.106374,0.106369,0.04,-0.904519,-0.838559,96,347.244
1775443023338,1123,1,0.0130239,-0.00618145,0.0768703,0.076867,0.0768628,0.0768576,0.04,-0.838559,-0.719741,96,346.999
1775443023455,1124,1,0.0136967,-0.01175,0.055152,0.0551491,0.0551458,0.0551421,0.04,-0.719741,-0.619092,96,347.701
1775443023555,1125,1,0.0134994,-0.0132948,0.047906,0.0479035,0.0479008,0.0478979,0.04,-0.619092,-0.564848,96,347.981
1775443023678,1126,1,0.0146127,-0.0210518,0.0170641,0.0170636,0.0170631,0.0170626,0.04,-0.564848,-0.436921,96,348.282
1775443023800,1127,1,0.014365,-0.0209379,0.0230214,0.0230205,0.0230196,0.0230187,0.04,-0.436921,-0.421929,97,348.57
1775443023922,1128,1,0.012694,-0.0148007,0.0536504,0.053647,0.0536432,0.0536391,0.04,-0.421929,-0.467615,96,349.187
1775443024048,1129,1,0.0113784,-0.00774592,0.0934992,0.0934931,0.0934853,0.0934759,0.04,-0.467615,-0.561177,96,349.549
1775443024186,1130,1,0.00832817,0.00983286,0.190885,0.190906,0.190913,0.190906,0.04,-0.561177,-0.810395,96,350.256
1775443024307,1131,1,0.00643288,0.0233626,0.277449,0.277568,0.277643,0.277675,0.04,-0.810395,-1.03156,96,349.288
1775443024431,1132,1,0.00803587,0.0150758,0.246999,0.247055,0.247081,0.247076,0.04,-1.03156,-0.923065,96,347.989
1775443024559,1133,1,0.0103111,0.00393871,0.206101,0.206105,0.206092,0.206061,0.04,-0.923065,-0.78556,96,344.889
1775443024682,1134,1,0.00563117,0.00589048,0.162845,0.162853,0.162852,0.162842,0.04,-0.78556,-0.522105,96,332.37
1775443024803,1135,1,0.000918417,0.0163698,0.185001,0.185038,0.185062,0.185074,0.04,-0.522105,-0.476554,96,321.997
1775443024912,1136,1,0.00227388,0.00998442,0.158743,0.158759,0.158766,0.158766,0.04,-0.476554,-0.401676,97,324.338
1775443025038,1137,1,0.0142301,-0.0300885,0.0385549,0.0385513,0.0385476,0.0385439,0.04,-0.401676,-0.162786,97,341.334
1775443025148,1138,1,0.013223,-0.0327299,0.00931547,0.00931524,0.00931502,0.0093148,0.04,-0.162786,-0.02653,97,343.33
1775443025250,1139,1,0.012584,-0.033203,4.25477e-06,4.25477e-06,4.25477e-06,4.25477e-06,0.04,-0.02653,0.0289051,97,346.545
1775443025366,1140,1,0.011544,-0.0318639,0.00241803,0.00241805,0.00241806,0.00241808,0.04,0.0289051,0.064886,97,350.733
1775443025477,1141,1,0.00926266,-0.024655,0.0276557,0.0276542,0.0276527,0.0276511,0.04,0.064886,0.0314958,97,351.724
1775443025595,1142,1,0.00693958,-0.0171578,0.0696228,0.069616,0.0696085,0.0696003,0.04,0.0314958,-0.00415758,97,352.206
1775443025702,1143,1,0.00405837,-0.00518711,0.148033,0.148021,0.148002,0.147977,0.04,-0.00415758,-0.116438,97,353.498
1775443025828,1144,1,0.00605007,-0.0157181,0.10906,0.109044,0.109026,0.109005,0.04,-0.116438,0.0245774,97,351.992
1775443025938,1145,1,0.00764251,-0.0272492,0.0684395,0.0684292,0.0684182,0.0684067,0.04,0.0245774,0.219928,97,350.655
1775443026048,1146,1,0.00860794,-0.0369005,0.0243987,0.0243969,0.0243952,0.0243934,0.04,0.219928,0.407159,97,350.208
1775443026167,1147,1,0.00838381,-0.0392253,0.0139622,0.0139616,0.013961,0.0139604,0.04,0.407159,0.483845,98,349.704
1775443026283,1148,1,0.00894644,-0.0456262,0.0140874,0.0140881,0.0140888,0.0140895,0.04,0.483845,0.618048,98,348.894
1775443026398,1149,1,0.0080011,-0.0455097,0.0178697,0.0178708,0.0178719,0.017873,0.04,0.618048,0.680771,98,348.773
1775443026527,1150,1,0.00732248,-0.045348,0.0186704,0.0186716,0.0186728,0.018674,0.04,0.680771,0.723375,98,349.111
1775443026637,1151,1,0.00635829,-0.0456153,0.0230689,0.0230707,0.0230726,0.0230744,0.04,0.723375,0.797848,98,349.831
1775443026760,1152,1,0.0044359,-0.0402743,0.00100813,0.00100814,0.00100814,0.00100814,0.04,0.797848,0.78268,98,350.294
1775443026888,1153,1,0.0020844,-0.0356143,0.0187018,0.0187008,0.0186998,0.0186988,0.04,0.78268,0.821835,98,348.966
1775443027022,1154,1,0.00272555,-0.0375751,0.0106014,0.0106011,0.0106007,0.0106004,0.04,0.821835,0.829296,98,350.89
1775443027145,1155,1,0.00135011,-0.0334434,0.0349948,0.0349916,0.0349882,0.0349848,0.04,0.829296,0.81642,98,351.428
1775443027281,1156,1,0.000991301,-0.0333955,0.0364127,0.0364092,0.0364056,0.0364019,0.04,0.81642,0.840112,98,351.138
1775443027411,1157,1,-0.00026648,-0.0301219,0.0562773,0.0562697,0.0562617,0.0562534,0.04,0.840112,0.841597,98,351.091
1775443027569,1158,1,-0.00156804,-0.0273811,0.0734086,0.0733967,0.073384,0.0733705,0.04,0.841597,0.860063,98,350.438
1775443027692,1159,1,-0.00296861,-0.0234605,0.0956083,0.0955907,0.0955713,0.0955501,0.04,0.860063,0.854279,98,350.113
1775443027824,1160,1,-0.00318617,-0.0257063,0.095103,0.095084,0.0950632,0.0950407,0.04,0.854279,0.929908,98,349.539
1775443027949,1161,1,-0.00351023,-0.0270805,0.0979729,0.0979517,0.0979285,0.0979035,0.04,0.929908,0.989883,98,349.326
1775443028090,1162,1,-0.00359583,-0.0282608,0.0982606,0.0982383,0.0982141,0.0981881,0.04,0.989883,1.02775,98,349.442
1775443028213,1163,1,-0.00439789,-0.0275309,0.107945,0.107919,0.10789,0.107858,0.04,1.02775,1.06492,98,349.771
1775443028359,1164,1,-0.0039279,-0.0314376,0.0976813,0.097657,0.0976307,0.0976026,0.04,1.06492,1.13645,98,350.204
1775443028474,1165,1,-0.00433512,-0.034477,0.0933976,0.0933733,0.0933473,0.0933197,0.04,1.13645,1.24603,98,350.934
1775443028599,1166,1,-0.00494139,-0.0336904,0.1028,0.102771,0.10274,0.102707,0.04,1.24603,1.26813,98,351.53
1775443028729,1167,1,-0.00543477,-0.0352279,0.105545,0.105513,0.105479,0.105443,0.04,1.26813,1.34417,99,351.627
1775443028867,1168,1,-0.00582776,-0.0364864,0.107815,0.10778,0.107743,0.107704,0.04,1.34417,1.40568,99,351.826
1775443028992,1169,1,-0.0057223,-0.039714,0.100373,0.100341,0.100307,0.10027,0.04,1.40568,1.48447,99,352.018
1775443029117,1170,1,-0.00654348,-0.0396984,0.106118,0.106082,0.106043,0.106002,0.04,1.48447,1.54164,99,352.464
1775443029220,1171,1,-0.00648418,-0.0430448,0.0978984,0.0978652,0.0978301,0.0977932,0.04,1.54164,1.6267,99,352.759
1775443029349,1172,1,-0.00639799,-0.0467432,0.0873679,0.0873394,0.0873095,0.0872783,0.04,1.6267,1.71906,99,352.619
1775443029471,1173,1,-0.00774397,-0.0444673,0.0934524,0.0934213,0.0933885,0.093354,0.04,1.71906,1.75143,99,352.831
1775443029632,1174,1,-0.00622082,-0.0518193,0.0653787,0.0653612,0.065343,0.0653243,0.04,1.75143,1.84057,99,353.347
1775443029757,1175,1,-0.00588316,-0.0554805,0.0542146,0.0542017,0.0541884,0.0541749,0.04,1.84057,1.91446,99,353.123
1775443029877,1176,1,-0.0063085,-0.056173,0.0523487,0.0523365,0.052324,0.0523113,0.04,1.91446,1.96226,99,352.947
1775443030002,1177,1,-0.00671889,-0.0562136,0.053156,0.0531434,0.0531305,0.0531174,0.04,1.96226,1.99181,99,352.653
1775443030114,1178,1,-0.00658005,-0.0579192,0.0427992,0.0427908,0.0427823,0.0427736,0.04,1.99181,2.02669,99,352.388
1775443030235,1179,1,-0.00608661,-0.0633425,0.0195868,0.0195849,0.019583,0.019581,0.04,2.02669,2.13554,100,352.483
1775443030369,1180,1,-0.00645553,-0.0633809,0.0214634,0.0214611,0.0214588,0.0214565,0.04,2.13554,2.16236,100,352.347
1775443030492,1181,1,-0.00610217,-0.0663402,0.0108775,0.0108769,0.0108763,0.0108756,0.04,2.16236,2.21628,100,351.665
1775443030613,1182,1,-0.00216381,-0.0819378,0.0439861,0.0439985,0.0440106,0.0440226,0.04,2.21628,2.37134,100,348.61
1775443030725,1183,1,-0.00538841,-0.0704924,0.0169488,0.0169472,0.0169456,0.016944,0.04,2.37134,2.28024,100,351.587
1775443030846,1184,1,-0.000937448,-0.0897903,0.0748072,0.0748463,0.0748845,0.0749219,0.04,2.28024,2.50386,100,348.217
1775443030962,1185,1,-0.00341181,-0.0840938,0.0648041,0.0648316,0.0648585,0.0648848,0.04,2.50386,2.51908,100,350.79
1775443031101,1186,1,-0.00543832,-0.0788274,0.0472636,0.0472773,0.0472908,0.0473041,0.04,2.51908,2.51381,100,352.672
1775443031246,1187,1,-0.00598159,-0.0790747,0.0513338,0.05135,0.051366,0.0513816,0.04,2.51381,2.55864,100,352.863
1775443031360,1188,1,-0.00666823,-0.0782338,0.0492528,0.0492676,0.0492821,0.0492964,0.04,2.55864,2.58297,100,353.265
1775443031474,1189,1,-0.00765761,-0.0752104,0.039928,0.0399373,0.0399465,0.0399556,0.04,2.58297,2.56806,100,353.383
1775443031599,1190,1,-0.00812656,-0.0754598,0.0410998,0.0411097,0.0411195,0.0411291,0.04,2.56806,2.60735,100,353.593
1775443031719,1191,1,-0.00889311,-0.0750335,0.0414785,0.0414886,0.0414985,0.0415083,0.04,2.60735,2.6488,100,353.933
1775443031830,1192,1,-0.00935399,-0.0744841,0.0408047,0.0408143,0.0408238,0.0408332,0.04,2.6488,2.66566,100,353.752
1775443031966,1193,1,-0.0102494,-0.0716668,0.0301049,0.03011,0.030115,0.0301199,0.04,2.66566,2.64962,100,354.099
1775443032100,1194,1,-0.0107934,-0.0705226,0.027709,0.0277132,0.0277174,0.0277215,0.04,2.64962,2.65586,100,353.879
1775443032228,1195,1,-0.011952,-0.0674922,0.0136312,0.0136322,0.0136331,0.0136341,0.04,2.65586,2.65168,100,353.507
1775443032367,1196,1,-0.0131625,-0.0642704,4.69624e-06,4.69624e-06,4.69624e-06,4.69624e-06,0.04,2.65168,2.64598,100,353.462
1775443032496,1197,1,-0.0140426,-0.062925,0.00539607,0.00539592,0.00539578,0.00539563,0.04,2.64598,2.67121,100,353.273
1775443032603,1198,1,-0.0159354,-0.0556452,0.0322835,0.032279,0.0322743,0.0322696,0.04,2.67121,2.60935,100,353.337
1775443032730,1199,1,-0.0163854,-0.0551331,0.0365523,0.0365465,0.0365406,0.0365346,0.04,2.60935,2.62723,100,353.492
1775443032857,1200,1,-0.0175484,-0.0516323,0.0526316,0.0526202,0.0526086,0.0525967,0.04,2.62723,2.61543,100,354.024
1775443032974,1201,1,-0.0184918,-0.0486918,0.0660447,0.0660278,0.0660103,0.0659923,0.04,2.61543,2.60319,100,354.362
1775443033094,1202,1,-0.0191374,-0.0462974,0.0757393,0.0757181,0.075696,0.0756731,0.04,2.60319,2.58457,100,354.798
1775443033211,1203,1,-0.0200603,-0.0430014,0.0932397,0.0932097,0.093178,0.0931447,0.04,2.58457,2.56194,100,355.268
1775443033333,1204,1,-0.0200809,-0.0437594,0.089884,0.0898556,0.0898258,0.0897946,0.04,2.56194,2.58332,100,355.443
1775443033451,1205,1,-0.0211898,-0.0409954,0.102632,0.102597,0.10256,0.102521,0.04,2.58332,2.58717,100,356.269
1775443033582,1206,1,-0.021184,-0.0423305,0.101564,0.101529,0.101492,0.101453,0.04,2.58717,2.62268,100,356.273
1775443033732,1207,1,-0.021062,-0.0436657,0.100272,0.100237,0.100199,0.10016,0.04,2.62268,2.65015,100,356.629
1775443033874,1208,1,-0.0213913,-0.0435403,0.104269,0.104231,0.104191,0.104148,0.04,2.65015,2.67012,100,356.714
1775443034032,1209,1,-0.0209465,-0.0461544,0.0951949,0.0951613,0.095126,0.095089,0.04,2.67012,2.70865,101,357.268
1775443034162,1210,1,-0.0210649,-0.0483325,0.0904621,0.0904305,0.0903973,0.0903627,0.04,2.70865,2.77495,101,357.848
1775443034297,1211,1,-0.0214238,-0.0478675,0.0955196,0.0954846,0.0954478,0.0954093,0.04,2.77495,2.78796,101,358.455
1775443034430,1212,1,-0.0207984,-0.0522963,0.0781541,0.0781287,0.0781023,0.0780749,0.04,2.78796,2.86174,101,359.047
1775443034558,1213,1,-0.0206918,-0.0527588,0.0783371,0.0783113,0.0782845,0.0782568,0.04,2.86174,2.86694,101,359.424
1775443034695,1214,1,-0.0201835,-0.0558877,0.0673129,0.0672928,0.0672721,0.0672507,0.04,2.86694,2.91467,101,359.52
1775443034834,1215,1,-0.020355,-0.0560231,0.0695243,0.0695028,0.0694806,0.0694577,0.04,2.91467,2.93053,101,359.67
1775443034966,1216,1,-0.019786,-0.0600019,0.0531357,0.0531223,0.0531086,0.0530946,0.04,2.93053,2.99621,101,359.441
1775443035087,1217,1,-0.0179743,-0.0651742,0.023097,0.0230943,0.0230915,0.0230887,0.04,2.99621,3.00622,101,358.482
1775443035234,1218,1,-0.0168543,-0.0713629,0.00924076,0.00924124,0.00924171,0.00924218,0.04,3.00622,3.09399,101,358.828
1775443035376,1219,1,-0.0159977,-0.0764331,0.0412312,0.0412414,0.0412513,0.0412612,0.04,3.09399,3.177,101,358.99
1775443035535,1220,1,-0.0157211,-0.0790363,0.0627475,0.0627717,0.0627953,0.0628185,0.04,3.177,3.23171,101,358.992
1775443035637,1221,1,-0.0142007,-0.087434,0.114579,0.114668,0.114753,0.114836,0.04,3.23171,3.362,102,359.264
1775443035765,1222,1,-0.0130301,-0.09294,0.145911,0.146064,0.14621,0.14635,0.04,3.362,3.43504,102,359.232
1775443035881,1223,1,-0.0126427,-0.096678,0.176221,0.176451,0.176671,0.17688,0.04,3.43504,3.51419,102,359.502
1775443036010,1224,1,-0.0124848,-0.0986632,0.194955,0.195243,0.195516,0.195774,0.04,3.51419,3.55995,102,359.851
1775443036118,1225,1,-0.0112,-0.105553,0.248786,0.249286,0.249754,0.250192,0.04,3.55995,3.66611,102,359.889
1775443036233,1226,1,-0.00898889,-0.114221,0.29616,0.296925,0.297638,0.298299,0.04,3.66611,3.75542,102,359.709
1775443036362,1227,1,-0.00808449,-0.11835,0.338291,0.339322,0.340276,0.341154,0.04,3.75542,3.81137,102,359.79
1775443036474,1228,1,-0.0079514,-0.119007,0.357958,0.359117,0.360185,0.361162,0.04,3.81137,3.82312,103,360.028
1775443036597,1229,1,-0.0063385,-0.126673,0.410427,0.412047,0.413531,0.414876,0.04,3.82312,3.92749,103,360.492
1775443036719,1230,1,-0.00531266,-0.131666,0.46061,0.462726,0.46465,0.466378,0.04,3.92749,3.99977,103,360.571
1775443036851,1231,1,-0.00418757,-0.137568,0.517888,0.520679,0.523196,0.525434,0.04,3.99977,4.09094,103,360.801
1775443036962,1232,1,-0.00332716,-0.142003,0.568416,0.571879,0.574982,0.577715,0.04,4.09094,4.15967,103,360.886
1775443037081,1233,1,-0.00287528,-0.144851,0.614712,0.618835,0.622501,0.625697,0.04,4.15967,4.213,103,360.756
1775443037207,1234,1,-0.00224288,-0.148144,0.659142,0.663982,0.668259,0.671956,0.04,4.213,4.26564,103,360.701
1775443037310,1235,1,-0.00149422,-0.152343,0.711681,0.717474,0.722559,0.726911,0.04,4.26564,4.33607,104,360.168
1775443037423,1236,1,-0.00164541,-0.152017,0.739406,0.74563,0.751058,0.755662,0.04,4.33607,4.34222,104,359.479
1775443037534,1237,1,-0.00174184,-0.149784,0.760612,0.767078,0.772676,0.777374,0.04,4.34222,4.29192,104,359.125
1775443037649,1238,1,-0.00163758,-0.147735,0.798124,0.805111,0.811094,0.816032,0.04,4.29192,4.23541,103,358.41
1775443037748,1239,1,-0.00253851,-0.142693,0.819395,0.826466,0.832444,0.837288,0.04,4.23541,4.16464,103,357.66
1775443037865,1240,1,-0.00210417,-0.143746,0.867885,0.875848,0.882509,0.887819,0.04,4.16464,4.171,103,357.013
1775443037990,1241,1,-0.00188324,-0.143274,0.925223,0.93419,0.941577,0.947319,0.04,4.171,4.1523,103,355.338
1775443038090,1242,1,-0.00268759,-0.136069,0.950783,0.959692,0.966877,0.972272,0.04,4.1523,4.01703,103,353.948
1775443038197,1243,1,-0.00328506,-0.129976,0.962682,0.97134,0.978203,0.983205,0.04,4.01703,3.89529,103,352.985
1775443038312,1244,1,-0.00451924,-0.12216,0.973005,0.981235,0.987604,0.992051,0.04,3.89529,3.77065,102,351.845
1775443038426,1245,1,-0.00600221,-0.112486,0.984717,0.992371,0.998091,1.00182,0.04,3.77065,3.6131,102,350.8
1775443038589,1246,1,-0.00674442,-0.106233,0.999104,1.00646,1.0118,1.01505,0.04,3.6131,3.49739,102,350.303
1775443038702,1247,1,-0.00783518,-0.0943462,1.02023,1.02689,1.03138,1.03366,0.04,3.49739,3.25439,101,348.3
1775443038820,1248,1,-0.00953338,-0.0820219,1.03125,1.03699,1.04049,1.04172,0.04,3.25439,3.0398,101,346.607
1775443038935,1249,1,-0.0108885,-0.0718104,1.03129,1.03617,1.0388,1.03917,0.04,3.0398,2.85697,101,345.555
1775443039050,1250,1,-0.0137599,-0.0543559,1.01792,1.02126,1.02244,1.02146,0.04,2.85697,2.5807,100,343.332
1775443039172,1251,1,-0.0157343,-0.0389923,1.01375,1.01582,1.01578,1.0136,0.04,2.5807,2.30056,100,342.068
1775443039303,1252,1,-0.0162432,-0.0326192,1.01858,1.02015,1.01957,1.01685,0.04,2.30056,2.16392,100,341.747
1775443039425,1253,1,-0.0184424,-0.0101099,1.00935,1.00911,1.00679,1.00242,0.04,2.16392,1.70521,99,341.569
1775443039539,1254,1,-0.019193,0.00347288,0.999511,0.998229,0.994937,0.989668,0.04,1.70521,1.3879,99,341.47
1775443039661,1255,1,-0.0209932,0.0209299,0.979958,0.97744,0.973042,0.966806,0.04,1.3879,1.03677,98,341.716
1775443039777,1256,1,-0.0228494,0.0352199,0.961217,0.957784,0.95259,0.945682,0.04,1.03677,0.775335,98,341.274
1775443039899,1257,1,-0.0227912,0.0471343,0.957013,0.952763,0.946787,0.939141,0.04,0.775335,0.448294,98,341.784
1775443040015,1258,1,-0.0232378,0.0594364,0.957498,0.952361,0.945513,0.937014,0.04,0.448294,0.146306,97,342.724
1775443040146,1259,1,-0.0251652,0.0762423,0.923821,0.917943,0.910547,0.901693,0.04,0.146306,-0.180456,97,343.263
1775443040245,1260,1,-0.0264909,0.097458,0.892673,0.885876,0.877733,0.868307,0.04,-0.180456,-0.667615,96,344.824
1775443040372,1261,1,-0.0263671,0.106941,0.887938,0.880623,0.871996,0.862124,0.04,-0.667615,-0.933495,96,345.658
1775443040487,1262,1,-0.0268039,0.121143,0.864904,0.857132,0.848165,0.83807,0.04,-0.933495,-1.291,95,346.597
1775443040605,1263,1,-0.0254201,0.128556,0.872015,0.863656,0.854086,0.843374,0.04,-1.291,-1.58602,95,347.35
1775443040716,1264,1,-0.0237577,0.133908,0.884194,0.875255,0.865061,0.853692,0.04,-1.58602,-1.84377,95,348.308
1775443040818,1265,1,-0.0222364,0.140115,0.892522,0.883007,0.872215,0.860228,0.04,-1.84377,-2.1155,94,349.674
1775443040937,1266,1,-0.0214403,0.141877,0.905296,0.89538,0.884136,0.871653,0.04,-2.1155,-2.21627,94,350.338
1775443041052,1267,1,-0.0201024,0.148643,0.918289,0.907614,0.895567,0.882246,0.04,-2.21627,-2.48976,94,351.589
1775443041171,1268,1,-0.0203943,0.158975,0.895336,0.884528,0.872466,0.859244,0.04,-2.48976,-2.75252,93,351.908
1775443041308,1269,1,-0.0199622,0.171236,0.887639,0.876225,0.863615,0.849903,0.04,-2.75252,-3.11518,93,353.222
1775443041429,1270,1,-0.0200226,0.183492,0.869172,0.85747,0.844668,0.830858,0.04,-3.11518,-3.44532,92,354.151
1775443041548,1271,1,-0.0200021,0.195223,0.845652,0.833885,0.821125,0.80746,0.04,-3.44532,-3.76755,92,355.218
1775443041675,1272,1,-0.0195147,0.205338,0.834436,0.822388,0.809405,0.795575,0.04,-3.76755,-4.0765,91,355.991
1775443041799,1273,1,-0.0188758,0.211967,0.825254,0.813088,0.800032,0.786169,0.04,-4.0765,-4.30129,90,356.516
1775443041930,1274,1,-0.0177649,0.22325,0.805725,0.793506,0.780479,0.766724,0.04,-4.30129,-4.68601,90,357.314
1775443042079,1275,1,-0.0169916,0.233173,0.774732,0.762929,0.750425,0.737288,0.04,-4.68601,-5.01234,89,358.019
1775443042215,1276,1,-0.0154228,0.241215,0.762339,0.750505,0.738016,0.724939,0.04,-5.01234,-5.33998,88,358.416
1775443042335,1277,1,-0.0140568,0.247081,0.762128,0.749998,0.737224,0.723876,0.04,-5.33998,-5.59301,87,358.821
1775443042462,1278,1,-0.0121274,0.252136,0.746728,0.734837,0.72235,0.709329,0.04,-5.59301,-5.86515,86,359.649
1775443042590,1279,1,-0.00991833,0.255124,0.750648,0.738479,0.72571,0.712407,0.04,-5.86515,-6.09791,85,359.818
1775443042715,1280,1,-0.00868092,0.259692,0.741541,0.729443,0.716774,0.703598,0.04,-6.09791,-6.30821,85,360.197
1775443042845,1281,1,-0.0064068,0.260009,0.760778,0.748019,0.734646,0.720731,0.04,-6.30821,-6.47099,84,360.936
1775443042943,1282,1,-0.0041068,0.25932,0.797529,0.78353,0.768827,0.753504,0.04,-6.47099,-6.60584,84,361.751
1775443043050,1283,1,-0.00216228,0.256705,0.817205,0.802655,0.787342,0.77136,0.04,-6.60584,-6.66651,83,362.409
1775443043147,1284,1,-0.000193536,0.253794,0.855642,0.839862,0.823203,0.805776,0.04,-6.66651,-6.71816,83,363.346
1775443043257,1285,1,0.00141363,0.251453,0.878074,0.861605,0.844182,0.825926,0.04,-6.71816,-6.76256,83,364.052
1775443043356,1286,1,0.00367775,0.245631,0.94261,0.924049,0.904296,0.883511,0.04,-6.76256,-6.75217,83,365.09
1775443043454,1287,1,0.00454504,0.247901,0.949306,0.930295,0.910075,0.888815,0.04,-6.75217,-6.8725,83,366.509
1775443043559,1288,1,0.00588008,0.245518,0.981085,0.96096,0.939498,0.916887,0.04,-6.8725,-6.8957,83,367.675
1775443043685,1289,1,0.00697775,0.245252,1.0076,0.986374,0.963706,0.939804,0.04,-6.8957,-6.96055,82,368.938
1775443043796,1290,1,0.00754245,0.248159,0.986776,0.966185,0.944246,0.921153,0.04,-6.96055,-7.08111,82,370.034
1775443043924,1291,1,0.00800691,0.250093,0.981994,0.96144,0.939564,0.91656,0.04,-7.08111,-7.16619,81,370.727
1775443044031,1292,1,0.00837433,0.252818,0.962812,0.942841,0.921632,0.899365,0.04,-7.16619,-7.26797,81,372.361
1775443044196,1293,1,0.00840919,0.256446,0.945555,0.926014,0.905312,0.883619,0.04,-7.26797,-7.371,81,373.53
1775443044343,1294,1,0.00682721,0.268453,0.870356,0.853018,0.834802,0.815834,0.04,-7.371,-7.59727,79,374.987
1775443044466,1295,1,0.00714588,0.271471,0.844378,0.827875,0.810577,0.792596,0.04,-7.59727,-7.70465,79,376.73
1775443044618,1296,1,0.00627781,0.277921,0.825864,0.809681,0.79277,0.775236,0.04,-7.70465,-7.82187,78,378.157
1775443044740,1297,1,0.00622752,0.280331,0.80875,0.793093,0.776757,0.759838,0.04,-7.82187,-7.88603,78,378.552
1775443044864,1298,1,0.00644603,0.28324,0.779755,0.765047,0.749736,0.733904,0.04,-7.88603,-7.98394,78,379.085
1775443044985,1299,1,0.00612967,0.285018,0.764179,0.749963,0.73518,0.71991,0.04,-7.98394,-8.01245,77,379.461
1775443045094,1300,1,0.0063151,0.283837,0.779143,0.764425,0.749106,0.73327,0.04,-8.01245,-7.99118,78,379.597
1775443045205,1301,1,0.00643454,0.28241,0.798522,0.78314,0.767108,0.75052,0.04,-7.99118,-7.95805,78,379.658
1775443045317,1302,1,0.00680938,0.280789,0.811754,0.795951,0.779463,0.762388,0.04,-7.95805,-7.93819,78,379.931
1775443045435,1303,1,0.00798365,0.275081,0.851331,0.834312,0.81649,0.797982,0.04,-7.93819,-7.85919,78,379.858
1775443045533,1304,1,0.00819904,0.273511,0.871068,0.85335,0.834769,0.815454,0.04,-7.85919,-7.82877,78,379.698
1775443045677,1305,1,0.0092539,0.265875,0.930617,0.910961,0.890233,0.868595,0.04,-7.82877,-7.68661,79,379.973
1775443045782,1306,1,0.0105117,0.257964,0.995379,0.973554,0.950393,0.926103,0.04,-7.68661,-7.55028,80,379.941
1775443045884,1307,1,0.010982,0.254539,1.02644,1.00353,0.979146,0.953517,0.04,-7.55028,-7.4857,80,379.505
1775443046013,1308,1,0.010433,0.254297,1.03098,1.00789,0.9833,0.957452,0.04,-7.4857,-7.44062,80,378.921
1775443046128,1309,1,0.0101165,0.25463,1.02961,1.00655,0.982001,0.956198,0.04,-7.44062,-7.42797,80,378.838
1775443046238,1310,1,0.00998196,0.254539,1.02644,1.00353,0.979146,0.953517,0.04,-7.42797,-7.41666,80,378.802
1775443046354,1311,1,0.00905617,0.25626,1.01544,0.992869,0.968875,0.943682,0.04,-7.41666,-7.40085,80,378.538
1775443046485,1312,1,0.0091378,0.253905,1.02737,1.00448,0.980101,0.954477,0.04,-7.40085,-7.34109,81,377.965
1775443046586,1313,1,0.00978705,0.25003,1.04356,1.02031,0.995479,0.969326,0.04,-7.34109,-7.27878,81,377.418
1775443046702,1314,1,0.0089219,0.251389,1.03049,1.00769,0.983391,0.957812,0.04,-7.27878,-7.25766,81,376.718
1775443046821,1315,1,0.0087887,0.249863,1.02307,1.00075,0.976942,0.951876,0.04,-7.25766,-7.20822,81,375.821
1775443046939,1316,1,0.00675821,0.256711,0.957372,0.93731,0.916046,0.893758,0.04,-7.20822,-7.26256,81,374.681
1775443047052,1317,1,0.00758327,0.251676,0.973369,0.953047,0.931443,0.908744,0.04,-7.26256,-7.18103,81,374.336
1775443047216,1318,1,0.00725382,0.253269,0.956706,0.936954,0.915989,0.893986,0.04,-7.18103,-7.20373,81,374.586
1775443047340,1319,1,0.00559429,0.257072,0.923029,0.904373,0.884637,0.863973,0.04,-7.20373,-7.19683,81,374.638
1775443047455,1320,1,0.00466812,0.259288,0.905768,0.88765,0.868517,0.84851,0.04,-7.19683,-7.19529,81,374.714
1775443047575,1321,1,0.0047146,0.258944,0.9029,0.884924,0.865939,0.846088,0.04,-7.19529,-7.18959,81,374.8
1775443047689,1322,1,0.00378171,0.263273,0.864679,0.847921,0.830285,0.811892,0.04,-7.18959,-7.24774,81,374.725
1775443047788,1323,1,0.00400208,0.261055,0.869897,0.853085,0.835374,0.816884,0.04,-7.24774,-7.20222,81,374.409
1775443047885,1324,1,0.00413363,0.259948,0.859332,0.843006,0.825807,0.807852,0.04,-7.20222,-7.18285,81,374.491
1775443048030,1325,1,0.00307701,0.263039,0.830721,0.815284,0.799065,0.782165,0.04,-7.18285,-7.19761,81,374.283
1775443048153,1326,1,0.00413674,0.256366,0.871198,0.854656,0.837195,0.818937,0.04,-7.19761,-7.08447,82,373.772
1775443048282,1327,1,0.00518734,0.251535,0.890647,0.87369,0.855739,0.836924,0.04,-7.08447,-7.02351,82,373.07
1775443048387,1328,1,0.00671905,0.242499,0.941844,0.923559,0.904074,0.883546,0.04,-7.02351,-6.87749,83,372.693
1775443048481,1329,1,0.00659742,0.241566,0.943436,0.925162,0.905677,0.885141,0.04,-6.87749,-6.84361,83,372.668
1775443048602,1330,1,0.00738116,0.237467,0.951102,0.93285,0.913345,0.892747,0.04,-6.84361,-6.78569,83,372.551
1775443048704,1331,1,0.00693785,0.239543,0.923943,0.906581,0.888072,0.868561,0.04,-6.78569,-6.81511,83,372.972
1775443048820,1332,1,0.00621096,0.241666,0.920409,0.903024,0.884511,0.865014,0.04,-6.81511,-6.82289,83,373.045
1775443048917,1333,1,0.00744607,0.235657,0.965473,0.946804,0.926818,0.905687,0.04,-6.82289,-6.73917,83,373.233
1775443049021,1334,1,0.00808151,0.232532,1.01497,0.994581,0.972658,0.949408,0.04,-6.73917,-6.69146,83,373.702
1775443049133,1335,1,0.00860923,0.231195,1.01279,0.992613,0.970901,0.947865,0.04,-6.69146,-6.69201,83,374.095
1775443049312,1336,1,0.00839787,0.23268,0.975824,0.956993,0.936792,0.9154,0.04,-6.69201,-6.72283,83,374.81
1775443049411,1337,1,0.00703104,0.24058,0.900654,0.884096,0.866476,0.847925,0.04,-6.72283,-6.85288,83,376.403
1775443049526,1338,1,0.00829427,0.23378,0.998279,0.978458,0.95718,0.934641,0.04,-6.85288,-6.74231,83,377.586
1775443049643,1339,1,0.0069879,0.242101,0.895056,0.878599,0.861103,0.842698,0.04,-6.74231,-6.89187,83,378.84
1775443049759,1340,1,0.00804764,0.239623,0.825484,0.811671,0.79703,0.781652,0.04,-6.89187,-6.90798,82,379.53
1775443049884,1341,1,0.0085681,0.237669,0.903881,0.887412,0.86986,0.851358,0.04,-6.90798,-6.8798,83,380.445
1775443049996,1342,1,0.00767194,0.244033,0.759646,0.747753,0.735216,0.722103,0.04,-6.8798,-7.01083,82,381.425
1775443050114,1343,1,0.00693443,0.248738,0.621526,0.613443,0.605005,0.596244,0.04,-7.01083,-7.1074,82,381.827
1775443050229,1344,1,0.00763436,0.243636,0.719978,0.709328,0.698126,0.686428,0.04,-7.1074,-7.0033,82,382.748
1775443050356,1345,1,0.00795209,0.244721,0.445663,0.441605,0.437412,0.433092,0.04,-7.0033,-7.09527,82,383.353
1775443050489,1346,1,0.0117322,0.225349,0.723964,0.714037,0.703522,0.69247,0.04,-7.09527,-6.79093,83,384.201
1775443050594,1347,1,0.0111203,0.230414,0.193636,0.192926,0.192203,0.191469,0.04,-6.79093,-6.96582,82,384.057
1775443050715,1348,1,0.0143885,0.21012,0.971272,0.954457,0.936209,0.916686,0.04,-6.96582,-6.52658,84,384.174
1775443050828,1349,1,0.00713118,0.259341,3.15234,3.3373,3.45454,3.49073,0.04,-6.52658,-6.97854,82,383.008
1775443050964,1350,1,0.0152619,0.264973,0.818651,0.803548,0.787699,0.771202,0.04,-6.97854,-8.09277,77,350
1775443051077,1351,1,0.0163101,0.264471,0.838739,0.822908,0.806276,0.78895,0.04,-8.09277,-8.14864,77,350
1775443051210,1352,1,0.0178691,0.260564,0.882157,0.864896,0.846696,0.827687,0.04,-8.14864,-8.14439,77,350
1775443051328,1353,1,0.0194978,0.257484,0.926852,0.908008,0.888071,0.867199,0.04,-8.14439,-8.16715,77,350
1775443051478,1354,1,0.0222355,0.24822,0.99664,0.975623,0.953219,0.929631,0.04,-8.16715,-8.09564,77,350
1775443051607,1355,1,0.0253451,0.236335,1.08936,1.06541,1.03961,1.01222,0.04,-8.09564,-7.97567,78,350
1775443051749,1356,1,0.0268007,0.229881,1.15652,1.13021,1.10165,1.0712,0.04,-7.97567,-7.89214,78,350
1775443051871,1357,1,0.0293039,0.216494,1.28748,1.25661,1.22258,1.1859,0.04,-7.89214,-7.68452,79,350
1775443052024,1358,1,0.0311765,0.205605,1.40843,1.37314,1.33364,1.29065,0.04,-7.68452,-7.50244,80,350
1775443052154,1359,1,0.03329,0.19358,1.56547,1.52402,1.47673,1.42463,0.04,-7.50244,-7.30153,81,350
1775443052268,1360,1,0.0337162,0.189674,1.67076,1.62422,1.57058,1.51119,0.04,-7.30153,-7.21117,81,350
1775443052371,1361,1,0.0349001,0.181592,1.7855,1.73417,1.67411,1.60704,0.04,-7.21117,-7.05886,82,350
1775443052472,1362,1,0.0349801,0.179867,1.86875,1.81278,1.74685,1.67301,0.04,-7.05886,-7.00685,82,350
1775443052593,1363,1,0.037398,0.167575,2.04233,1.97905,1.90262,1.81585,0.04,-7.00685,-6.81824,83,350
1775443052711,1364,1,0.037748,0.165119,2.17233,2.10117,2.01429,1.9153,0.04,-6.81824,-6.75948,83,350
1775443052819,1365,1,0.0390699,0.161466,2.28246,2.20495,2.10926,1.99974,0.04,-6.75948,-6.73798,83,350
1775443052942,1366,1,0.038587,0.166395,2.38719,2.29968,2.19184,2.06897,0.04,-6.73798,-6.82582,83,350
1775443053051,1367,1,0.0387759,0.170472,2.4817,2.38464,2.26522,2.12972,0.04,-6.82582,-6.93842,82,350
1775443053165,1368,1,0.0370081,0.181556,2.48624,2.38329,2.25857,2.1186,0.04,-6.93842,-7.11707,82,350
1775443053313,1369,1,0.0367437,0.187906,2.55373,2.44143,2.30618,2.15535,0.04,-7.11707,-7.26363,81,350
1775443053444,1370,1,0.0350651,0.20259,2.54313,2.42408,2.28342,2.12863,0.04,-7.26363,-7.5481,80,350
1775443053554,1371,1,0.0322889,0.226759,2.49562,2.36874,2.2231,2.06601,0.04,-7.5481,-8.01875,77,350
1775443053656,1372,1,0.0281779,0.253837,2.34825,2.22379,2.08515,1.93842,0.04,-8.01875,-8.48739,75,350
1775443053772,1373,1,0.0242552,0.281509,2.15122,2.03609,1.91125,1.78121,0.04,-8.48739,-8.99049,72,350
1775443053893,1374,1,0.0187616,0.321103,1.89379,1.79202,1.68497,1.57558,0.04,-8.99049,-9.71563,72,350
1775443054023,1375,1,0.0129583,0.362925,1.57341,1.49336,1.4112,1.32847,0.04,-9.71563,-10.4869,72,350
1775443054141,1376,1,0.00603347,0.408128,1.19787,1.14473,1.09119,1.03782,0.04,-10.4869,-11.2796,72,350
1775443054266,1377,1,-0.000294514,0.453041,0.799874,0.772845,0.745889,0.719133,0.04,-11.2796,-12.11,72,350
1775443054392,1378,1,-0.00446884,0.486262,0.518584,0.506068,0.49362,0.481266,0.04,-12.11,-12.7588,72,350
1775443054513,1379,1,-0.00984283,0.530406,0.143624,0.142531,0.141442,0.140356,0.04,-12.7588,-13.6363,72,350
1775443054612,1380,1,-0.00867745,0.535356,0.0407909,0.0407015,0.0406121,0.0405228,0.04,-13.6363,-13.8666,72,350
1775443054721,1381,1,-0.00777364,0.541184,0.0979089,0.0984338,0.0989598,0.0994869,0.04,-13.8666,-14.0773,72,350
1775443054847,1382,1,-0.00339979,0.531481,0.112721,0.113397,0.114076,0.114755,0.04,-14.0773,-14.1145,72,350
1775443054973,1383,1,-0.00029856,0.524906,0.129413,0.130288,0.131165,0.132044,0.04,-14.1145,-14.1481,72,350
1775443055086,1384,1,0.00668869,0.504108,0.0889182,0.089307,0.0896961,0.0900855,0.04,-14.1481,-14.0748,72,350
1775443055200,1385,1,0.0106926,0.491499,0.0685062,0.0687285,0.0689509,0.0691735,0.04,-14.0748,-14.0136,72,350
1775443055330,1386,1,0.0144859,0.480227,0.077067,0.0773392,0.0776114,0.0778837,0.04,-14.0136,-13.9694,72,350
1775443055451,1387,1,0.0182622,0.470551,0.080324,0.0806112,0.0808985,0.0811857,0.04,-13.9694,-13.968,72,350
1775443055580,1388,1,0.0206351,0.461879,0.0797945,0.0800707,0.0803468,0.0806229,0.04,-13.968,-13.8974,72,350
1775443055681,1389,1,0.0246264,0.448519,0.0826254,0.0829098,0.083194,0.083478,0.04,-13.8974,-13.8114,72,350
1775443055798,1390,1,0.0274167,0.438239,0.0718673,0.0720758,0.0722841,0.0724923,0.04,-13.8114,-13.7278,72,350
1775443055917,1391,1,0.0302319,0.425735,0.0566458,0.0567704,0.0568949,0.0570193,0.04,-13.7278,-13.5866,72,350
1775443056026,1392,1,0.0324139,0.417275,0.0626132,0.0627614,0.0629095,0.0630575,0.04,-13.5866,-13.5075,72,350
1775443056152,1393,1,0.0344512,0.409378,0.0818359,0.0820828,0.0823293,0.0825755,0.04,-13.5075,-13.4316,72,350
1775443056283,1394,1,0.0369913,0.398544,0.0842704,0.0845232,0.0847757,0.0850276,0.04,-13.4316,-13.3137,72,350
1775443056391,1395,1,0.0398797,0.385606,0.0797882,0.0800055,0.0802224,0.0804389,0.04,-13.3137,-13.164,72,350
1775443056490,1396,1,0.0409134,0.380083,0.0949758,0.0952782,0.0955798,0.0958805,0.04,-13.164,-13.0837,72,350
1775443056596,1397,1,0.0420186,0.373228,0.107846,0.108227,0.108607,0.108986,0.04,-13.0837,-12.9726,72,350
1775443056695,1398,1,0.0439705,0.360919,0.108728,0.109099,0.109469,0.109838,0.04,-12.9726,-12.7744,72,350
1775443056805,1399,1,0.0449679,0.35256,0.106678,0.107026,0.107372,0.107716,0.04,-12.7744,-12.6176,72,350
1775443056910,1400,1,0.047191,0.338548,0.0849481,0.0851579,0.0853669,0.0855752,0.04,-12.6176,-12.3958,72,350
1775443057012,1401,1,0.0477102,0.332718,0.0996346,0.0999171,0.100198,0.100478,0.04,-12.3958,-12.2717,72,350
1775443057114,1402,1,0.0489134,0.321026,0.0946526,0.094897,0.0951403,0.0953824,0.04,-12.2717,-12.0395,72,350
1775443057225,1403,1,0.0501511,0.310267,0.0788934,0.0790565,0.079219,0.0793808,0.04,-12.0395,-11.8366,72,350
1775443057312,1404,1,0.050669,0.305486,0.086779,0.0869728,0.0871657,0.0873577,0.04,-11.8366,-11.7418,72,350
1775443057414,1405,1,0.0509984,0.298445,0.0868657,0.0870547,0.0872428,0.0874299,0.04,-11.7418,-11.5742,72,350
1775443057517,1406,1,0.0518018,0.286426,0.0930341,0.0932408,0.0934463,0.0936506,0.04,-11.5742,-11.3038,72,350
1775443057617,1407,1,0.0518575,0.276386,0.104593,0.104844,0.105093,0.10534,0.04,-11.3038,-11.0344,72,350
1775443057705,1408,1,0.0523871,0.265992,0.0975135,0.0977222,0.0979295,0.0981353,0.04,-11.0344,-10.7911,72,350
1775443057800,1409,1,0.0528741,0.259552,0.0945404,0.0947312,0.0949208,0.095109,0.04,-10.7911,-10.6511,72,350
1775443057922,1410,1,0.0542921,0.243837,0.0672741,0.0673643,0.0674541,0.0675433,0.04,-10.6511,-10.3286,72,350
1775443058022,1411,1,0.0556662,0.226526,0.0330308,0.0330509,0.0330709,0.0330909,0.04,-10.3286,-9.96093,72,350
1775443058122,1412,1,0.0559681,0.220333,0.0276356,0.0276493,0.0276629,0.0276765,0.04,-9.96093,-9.81518,72,350
1775443058224,1413,1,0.0561294,0.202861,0.00590092,0.00590149,0.00590206,0.00590263,0.04,-9.81518,-9.35753,72,350
1775443058343,1414,1,0.0565657,0.190537,0.0126654,0.0126629,0.0126605,0.012658,0.04,-9.35753,-9.05339,72,350
1775443058441,1415,1,0.0556467,0.184683,0.00293428,0.00293416,0.00293403,0.0029339,0.04,-9.05339,-8.83323,73,350
1775443058551,1416,1,0.0557628,0.173797,0.0202641,0.0202584,0.0202527,0.0202469,0.04,-8.83323,-8.54423,75,350
1775443058662,1417,1,0.0580578,0.148609,0.102769,0.102644,0.102516,0.102386,0.04,-8.54423,-8.00875,78,350
1775443058777,1418,1,0.0604156,0.122022,0.197391,0.197008,0.196611,0.196199,0.04,-8.00875,-7.4379,80,350
1775443058895,1419,1,0.0604529,0.104153,0.248597,0.248076,0.247524,0.246943,0.04,-7.4379,-6.94935,82,350
1775443059017,1420,1,0.0617939,0.0806236,0.325843,0.325137,0.324364,0.323523,0.04,-6.94935,-6.39371,84,350
1775443059124,1421,1,0.0628303,0.0632418,0.387946,0.387143,0.386224,0.385191,0.04,-6.39371,-5.98555,86,350
1775443059231,1422,1,0.0639045,0.0451498,0.456644,0.455813,0.454791,0.453582,0.04,-5.98555,-5.55978,87,350
1775443059368,1423,1,0.0645022,0.0324617,0.502987,0.502217,0.501193,0.499915,0.04,-5.55978,-5.25069,88,350
1775443059508,1424,1,0.0656514,0.0123386,0.588589,0.588049,0.587098,0.585739,0.04,-5.25069,-4.7725,89,350
1775443059611,1425,1,0.0659418,-0.000851035,0.655149,0.654892,0.654067,0.652676,0.04,-4.7725,-4.42539,90,350
1775443059736,1426,1,0.0674211,-0.0166931,0.727675,0.727974,0.727491,0.726228,0.04,-4.42539,-4.08766,91,350
1775443059846,1427,1,0.0678023,-0.0265684,0.787746,0.788537,0.788334,0.787139,0.04,-4.08766,-3.83741,91,350
1775443059965,1428,1,0.0679487,-0.0339554,0.841495,0.842769,0.842829,0.841677,0.04,-3.83741,-3.63923,92,350
1775443060087,1429,1,0.0676982,-0.0364369,0.866089,0.867565,0.867718,0.866547,0.04,-3.63923,-3.55093,92,350
1775443060193,1430,1,0.0681005,-0.0422332,0.910035,0.912004,0.912437,0.911331,0.04,-3.55093,-3.41499,92,350
1775443060338,1431,1,0.0666479,-0.0415352,0.933615,0.935619,0.935964,0.934648,0.04,-3.41499,-3.3299,92,350
1775443060445,1432,1,0.0649103,-0.0377617,0.93931,0.941071,0.941145,0.93953,0.04,-3.3299,-3.31116,92,350
1775443060557,1433,1,0.0629043,-0.0334715,0.960406,0.961918,0.961627,0.959536,0.04,-3.31116,-3.28548,93,350
1775443060662,1434,1,0.061104,-0.0272964,0.957553,0.958616,0.957893,0.955393,0.04,-3.28548,-3.32874,92,350
1775443060789,1435,1,0.0577203,-0.0161788,0.940852,0.941125,0.939708,0.936616,0.04,-3.32874,-3.39859,92,350
1775443060908,1436,1,0.0546605,-0.00516222,0.923991,0.923535,0.921485,0.917857,0.04,-3.39859,-3.48808,92,350
1775443061048,1437,1,0.0513796,0.00848487,0.890266,0.889028,0.886369,0.882312,0.04,-3.48808,-3.63605,92,350
1775443061190,1438,1,0.0483457,0.0187233,0.875072,0.873277,0.870138,0.865682,0.04,-3.63605,-3.70599,92,350
1775443061296,1439,1,0.0432798,0.0404302,0.816094,0.813445,0.809718,0.804937,0.04,-3.70599,-3.95258,91,350
1775443061436,1440,1,1.14454,-1.472,0.0513492,0.0797394,0.133424,0.247844,0.04,-3.95258,-28,72,383.008
1775443061544,1441,1,0.188937,-0.519994,1.81608,1.98755,2.15891,2.32373,0.04,-28,1.36403,99,383.008
1775443061660,1442,1,0.244979,-0.681113,1.67082,1.91042,2.17245,2.45038,0.04,1.36403,1.86631,99,383.008
1775443061758,1443,1,0.246428,-0.69046,1.68804,1.9401,2.21754,2.51348,0.04,1.86631,2.02753,99,383.008
1775443061863,1444,1,0.239757,-0.67433,1.73088,1.98298,2.25812,2.54853,0.04,2.02753,2.05694,100,383.008
1775443061974,1445,1,0.226013,-0.640239,1.82341,2.07527,2.34502,2.62327,0.04,2.05694,2.09465,100,383.008
1775443062084,1446,1,0.208988,-0.597373,1.93577,2.18441,2.44407,2.7037,0.04,2.09465,2.12274,100,383.008
1775443062187,1447,1,0.203389,-0.582786,2.00135,2.25544,2.51837,2.77788,0.04,2.12274,2.1253,100,383.008
1775443062347,1448,1,0.193023,-0.552389,2.101,2.35562,2.61378,2.86178,0.04,2.1253,2.03124,100,383.008
1775443062463,1449,1,0.167559,-0.472205,2.25597,2.48254,2.69906,2.89207,0.04,2.03124,1.62812,99,383.008
1775443062587,1450,1,0.150195,-0.413435,2.31853,2.51424,2.69235,2.84133,0.04,1.62812,1.23339,98,487.216
1775443062699,1451,1,0.120245,-0.304674,2.34045,2.47142,2.57774,2.65276,0.04,1.23339,0.338473,97,451.531
1775443062813,1452,1,0.10622,-0.248681,2.29414,2.39111,2.46354,2.50717,0.04,0.338473,-0.225814,97,434.538
1775443062928,1453,1,0.0889711,-0.179658,2.22112,2.28163,2.31923,2.33191,0.04,-0.225814,-0.924252,96,414.366
1775443063045,1454,1,0.0714821,-0.103735,2.08602,2.11242,2.11991,2.10815,0.04,-0.924252,-1.8006,95,395.173
1775443063159,1455,1,0.0610095,-0.0550301,1.97554,1.9845,1.97767,1.95531,0.04,-1.8006,-2.41632,94,382.294
1775443063268,1456,1,0.0440452,0.0253409,1.6912,1.68068,1.66071,1.63182,0.04,-2.41632,-3.46657,92,365.335
1775443063393,1457,1,0.0264403,0.114739,1.27115,1.25458,1.23427,1.21056,0.04,-3.46657,-4.73363,89,349.825
1775443063524,1458,1,0.0260193,0.130127,1.25636,1.23825,1.21662,1.19179,0.04,-4.73363,-5.12327,88,348.236
1775443063656,1459,1,0.0265536,0.14074,1.28176,1.26148,1.23752,1.21026,0.04,-5.12327,-5.44393,88,347.536
1775443063772,1460,1,0.0263879,0.152131,1.29091,1.26878,1.24298,1.2139,0.04,-5.44393,-5.73967,87,346.064
1775443063878,1461,1,0.0261834,0.161255,1.26925,1.2467,1.2207,1.19164,0.04,-5.73967,-5.9757,86,344.466
1775443064017,1462,1,0.0257579,0.171079,1.24292,1.22009,1.19407,1.16524,0.04,-5.9757,-6.21603,85,342.384
1775443064107,1463,1,0.0249441,0.185036,1.22274,1.19894,1.17219,1.14286,0.04,-6.21603,-6.54055,84,340.152
1775443064253,1464,1,0.0243355,0.192481,1.18108,1.15806,1.13241,1.10447,0.04,-6.54055,-6.70599,83,339.072
1775443064388,1465,1,0.0238809,0.203277,1.16155,1.13807,1.11216,1.08413,0.04,-6.70599,-6.96959,82,337.658
1775443064495,1466,1,0.0236816,0.210982,1.11438,1.09201,1.06752,1.04118,0.04,-6.96959,-7.17101,81,337.042
1775443064611,1467,1,0.0219985,0.224516,1.03055,1.01026,0.988325,0.964968,0.04,-7.17101,-7.43291,80,335.65
1775443064735,1468,1,0.0207382,0.234318,0.962958,0.944496,0.924723,0.903806,0.04,-7.43291,-7.62077,79,334.856
1775443064859,1469,1,0.0193654,0.244202,0.902398,0.885515,0.867574,0.848711,0.04,-7.62077,-7.80205,79,334.328
1775443064975,1470,1,0.0195613,0.246063,0.870446,0.854629,0.837866,0.820273,0.04,-7.80205,-7.87052,78,333.867
1775443065087,1471,1,0.0179287,0.255388,0.793733,0.780092,0.765747,0.75078,0.04,-7.87052,-8.02108,77,333.884
1775443065195,1472,1,0.0177327,0.257463,0.754148,0.741745,0.728737,0.715193,0.04,-8.02108,-8.0694,77,333.726
1775443065345,1473,1,0.0171073,0.26028,0.713355,0.702142,0.69042,0.678243,0.04,-8.0694,-8.10834,77,333.746
1775443065446,1474,1,0.0153681,0.265257,0.63742,0.628306,0.61883,0.609028,0.04,-8.10834,-8.134,77,333.839
1775443065559,1475,1,0.0156649,0.263523,0.619077,0.610545,0.60168,0.592511,0.04,-8.134,-8.11029,77,334.113
1775443065671,1476,1,0.0153526,0.262603,0.602823,0.594768,0.586403,0.577757,0.04,-8.11029,-8.06626,77,334.481
1775443065789,1477,1,0.0151326,0.261131,0.587446,0.579847,0.571959,0.563807,0.04,-8.06626,-8.01353,77,335.45
1775443065892,1478,1,0.0142464,0.261559,0.573498,0.566246,0.558725,0.550958,0.04,-8.01353,-7.966,78,336.162
1775443066015,1479,1,0.0134885,0.261607,0.552694,0.545962,0.538989,0.531793,0.04,-7.966,-7.91807,78,337.648
1775443066140,1480,1,0.0134482,0.25828,0.563637,0.556729,0.549563,0.54216,0.04,-7.91807,-7.8237,78,338.624
1775443066279,1481,1,0.0134914,0.252627,0.582972,0.575752,0.568241,0.560463,0.04,-7.8237,-7.67094,79,339.668
1775443066395,1482,1,0.0129862,0.248852,0.597041,0.589585,0.581814,0.573754,0.04,-7.67094,-7.53191,80,341.903
1775443066510,1483,1,0.0125588,0.245284,0.621791,0.61382,0.605491,0.596834,0.04,-7.53191,-7.40222,80,343.241
1775443066642,1484,1,0.0127891,0.239675,0.652455,0.643881,0.634888,0.625512,0.04,-7.40222,-7.2619,81,344.536
1775443066805,1485,1,0.0120104,0.235684,0.695115,0.685537,0.675451,0.6649,0.04,-7.2619,-7.09395,82,346.926
1775443066913,1486,1,0.0132069,0.222275,0.782783,0.771313,0.759099,0.74621,0.04,-7.09395,-6.80105,83,348.733
1775443067034,1487,1,0.0135106,0.216685,0.810587,0.798591,0.785759,0.772171,0.04,-6.80105,-6.66669,83,349.527
1775443067156,1488,1,0.0139194,0.207844,0.875698,0.862238,0.84771,0.832219,0.04,-6.66669,-6.4463,84,350.499
1775443067277,1489,1,0.014024,0.201991,0.910629,0.896464,0.881086,0.864615,0.04,-6.4463,-6.29008,85,351.581
1775443067390,1490,1,0.0142282,0.196162,0.955985,0.94079,0.92418,0.906299,0.04,-6.29008,-6.13992,85,352.335
1775443067513,1491,1,0.0148304,0.191052,1.00612,0.989678,0.971582,0.951999,0.04,-6.13992,-6.03601,86,353.197
1775443067650,1492,1,0.0159124,0.182852,1.07752,1.05939,1.0392,1.01718,0.04,-6.03601,-5.87857,86,354.609
1775443067762,1493,1,0.0181967,0.174834,1.14242,1.12284,1.10078,1.07652,0.04,-5.87857,-5.80998,86,355.417
1775443067895,1494,1,0.0178118,0.177089,1.14672,1.12674,1.10427,1.07958,0.04,-5.80998,-5.84384,86,356.226
1775443068012,1495,1,0.0181391,0.177038,1.16356,1.14297,1.11978,1.09429,0.04,-5.84384,-5.86266,86,357.023
1775443068151,1496,1,0.0184694,0.177039,1.1833,1.16199,1.13795,1.11149,0.04,-5.86266,-5.8827,86,357.826
1775443068268,1497,1,0.0185368,0.179071,1.21266,1.18999,1.16441,1.13626,0.04,-5.8827,-5.93824,86,358.56
1775443068388,1498,1,0.0180459,0.183954,1.2189,1.19539,1.16895,1.13994,0.04,-5.93824,-6.03566,86,359.092
1775443068532,1499,1,0.0181052,0.186604,1.22123,1.1973,1.17044,1.14102,0.04,-6.03566,-6.11121,85,359.095
1775443068669,1500,1,0.0172048,0.193685,1.21783,1.19316,1.16562,1.13561,0.04,-6.11121,-6.24123,85,360.003
1775443068792,1501,1,0.0161813,0.200953,1.20122,1.17635,1.14878,1.11888,0.04,-6.24123,-6.36969,85,360.544
1775443068906,1502,1,0.016375,0.203644,1.20613,1.18073,1.1526,1.12214,0.04,-6.36969,-6.45524,84,361.466
1775443069022,1503,1,0.015069,0.213924,1.17086,1.14576,1.11823,1.08861,0.04,-6.45524,-6.64827,83,362.439
1775443069152,1504,1,0.0148691,0.219828,1.17199,1.14615,1.1179,1.08762,0.04,-6.64827,-6.79417,83,363.531
1775443069283,1505,1,0.0153696,0.221332,1.16831,1.14245,1.11423,1.084,0.04,-6.79417,-6.86995,83,364.541
1775443069393,1506,1,0.0149202,0.226505,1.1855,1.15823,1.12853,1.09679,0.04,-6.86995,-6.97661,82,366.374
1775443069534,1507,1,0.0143074,0.233773,1.16224,1.13521,1.10593,1.07475,0.04,-6.97661,-7.13428,82,367.91
1775443069637,1508,1,0.0149051,0.237846,1.14929,1.1224,1.09335,1.06251,0.04,-7.13428,-7.28758,81,369.615
1775443069758,1509,1,0.0151553,0.23936,1.15802,1.13054,1.10086,1.06936,0.04,-7.28758,-7.34466,81,371.025
1775443069878,1510,1,0.0144548,0.248296,1.10937,1.08322,1.05519,1.02559,0.04,-7.34466,-7.54489,80,372.303
1775443070009,1511,1,0.0148854,0.25147,1.10215,1.07601,1.04803,1.01854,0.04,-7.54489,-7.66155,79,372.545
1775443070126,1512,1,0.0125321,0.264042,1.01172,0.988602,0.964114,0.938483,0.04,-7.66155,-7.85188,78,374.604
1775443070250,1513,1,0.0139272,0.260591,1.02856,1.00498,0.979948,0.953702,0.04,-7.85188,-7.85248,78,375.014
1775443070385,1514,1,0.0130691,0.265609,1.00598,0.982979,0.958643,0.93319,0.04,-7.85248,-7.93219,78,375.731
1775443070500,1515,1,0.0136783,0.262388,1.048,1.02333,0.997133,0.969677,0.04,-7.93219,-7.88127,78,376.95
1775443070624,1516,1,0.0139943,0.26039,1.06822,1.04277,1.01571,0.987308,0.04,-7.88127,-7.84619,78,377.896
1775443070733,1517,1,0.0130165,0.262361,1.05913,1.03393,1.00715,0.979083,0.04,-7.84619,-7.8333,78,378.433
1775443070855,1518,1,0.0133815,0.258621,1.11869,1.09094,1.06134,1.03021,0.04,-7.8333,-7.74907,79,379.221
1775443070980,1519,1,0.0139688,0.255227,1.16165,1.1321,1.10045,1.0671,0.04,-7.74907,-7.69185,79,379.727
1775443071101,1520,1,0.0140776,0.253655,1.20421,1.17261,1.13868,1.10286,0.04,-7.69185,-7.65101,79,381.268
1775443071233,1521,1,0.0134922,0.254325,1.2341,1.20079,1.16499,1.1272,0.04,-7.65101,-7.62471,79,382.008
1775443071343,1522,1,0.0129046,0.255018,1.22823,1.19515,1.15962,1.12212,0.04,-7.62471,-7.60372,79,382.976
1775443071447,1523,1,0.0139161,0.248457,1.31303,1.27612,1.23619,1.19384,0.04,-7.60372,-7.48448,80,383.837
1775443071569,1524,1,0.0141897,0.245277,1.34984,1.31129,1.26944,1.22497,0.04,-7.48448,-7.41231,80,385.139
1775443071702,1525,1,0.0142178,0.243489,1.40792,1.36621,1.32077,1.27238,0.04,-7.41231,-7.35812,81,386.196
1775443071814,1526,1,0.0135843,0.244892,1.39941,1.35797,1.31288,1.26491,0.04,-7.35812,-7.3535,81,386.55
1775443071933,1527,1,0.0129284,0.247653,1.3931,1.35158,1.30648,1.25858,0.04,-7.3535,-7.38385,80,386.615
1775443072046,1528,1,0.0122444,0.249191,1.37328,1.3327,1.28871,1.24203,0.04,-7.38385,-7.38094,80,386.622
1775443072171,1529,1,0.0109825,0.254529,1.34511,1.30536,1.26245,1.21707,0.04,-7.38094,-7.44213,80,386.709
1775443072283,1530,1,0.00974962,0.257571,1.32574,1.28667,1.24461,1.2002,0.04,-7.44213,-7.442,80,386.703
1775443072402,1531,1,0.00953173,0.260462,1.30131,1.26327,1.22241,1.17934,0.04,-7.442,-7.50851,80,387.05
1775443072498,1532,1,0.00856402,0.263715,1.26583,1.2294,1.19041,1.14938,0.04,-7.50851,-7.53455,80,387.139
1775443072602,1533,1,0.00863403,0.26173,1.28215,1.24505,1.20527,1.16337,0.04,-7.53455,-7.48347,80,387.445
1775443072710,1534,1,0.0080934,0.262144,1.29216,1.25441,1.21391,1.17127,0.04,-7.48347,-7.45601,80,387.299
1775443072840,1535,1,0.00662063,0.269146,1.21751,1.18314,1.14651,1.1081,0.04,-7.45601,-7.55392,80,387.798
1775443072968,1536,1,0.00615499,0.272522,1.18289,1.15005,1.11515,1.07863,0.04,-7.55392,-7.61784,79,388.092
1775443073098,1537,1,0.00641122,0.270264,1.20039,1.16685,1.13115,1.09374,0.04,-7.61784,-7.57206,80,388.418
1775443073214,1538,1,0.00622299,0.270886,1.19134,1.15823,1.12301,1.08612,0.04,-7.57206,-7.57712,80,389.06
1775443073338,1539,1,0.00594027,0.271695,1.18261,1.14989,1.11511,1.07869,0.04,-7.57712,-7.58069,80,389.747
1775443073450,1540,1,0.00534132,0.27336,1.17032,1.13808,1.10386,1.06806,0.04,-7.58069,-7.58608,80,390.334
1775443073547,1541,1,0.00498817,0.274268,1.16765,1.13544,1.10127,1.06555,0.04,-7.58608,-7.58664,80,391.243
1775443073654,1542,1,0.00402109,0.279202,1.14853,1.11679,1.08322,1.04819,0.04,-7.58664,-7.65604,79,392.26
1775443073762,1543,1,0.00387907,0.278965,1.18017,1.14666,1.11117,1.07413,0.04,-7.65604,-7.63558,79,393.064
1775443073874,1544,1,0.00275432,0.284843,1.13817,1.10634,1.07276,1.03782,0.04,-7.63558,-7.7227,79,393.585
1775443073988,1545,1,0.00283492,0.284455,1.15842,1.12548,1.0907,1.05449,0.04,-7.7227,-7.71506,79,394.299
1775443074081,1546,1,0.00143284,0.291016,1.11962,1.08812,1.055,1.02062,0.04,-7.71506,-7.80111,79,394.849
1775443074196,1547,1,0.000708211,0.29461,1.08461,1.05467,1.02329,0.990764,0.04,-7.80111,-7.85314,78,395.768
1775443074308,1548,1,0.000133496,0.297196,1.08202,1.05194,1.02044,0.987839,0.04,-7.85314,-7.88383,78,396.704
1775443074416,1549,1,-8.57785e-05,0.300208,1.07311,1.04321,1.01194,0.97961,0.04,-7.88383,-7.95141,78,397.674
1775443074530,1550,1,-0.000283938,0.301109,1.08925,1.05833,1.02599,0.992554,0.04,-7.95141,-7.95995,78,398.686
1775443074630,1551,1,-0.00116614,0.307602,1.05454,1.0249,0.994002,0.962148,0.04,-7.95995,-8.0795,77,399.092
1775443074721,1552,1,-0.00150778,0.310626,1.04578,1.01631,0.985646,0.954064,0.04,-8.0795,-8.13896,77,399.42
1775443074818,1553,1,-0.000993822,0.307087,1.09049,1.05882,1.02578,0.991692,0.04,-8.13896,-8.07265,77,399.601
1775443074919,1554,1,-4.80115e-05,0.303757,1.13272,1.09893,1.06357,1.02705,0.04,-8.07265,-8.04209,77,400.47
1775443075028,1555,1,0.00102909,0.298265,1.21249,1.17446,1.1345,1.09309,0.04,-8.04209,-7.95715,78,400.041
1775443075135,1556,1,0.00147709,0.296034,1.2987,1.25534,1.20961,1.16217,0.04,-7.95715,-7.9163,78,400.472
1775443075290,1557,1,0.00253617,0.29247,1.37645,1.32828,1.27729,1.22428,0.04,-7.9163,-7.88277,78,400.475
1775443075397,1558,1,0.00369712,0.288082,1.51084,1.45355,1.39254,1.32896,0.04,-7.88277,-7.82681,78,400.884
1775443075508,1559,1,0.00478997,0.281536,1.62581,1.56086,1.49122,1.41842,0.04,-7.82681,-7.71039,79,400.982
1775443075621,1560,1,0.00128393,0.302204,1.33301,1.28627,1.23708,1.18616,0.04,-7.71039,-8.06561,77,399.861
1775443075766,1561,1,-0.00226108,0.325407,0.950615,0.925023,0.898588,0.871515,0.04,-8.06561,-8.49988,75,398.32
1775443075890,1562,1,-0.00396201,0.336709,0.802583,0.783668,0.764266,0.744484,0.04,-8.49988,-8.7088,74,397.67
1775443075998,1563,1,-0.0050912,0.345951,0.700788,0.685933,0.670766,0.655353,0.04,-8.7088,-8.89519,73,397.219
1775443076113,1564,1,-0.00546008,0.349679,0.670338,0.65658,0.642556,0.62832,0.04,-8.89519,-8.9749,72,396.697
1775443076219,1565,1,-0.00635973,0.354748,0.61403,0.6023,0.590369,0.578277,0.04,-8.9749,-9.05795,72,396.478
1775443076344,1566,1,-0.00644176,0.355254,0.608787,0.597238,0.585493,0.573592,0.04,-9.05795,-9.06675,72,395.755
1775443076456,1567,1,-0.00942684,0.36748,0.53515,0.525866,0.516462,0.50696,0.04,-9.06675,-9.20193,72,396.316
1775443076566,1568,1,-0.0112605,0.372334,0.518457,0.509607,0.500651,0.49161,0.04,-9.20193,-9.2091,72,397.508
1775443076677,1569,1,-0.0122322,0.37374,0.510016,0.501413,0.492711,0.483929,0.04,-9.2091,-9.18126,72,398.724
1775443076799,1570,1,-0.0143032,0.37834,0.489542,0.481498,0.473371,0.465176,0.04,-9.18126,-9.16569,72,399.935
1775443076904,1571,1,-0.0163817,0.388238,0.400584,0.39503,0.389433,0.383801,0.04,-9.16569,-9.30287,72,400.734
1775443077014,1572,1,-0.0164,0.385657,0.396511,0.391114,0.385674,0.3802,0.04,-9.30287,-9.23249,72,401.302
1775443077158,1573,1,-0.0180344,0.39011,0.332348,0.328505,0.324637,0.320748,0.04,-9.23249,-9.2496,72,401.321
1775443077325,1574,1,-0.0180905,0.383976,0.351038,0.346833,0.342597,0.338335,0.04,-9.2496,-9.07712,72,401.058
1775443077453,1575,1,-0.0185282,0.381938,0.322032,0.318517,0.314978,0.311417,0.04,-9.07712,-8.99613,72,400.349
1775443077599,1576,1,-0.0186338,0.377442,0.299185,0.296197,0.293187,0.290159,0.04,-8.99613,-8.87073,73,399.435
1775443077711,1577,1,-0.0200247,0.378981,0.230567,0.228784,0.226992,0.225191,0.04,-8.87073,-8.82671,73,396.553
1775443077863,1578,1,-0.021678,0.38317,0.135848,0.135221,0.134593,0.133962,0.04,-8.82671,-8.84038,73,393.074
1775443077973,1579,1,-0.0198356,0.371295,0.139043,0.138412,0.137778,0.137142,0.04,-8.84038,-8.64611,74,391.552
1775443078095,1580,1,-0.0203013,0.369765,0.107654,0.107278,0.1069,0.106522,0.04,-8.64611,-8.57744,75,390.226
1775443078222,1581,1,-0.0217998,0.371284,0.0129228,0.0129173,0.0129119,0.0129065,0.04,-8.57744,-8.52996,75,386.941
1775443078346,1582,1,-0.0200317,0.358683,0.0126846,0.0126795,0.0126745,0.0126695,0.04,-8.52996,-8.31144,76,384.39
1775443078466,1583,1,-0.0194066,0.352568,0.000856644,0.000856622,0.000856599,0.000856577,0.04,-8.31144,-8.19114,77,382.706
1775443078617,1584,1,-0.0187747,0.344329,0.0129686,0.0129736,0.0129786,0.0129835,0.04,-8.19114,-8.01012,78,380.449
1775443078739,1585,1,-0.0182299,0.333956,0.0252107,0.0252289,0.0252471,0.0252653,0.04,-8.01012,-7.76538,79,378.34
1775443078859,1586,1,-0.0175539,0.324317,0.0302922,0.0303176,0.0303429,0.0303682,0.04,-7.76538,-7.55067,80,376.274
1775443078975,1587,1,-0.0185275,0.320933,0.0512458,0.0513175,0.051389,0.0514603,0.04,-7.55067,-7.38865,80,374.585
1775443079095,1588,1,-0.018134,0.311419,0.0619615,0.0620626,0.0621634,0.0622639,0.04,-7.38865,-7.15691,81,372.933
1775443079231,1589,1,-0.0171433,0.304623,0.0611111,0.0612069,0.0613024,0.0613977,0.04,-7.15691,-7.04169,82,372.299
1775443079338,1590,1,-0.0166516,0.2965,0.0627176,0.0628155,0.062913,0.0630101,0.04,-7.04169,-6.85582,83,371.604
1775443079451,1591,1,-0.0147889,0.28585,0.0380871,0.0381217,0.0381563,0.0381907,0.04,-6.85582,-6.70041,83,370.951
1775443079572,1592,1,-0.0131874,0.274512,0.0203496,0.0203591,0.0203685,0.0203779,0.04,-6.70041,-6.50729,84,370.358
1775443079713,1593,1,-0.0117994,0.264795,0.000562122,0.000562115,0.000562108,0.000562101,0.04,-6.50729,-6.34358,85,370.221
1775443079860,1594,1,-0.010024,0.254173,0.0235378,0.0235262,0.0235146,0.0235029,0.04,-6.34358,-6.17535,85,369.438
1775443079983,1595,1,-0.00807763,0.242705,0.060813,0.0607392,0.0606651,0.0605906,0.04,-6.17535,-5.99379,86,368.988
1775443080116,1596,1,-0.00395424,0.220373,0.134896,0.134568,0.134236,0.1339,0.04,-5.99379,-5.66304,87,367.733
1775443080224,1597,1,-0.00101737,0.207508,0.180827,0.180274,0.17971,0.179136,0.04,-5.66304,-5.5108,87,366.992
1775443080355,1598,1,0.0006091,0.200277,0.18973,0.189142,0.188543,0.187932,0.04,-5.5108,-5.4262,88,365.913
1775443080488,1599,1,0.00298682,0.189354,0.243068,0.242156,0.241218,0.240256,0.04,-5.4262,-5.28672,88,366.188
1775443080598,1600,1,0.00568255,0.175702,0.31443,0.313011,0.311537,0.310009,0.04,-5.28672,-5.09263,89,366.228
1775443080719,1601,1,0.00723976,0.168904,0.334564,0.333019,0.331407,0.32973,0.04,-5.09263,-5.01323,89,365.353
1775443080849,1602,1,0.00921714,0.159078,0.385171,0.383238,0.381201,0.379063,0.04,-5.01323,-4.87625,89,365.077
1775443080973,1603,1,0.0111731,0.149541,0.448478,0.446003,0.443363,0.440564,0.04,-4.87625,-4.74367,89,365.118
1775443081104,1604,1,0.0140015,0.137951,0.521927,0.518815,0.51544,0.511811,0.04,-4.74367,-4.61425,90,364.695
1775443081229,1605,1,0.0162151,0.128016,0.603579,0.599682,0.595376,0.590676,0.04,-4.61425,-4.48592,90,364.011
1775443081334,1606,1,0.0185084,0.117434,0.701516,0.696625,0.691088,0.684931,0.04,-4.48592,-4.34315,90,363.748
1775443081457,1607,1,0.0210174,0.107389,0.791081,0.78531,0.778607,0.771013,0.04,-4.34315,-4.23108,91,363.371
1775443081576,1608,1,0.0228482,0.0982662,0.901002,0.894019,0.885654,0.875973,0.04,-4.23108,-4.09414,91,363.198
1775443081695,1609,1,0.0249862,0.087823,1.01173,1.00366,0.993627,0.981725,0.04,-4.09414,-3.94262,91,362.771
1775443081823,1610,1,0.0251001,0.0920289,1.03186,1.02309,1.01225,0.999444,0.04,-3.94262,-4.06124,91,361.16
1775443081954,1611,1,0.0263343,0.0874424,1.12721,1.11709,1.10427,1.08889,0.04,-4.06124,-4.00825,91,360.788
1775443082104,1612,1,0.0283811,0.0807978,1.22543,1.21411,1.19931,1.18124,0.04,-4.00825,-3.95524,91,360.594
1775443082238,1613,1,0.0318763,0.0633937,1.50263,1.48808,1.46707,1.44007,0.04,-3.95524,-3.68501,92,360.666
1775443082370,1614,1,0.0303387,0.0743389,1.52777,1.51068,1.48689,1.45693,0.04,-3.68501,-3.87175,91,359.28
1775443082494,1615,1,0.0351857,0.0504126,1.86184,1.84179,1.80947,1.76598,0.04,-3.87175,-3.51083,92,359.58
1775443082631,1616,1,0.0343977,0.0548799,1.9165,1.89379,1.8578,1.8098,0.04,-3.51083,-3.56996,92,359.046
1775443082751,1617,1,0.0343993,0.0597547,2.20379,2.17058,2.11757,2.0472,0.04,-3.56996,-3.6635,92,357.373
1775443082876,1618,1,0.031071,0.0809864,2.07811,2.04199,1.98963,1.92315,0.04,-3.6635,-4.02676,91,355.706
1775443082993,1619,1,0.0314995,0.0832365,2.23362,2.19029,2.12705,2.04683,0.04,-4.02676,-4.09705,91,354.588
1775443083101,1620,1,0.0224814,0.136845,1.92444,1.87775,1.81916,1.75066,0.04,-4.09705,-4.96988,89,351.956
1775443083259,1621,1,0.0165201,0.175162,1.66239,1.61963,1.56963,1.51363,0.04,-4.96988,-5.63186,87,350.262
1775443083407,1622,1,0.00139989,0.274277,0.274892,0.273154,0.271386,0.269589,0.04,-5.63186,-7.46814,80,347.324
1775443083514,1623,1,-0.00908927,0.344473,0.513799,0.52157,0.529169,0.536578,0.04,-7.46814,-8.60018,74,345.72
1775443083646,1624,1,-0.012816,0.374707,1.17909,1.22408,1.267,1.30721,0.04,-8.60018,-9.04186,72,345.3
1775443083771,1625,1,-0.0154679,0.397626,1.71625,1.81865,1.9145,2.00063,0.04,-9.04186,-9.37562,72,346.241
1775443083904,1626,1,-0.0254426,0.459069,3.02761,3.41544,3.76489,4.03353,0.04,-9.37562,-10.0735,72,345.861
1775443084023,1627,1,0.232046,-0.777958,0.156314,0.1537,0.15113,0.148603,0.04,-10.0735,5.03646,105,343.285
1775443084159,1628,1,0.0464782,0.108843,0.0146065,0.0146047,0.0146029,0.014601,0.04,5.03646,-6.14828,85,350
1775443084296,1629,1,0.0444609,0.103688,0.0108779,0.010877,0.010876,0.010875,0.04,-6.14828,-5.87033,86,350
1775443084406,1630,1,0.0420164,0.09186,0.00775629,0.00775586,0.00775542,0.00775499,0.04,-5.87033,-5.3824,88,350
1775443084518,1631,1,0.0410699,0.0829581,0.0189525,0.0189502,0.0189478,0.0189454,0.04,-5.3824,-5.07461,89,350
1775443084629,1632,1,0.0395923,0.0762365,0.0118437,0.0118429,0.011842,0.0118412,0.04,-5.07461,-4.79203,89,350
1775443084801,1633,1,0.0387598,0.0728711,0.0138281,0.013827,0.0138259,0.0138248,0.04,-4.79203,-4.64324,90,350
1775443084910,1634,1,0.0370739,0.0685605,0.000503124,0.000503122,0.000503121,0.00050312,0.04,-4.64324,-4.41247,90,350
1775443085025,1635,1,0.0368116,0.0648385,0.00266582,0.00266578,0.00266575,0.00266571,0.04,-4.41247,-4.29338,90,350
1775443085136,1636,1,0.0360158,0.0613351,0.00191634,0.00191632,0.0019163,0.00191628,0.04,-4.29338,-4.14387,91,350
1775443085245,1637,1,0.0351717,0.0604698,0.00392325,0.00392332,0.00392339,0.00392347,0.04,-4.14387,-4.06188,91,350
1775443085401,1638,1,0.0352291,0.0563026,0.000376958,0.000376957,0.000376956,0.000376956,0.04,-4.06188,-3.95376,91,350
1775443085511,1639,1,0.0345836,0.0510136,0.00519175,0.00519164,0.00519153,0.00519142,0.04,-3.95376,-3.76548,92,350
1775443085631,1640,1,0.0338342,0.0498953,3.371e-06,3.371e-06,3.371e-06,3.371e-06,0.04,-3.76548,-3.68432,92,350
1775443085750,1641,1,0.0314945,0.0540744,0.0299462,0.0299499,0.0299536,0.0299573,0.04,-3.68432,-3.63103,92,350
1775443085873,1642,1,0.031766,0.0486068,0.0228558,0.0228578,0.0228598,0.0228617,0.04,-3.63103,-3.50311,92,350
1775443085991,1643,1,0.0311519,0.0469953,0.0255093,0.0255116,0.025514,0.0255163,0.04,-3.50311,-3.41673,92,350
1775443086102,1644,1,0.0303236,0.0454413,0.0322805,0.0322842,0.0322878,0.0322913,0.04,-3.41673,-3.31647,92,350
1775443086218,1645,1,0.0298356,0.0423702,0.0288345,0.0288372,0.0288399,0.0288425,0.04,-3.31647,-3.20032,93,350
1775443086361,1646,1,0.0306834,0.0333625,7.18051e-05,7.18051e-05,7.18051e-05,7.18051e-05,0.04,-3.20032,-3.01991,93,350
1775443086467,1647,1,0.0311963,0.027826,0.00542713,0.00542707,0.005427,0.00542694,0.04,-3.01991,-2.90478,93,350
1775443086580,1648,1,0.0318458,0.0219387,0.01664,0.0166395,0.016639,0.0166385,0.04,-2.90478,-2.78869,93,350
1775443086694,1649,1,0.0330849,0.0135244,0.0381688,0.0381672,0.0381655,0.0381637,0.04,-2.78869,-2.64335,94,350
1775443086805,1650,1,0.0338465,0.00740462,0.0477989,0.0477975,0.0477958,0.047794,0.04,-2.64335,-2.52896,94,350
1775443086925,1651,1,0.0341463,0.00398415,0.0500762,0.0500753,0.0500742,0.0500727,0.04,-2.52896,-2.45682,94,350
1775443087036,1652,1,0.0313903,0.011103,0.0101984,0.0101983,0.0101982,0.0101981,0.04,-2.45682,-2.46532,94,350
1775443087141,1653,1,0.030742,0.0128939,0.00501474,0.00501476,0.00501479,0.00501481,0.04,-2.46532,-2.46981,94,350
1775443087249,1654,1,0.0283073,0.0208417,0.036463,0.0364651,0.0364671,0.036469,0.04,-2.46981,-2.5116,94,350
1775443087359,1655,1,0.0279918,0.0199041,0.0307107,0.0307121,0.0307135,0.0307148,0.04,-2.5116,-2.46541,94,350
1775443087461,1656,1,0.0231276,0.0321829,0.0728531,0.0728661,0.0728782,0.0728896,0.04,-2.46541,-2.45487,94,350
1775443087563,1657,1,0.0229743,0.0284007,0.0512502,0.0512559,0.0512613,0.0512664,0.04,-2.45487,-2.3455,94,350
1775443087670,1658,1,0.0215114,0.0270831,0.0295031,0.0295049,0.0295067,0.0295084,0.04,-2.3455,-2.21236,94,350
1775443087780,1659,1,0.0266089,-0.00424697,0.125472,0.125475,0.125474,0.12547,0.04,-2.21236,-1.70204,95,350
1775443087889,1660,1,0.0275332,-0.0151535,0.141257,0.141278,0.141293,0.141302,0.04,-1.70204,-1.46855,95,350
1775443087994,1661,1,0.0255953,-0.0132235,0.0494744,0.0494768,0.049479,0.0494809,0.04,-1.46855,-1.40148,95,350
1775443088096,1662,1,0.0209989,2.62171e-06,4.63441e-06,4.63441e-06,4.63441e-06,4.63441e-06,0.04,-1.40148,-1.44958,95,350
1775443088185,1663,1,0.0209989,2.62171e-06,4.63441e-06,4.63441e-06,4.63441e-06,4.63441e-06,0.04,-1.44958,-1.44958,95,350
1775443088291,1664,1,0.0199991,2.32912e-06,4.13303e-06,4.13303e-06,4.13303e-06,4.13303e-06,0.04,-1.44958,-1.38057,95,350
1775443088388,1665,1,0.0204575,-0.00178498,0.00540335,0.00540334,0.00540334,0.00540333,0.04,-1.38057,-1.36303,95,350
1775443088491,1666,1,0.0181596,0.00406346,0.0230312,0.0230313,0.0230315,0.0230316,0.04,-1.36303,-1.35971,95,350
1775443088601,1667,1,0.0193618,-0.00292958,0.0110999,0.0110999,0.0110999,0.0110998,0.04,-1.35971,-1.25557,96,350
1775443088706,1668,1,0.0188426,-0.00769938,0.00256195,0.00256194,0.00256194,0.00256194,0.04,-1.25557,-1.09216,96,350
1775443088830,1669,1,0.0191236,-0.012767,0.0145575,0.0145577,0.014558,0.0145581,0.04,-1.09216,-0.97265,96,350
1775443088977,1670,1,0.0189051,-0.0163153,0.0259816,0.0259824,0.0259832,0.025984,0.04,-0.97265,-0.859836,96,350
1775443089090,1671,1,0.0189314,-0.0209662,0.035871,0.0358731,0.035875,0.0358769,0.04,-0.859836,-0.734355,96,350
1775443089213,1672,1,0.0178831,-0.0192189,0.0270252,0.0270263,0.0270273,0.0270283,0.04,-0.734355,-0.710608,96,350
1775443089363,1673,1,0.0176106,-0.0214835,0.0333219,0.0333237,0.0333255,0.0333271,0.04,-0.710608,-0.629595,96,350
1775443089485,1674,1,0.0170759,-0.0247022,0.0431227,0.0431262,0.0431295,0.0431327,0.04,-0.629595,-0.504133,96,350
1775443089605,1675,1,0.0166694,-0.027045,0.0536007,0.0536066,0.0536122,0.0536175,0.04,-0.504133,-0.411067,97,350
1775443089728,1676,1,0.0156498,-0.0252407,0.0434608,0.0434644,0.0434679,0.0434712,0.04,-0.411067,-0.391051,97,350
1775443089844,1677,1,0.0147883,-0.0258991,0.0459995,0.0460037,0.0460077,0.0460115,0.04,-0.391051,-0.313402,97,350
1775443089960,1678,1,0.0137346,-0.0260198,0.0395826,0.0395857,0.0395887,0.0395915,0.04,-0.313402,-0.238418,97,350
1775443090097,1679,1,0.0133042,-0.0274973,0.0425429,0.0425467,0.0425504,0.0425539,0.04,-0.238418,-0.168295,97,350
1775443090211,1680,1,0.0122043,-0.0256448,0.0360704,0.036073,0.0360754,0.0360778,0.04,-0.168295,-0.14347,97,350
1775443090360,1681,1,0.0114325,-0.0258262,0.0336794,0.0336817,0.0336838,0.0336859,0.04,-0.14347,-0.0856799,97,350
1775443090476,1682,1,0.0111896,-0.0291066,0.042509,0.042513,0.0425169,0.0425206,0.04,-0.0856799,0.021161,97,350
1775443090584,1683,1,0.0102504,-0.0285945,0.0395459,0.0395493,0.0395526,0.0395558,0.04,0.021161,0.0716864,97,350
1775443090702,1684,1,0.0101733,-0.0308632,0.043567,0.0435714,0.0435758,0.0435799,0.04,0.0716864,0.138974,97,350
1775443090826,1685,1,0.00965911,-0.0319398,0.045174,0.045179,0.0451838,0.0451885,0.04,0.138974,0.203825,97,350
1775443090938,1686,1,0.011265,-0.765499,0.695783,0.747896,0.803631,0.863018,0.04,0.203825,20.0487,122,343.285
1775443091062,1687,1,-0.0644467,0.152837,0.781153,0.788116,0.79414,0.799188,0.04,20.0487,0.44306,98,310.388
1775443091179,1688,1,-0.0635872,0.159948,0.856541,0.865295,0.872813,0.879039,0.04,0.44306,0.204002,97,316.731
1775443091289,1689,1,-0.064028,0.159532,0.866333,0.875255,0.882897,0.889201,0.04,0.204002,0.247201,97,317.114
1775443091401,1690,1,-0.0672097,0.167082,0.885306,0.895108,0.903549,0.910563,0.04,0.247201,0.266013,97,314.196
1775443091501,1691,1,-0.063292,0.150034,0.82866,0.836304,0.842822,0.848169,0.04,0.266013,0.446739,98,316.905
1775443091670,1692,1,-0.0585909,0.131282,0.772337,0.778086,0.782916,0.786797,0.04,0.446739,0.619633,98,321.88
1775443091782,1693,1,-0.0509224,0.101515,0.68237,0.685774,0.688538,0.690649,0.04,0.619633,0.880018,98,330.543
1775443091896,1694,1,-0.0459786,0.0832642,0.633392,0.635758,0.637611,0.638943,0.04,0.880018,1.02401,98,336.319
1775443092031,1695,1,-0.0404926,0.0604069,0.550771,0.552036,0.552963,0.553548,0.04,1.02401,1.24982,98,342.232
1775443092159,1696,1,0.0191282,-0.153561,0.16698,0.167316,0.167644,0.167962,0.04,1.24982,2.8574,101,399.327
1775443092288,1697,1,0.0888684,-0.399514,0.844959,0.870246,0.894949,0.918886,0.04,2.8574,4.80886,105,468.485
1775443092406,1698,1,0.104421,-0.45339,0.942437,0.979884,1.01692,1.05322,0.04,4.80886,5.2118,106,485.953
1775443092526,1699,1,0.109669,-0.473895,0.978906,1.02199,1.06483,1.10702,0.04,5.2118,5.41193,106,490.55
1775443092649,1700,1,0.102146,-0.45446,0.969233,1.00897,1.04826,1.08673,0.04,5.41193,5.40294,106,480.41
1775443092765,1701,1,0.0989431,-0.448729,0.984587,1.02485,1.06458,1.10338,0.04,5.40294,5.47166,107,474.014
1775443092875,1702,1,0.0971812,-0.445527,0.999108,1.04014,1.08058,1.12001,0.04,5.47166,5.50926,107,470.278
1775443092983,1703,1,0.0854719,-0.409096,0.956532,0.989947,1.02255,1.05403,0.04,5.50926,5.323,106,455.511
1775443093109,1704,1,0.0800848,-0.394177,0.960084,0.992103,1.02319,1.05305,0.04,5.323,5.29149,106,446.69
1775443093231,1705,1,0.0759021,-0.38004,0.949882,0.979748,1.00862,1.03624,0.04,5.29149,5.1956,106,440.049
1775443093356,1706,1,0.0659833,-0.346676,0.904074,0.928127,0.951176,0.973027,0.04,5.1956,4.96892,105,426.412
1775443093483,1707,1,0.0550345,-0.307752,0.842455,0.860499,0.877621,0.893694,0.04,4.96892,4.66042,104,413.289
1775443093607,1708,1,0.0360427,-0.236425,0.661448,0.669661,0.677361,0.684514,0.04,4.66042,4.01102,103,394.081
1775443093731,1709,1,0.0118114,-0.142082,0.369627,0.371118,0.372512,0.373805,0.04,4.01102,3.08469,101,370.236
1775443093857,1710,1,-0.0131877,-0.042104,0.00816687,0.00816709,0.00816731,0.00816753,0.04,3.08469,2.0498,100,348.421
1775443093974,1711,1,-0.0121371,-0.0385031,0.00733742,0.00733758,0.00733774,0.0073379,0.04,2.0498,1.87984,99,348.189
1775443094116,1712,1,-0.0120101,-0.0333946,7.08911e-05,7.08912e-05,7.08912e-05,7.08912e-05,0.04,1.87984,1.73182,99,347.797
1775443094257,1713,1,-0.0111702,-0.0322406,0.00316217,0.00316219,0.00316222,0.00316224,0.04,1.73182,1.64313,99,347.096
1775443094396,1714,1,-0.011187,-0.0287287,0.00351652,0.0035165,0.00351647,0.00351644,0.04,1.64313,1.54941,99,347.718
1775443094519,1715,1,-0.0107141,-0.0270388,0.00228613,0.00228612,0.00228611,0.0022861,0.04,1.54941,1.47088,99,347.285
1775443094641,1716,1,-0.0110976,-0.0228009,0.0174964,0.0174958,0.0174953,0.0174947,0.04,1.47088,1.3852,99,347.163
1775443094765,1717,1,-0.0110212,-0.0197767,0.0237783,0.0237775,0.0237765,0.0237756,0.04,1.3852,1.29918,99,346.789
1775443094880,1718,1,-0.010415,-0.0208713,0.019225,0.0192244,0.0192238,0.0192232,0.04,1.29918,1.28618,99,346.252
1775443095003,1719,1,-0.0106721,-0.0174065,0.0320275,0.0320261,0.0320246,0.032023,0.04,1.28618,1.21231,98,346.561
1775443095124,1720,1,-0.00992378,-0.016778,0.0335142,0.0335127,0.0335111,0.0335094,0.04,1.21231,1.1439,98,346.062
1775443095238,1721,1,-0.00878196,-0.0185026,0.0293791,0.0293779,0.0293765,0.0293752,0.04,1.1439,1.11104,98,345.859
1775443095373,1722,1,-0.00784734,-0.0187017,0.0267841,0.026783,0.0267819,0.0267808,0.04,1.11104,1.0515,98,345.692
1775443095539,1723,1,-0.00789241,-0.017677,0.0300738,0.0300725,0.0300712,0.0300698,0.04,1.0515,1.02743,98,346.016
1775443095652,1724,1,-0.00684999,-0.0190003,0.0226703,0.0226695,0.0226687,0.0226679,0.04,1.02743,0.990073,98,346.328
1775443095767,1725,1,-0.00672397,-0.0191672,0.023142,0.0231412,0.0231403,0.0231395,0.04,0.990073,0.985954,98,346.113
1775443095885,1726,1,-0.00602582,-0.0207426,0.0166404,0.01664,0.0166395,0.016639,0.04,0.985954,0.979319,98,346.023
1775443096040,1727,1,-0.0058361,-0.0196156,0.0179246,0.0179241,0.0179236,0.0179231,0.04,0.979319,0.935969,98,346.4
1775443096160,1728,1,-0.0058213,-0.0187356,0.0186422,0.0186416,0.0186411,0.0186406,0.04,0.935969,0.911267,98,346.543
1775443096277,1729,1,-0.00541026,-0.0188595,0.0167322,0.0167318,0.0167314,0.016731,0.04,0.911267,0.88594,98,346.725
1775443096398,1730,1,-0.00562011,-0.0166765,0.023725,0.0237243,0.0237235,0.0237227,0.04,0.88594,0.842526,98,346.684
1775443096515,1731,1,-0.0047357,-0.019541,0.000466607,0.000466607,0.000466608,0.000466608,0.04,0.842526,0.85521,98,346.24
1775443096692,1732,1,-0.00438763,-0.0211904,0.0356337,0.0356358,0.0356377,0.0356396,0.04,0.85521,0.881349,98,346.051
1775443096818,1733,1,-0.00447379,-0.0174567,0.0496675,0.0496708,0.0496737,0.0496765,0.04,0.881349,0.78862,98,345.816
1775443096957,1734,1,-0.00589061,-0.00624833,0.00577207,0.00577209,0.0057721,0.00577212,0.04,0.78862,0.576488,98,345.901
1775443097108,1735,1,-0.00647275,0.00289533,0.0450258,0.0450262,0.0450264,0.0450264,0.04,0.576488,0.375721,97,345.521
1775443097240,1736,1,-0.00672866,0.00903836,0.071953,0.0719563,0.0719588,0.0719606,0.04,0.375721,0.231584,97,344.938
1775443097340,1737,1,-0.00667724,0.0127633,0.0914789,0.0914865,0.0914925,0.091497,0.04,0.231584,0.130428,97,344.147
1775443097463,1738,1,-0.00609245,0.0133202,0.101319,0.101329,0.101336,0.101342,0.04,0.130428,0.0765605,97,342.982
1775443097585,1739,1,-0.0045813,0.0085835,0.0849031,0.0849073,0.0849102,0.084912,0.04,0.0765605,0.0976752,97,342.071
1775443097712,1740,1,-0.00436613,0.00908082,0.0874075,0.0874122,0.0874156,0.0874176,0.04,0.0976752,0.0697826,97,341.166
1775443097828,1741,1,-0.00367387,0.00911231,0.0899605,0.0899656,0.0899691,0.0899712,0.04,0.0697826,0.0215553,97,339.713
1775443098009,1742,1,-0.00298894,0.00704771,0.0829944,0.0829976,0.0829997,0.0830005,0.04,0.0215553,0.0289697,97,339.526
1775443098126,1743,1,-0.00158009,0.00369553,0.0730641,0.0730652,0.0730656,0.0730651,0.04,0.0289697,0.0207632,97,338.491
1775443098252,1744,1,-0.00177098,0.00477447,0.0758383,0.0758401,0.0758409,0.0758408,0.04,0.0207632,0.00521747,97,337.85
1775443098370,1745,1,0.000382136,-0.00173865,0.0558202,0.0558196,0.0558187,0.0558174,0.04,0.00521747,0.0294793,97,337.302
1775443098485,1746,1,0.000250211,-0.000579206,0.052431,0.0524307,0.0524301,0.0524293,0.04,0.0294793,0.00671038,97,336.887
1775443098595,1747,1,0.00106368,-0.00301123,0.0455774,0.0455768,0.045576,0.045575,0.04,0.00671038,0.0152095,97,337.439
1775443098697,1748,1,0.00143348,-0.00352891,0.0439676,0.043967,0.0439662,0.0439653,0.04,0.0152095,0.00342481,97,336.982
1775443098836,1749,1,0.00197163,-0.00520256,0.0355944,0.0355939,0.0355932,0.0355925,0.04,0.00342481,0.0101876,97,336.908
1775443098951,1750,1,0.00301431,-0.00733506,0.0259188,0.0259184,0.025918,0.0259175,0.04,0.0101876,-0.00567264,97,336.088
1775443099068,1751,1,0.00344887,-0.00866073,0.0183954,0.0183951,0.0183949,0.0183946,0.04,-0.00567264,-0.00102791,97,335.552
1775443099200,1752,1,0.00313258,-0.00637928,0.0284349,0.0284344,0.028434,0.0284335,0.04,-0.00102791,-0.0392654,97,335.518
1775443099349,1753,1,0.0030426,-0.00565815,0.0301905,0.0301901,0.0301896,0.0301891,0.04,-0.0392654,-0.0522756,97,334.933
1775443099472,1754,1,0.00337909,-0.00593104,0.0254236,0.0254233,0.0254229,0.0254225,0.04,-0.0522756,-0.0688818,97,335.127
1775443099585,1755,1,0.00463494,-0.00924692,0.0114336,0.0114335,0.0114334,0.0114333,0.04,-0.0688818,-0.0681569,97,335.533
1775443099713,1756,1,0.00440044,-0.00743877,0.017754,0.0177538,0.0177536,0.0177534,0.04,-0.0681569,-0.0998388,97,335.963
1775443099833,1757,1,0.00460744,-0.00724483,0.0196608,0.0196606,0.0196604,0.0196601,0.04,-0.0998388,-0.11907,97,336.484
1775443099936,1758,1,0.00607544,-0.0116126,3.74212e-06,3.74212e-06,3.74212e-06,3.74212e-06,0.04,-0.11907,-0.105457,97,337.282
1775443100063,1759,1,0.00586076,-0.0101335,0.00406286,0.00406285,0.00406283,0.00406282,0.04,-0.105457,-0.129969,97,337.284
1775443100210,1760,1,0.00763576,-0.0167479,0.0233958,0.0233965,0.0233972,0.0233978,0.04,-0.129969,-0.0706393,97,337.038
1775443100332,1761,1,0.00850037,-0.0182611,0.0335077,0.0335092,0.0335107,0.0335121,0.04,-0.0706393,-0.0877941,97,338.073
1775443100478,1762,1,0.00990481,-0.024111,0.0653497,0.0653575,0.0653647,0.0653713,0.04,-0.0877941,-0.0215668,97,338.716
1775443100586,1763,1,0.0106118,-0.0266338,0.0800282,0.080041,0.0800527,0.0800634,0.04,-0.0215668,0.000170061,97,339.143
1775443100706,1764,1,0.0113275,-0.0279353,0.0838621,0.0838768,0.0838904,0.0839027,0.04,0.000170061,-0.0134332,97,339.241
1775443100827,1765,1,0.0121391,-0.0311767,0.104645,0.10467,0.104693,0.104714,0.04,-0.0134332,0.0214612,97,338.933
1775443100928,1766,1,0.0141121,-0.0372699,0.132881,0.13293,0.132974,0.133014,0.04,0.0214612,0.0544719,97,339.772
1775443101037,1767,1,0.0137673,-0.0351698,0.13017,0.130214,0.130254,0.13029,0.04,0.0544719,0.0210834,97,339.821
1775443101131,1768,1,0.013229,-0.0318052,0.107057,0.107084,0.107109,0.107131,0.04,0.0210834,-0.0363779,97,340.16
1775443101243,1769,1,0.014043,-0.034154,0.113566,0.113599,0.113629,0.113656,0.04,-0.0363779,-0.0280543,97,340.402
1775443101339,1770,1,0.014215,-0.0335837,0.103508,0.103535,0.10356,0.103582,0.04,-0.0280543,-0.0569355,97,340.621
1775443101459,1771,1,0.0138338,-0.0281365,0.0508241,0.0508297,0.0508349,0.0508399,0.04,-0.0569355,-0.186217,97,340.437
1775443101568,1772,1,0.0138773,-0.0266328,0.0262276,0.026229,0.0262304,0.0262317,0.04,-0.186217,-0.23379,97,340.346
1775443101677,1773,1,0.0127125,-0.0181266,0.057335,0.0573301,0.0573249,0.0573193,0.04,-0.23379,-0.378382,97,339.798
1775443101791,1774,1,0.0124739,-0.0168703,0.0749598,0.074952,0.0749433,0.0749338,0.04,-0.378382,-0.393102,97,339.973
1775443101895,1775,1,0.0110625,-0.00603466,0.184107,0.184085,0.18405,0.184002,0.04,-0.393102,-0.57125,96,339.371
1775443101995,1776,1,0.0100895,0.000228867,0.245379,0.245365,0.245321,0.245247,0.04,-0.57125,-0.663711,96,338.797
1775443102104,1777,1,0.00833653,0.011503,0.328447,0.328508,0.328497,0.328414,0.04,-0.663711,-0.834276,96,338.845
1775443102215,1778,1,0.00915911,0.0105526,0.316556,0.316607,0.316593,0.316514,0.04,-0.834276,-0.867282,96,338.619
1775443102331,1779,1,0.00972158,0.00746414,0.27879,0.278814,0.278793,0.278728,0.04,-0.867282,-0.828624,96,338.78
1775443102447,1780,1,0.00983947,0.00761242,0.232465,0.232484,0.232478,0.232446,0.04,-0.828624,-0.848098,96,338.696
1775443102597,1781,1,0.011916,-0.00452765,0.0504618,0.0504607,0.0504594,0.0504579,0.04,-0.848098,-0.692167,96,338.956
1775443102699,1782,1,0.0112894,-0.00062192,0.0641125,0.064112,0.064111,0.0641095,0.04,-0.692167,-0.752281,96,338.452
1775443102807,1783,1,0.0101617,0.00523711,0.0866976,0.0867,0.0867011,0.0867009,0.04,-0.752281,-0.82924,96,338.234
1775443102937,1784,1,0.011674,0.00108708,0.0766997,0.0766997,0.0766988,0.076697,0.04,-0.82924,-0.823047,96,337.849
1775443103065,1785,1,0.0120812,-0.000364855,0.0703943,0.0703938,0.0703926,0.0703906,0.04,-0.823047,-0.812909,96,338.172
1775443103208,1786,1,0.01196,0.000318676,0.0773325,0.0773322,0.077331,0.0773288,0.04,-0.812909,-0.821915,96,338.27
1775443103332,1787,1,0.012662,-0.00345076,0.060081,0.0600798,0.0600781,0.0600761,0.04,-0.821915,-0.771223,96,338.601
1775443103468,1788,1,0.0130344,-0.00536927,0.0492808,0.0492797,0.0492783,0.0492767,0.04,-0.771223,-0.746778,96,338.928
1775443103592,1789,1,0.0151832,-0.0184365,0.00945863,0.00945876,0.00945888,0.00945901,0.04,-0.746778,-0.548221,96,339.537
1775443103709,1790,1,0.0173675,-0.0318136,0.0756188,0.0756326,0.0756455,0.0756575,0.04,-0.548221,-0.326882,97,340.222
1775443103819,1791,1,0.0183004,-0.0377228,0.105163,0.105194,0.105223,0.10525,0.04,-0.326882,-0.226818,97,340.16
1775443103941,1792,1,0.0182354,-0.0383056,0.113157,0.113194,0.113228,0.113259,0.04,-0.226818,-0.205287,97,339.758
1775443104042,1793,1,0.0174966,-0.0324742,0.0842278,0.0842452,0.0842614,0.0842763,0.04,-0.205287,-0.316493,97,339.69
1775443104152,1794,1,0.0183141,-0.0356038,0.0973956,0.0974211,0.0974446,0.0974663,0.04,-0.316493,-0.286256,97,339.856
1775443104268,1795,1,0.0186876,-0.0374946,0.104163,0.104193,0.104222,0.104248,0.04,-0.286256,-0.259851,97,339.488
1775443104380,1796,1,0.0224068,-0.0488721,0.143466,0.143542,0.143611,0.143675,0.04,-0.259851,-0.202763,97,341.895
1775443104504,1797,1,0.0210688,-0.0443842,0.128926,0.128981,0.129033,0.129079,0.04,-0.202763,-0.234022,97,340.9
1775443104647,1798,1,0.0266885,-0.0706039,0.262209,0.262571,0.262897,0.263186,0.04,-0.234022,0.108085,97,343.14
1775443104749,1799,1,0.0320568,-0.0926244,0.36946,0.370403,0.371246,0.371986,0.04,0.108085,0.349996,97,345.205
1775443104875,1800,1,0.036275,-0.109332,0.441871,0.443468,0.444893,0.446144,0.04,0.349996,0.522128,98,347.178
1775443104980,1801,1,0.0363623,-0.114807,0.507427,0.50963,0.511573,0.513252,0.04,0.522128,0.674688,98,343.627
1775443105087,1802,1,0.0370481,-0.119922,0.55903,0.561817,0.564258,0.566343,0.04,0.674688,0.774002,98,341.311
1775443105189,1803,1,0.0391629,-0.127503,0.60022,0.603641,0.606634,0.609187,0.04,0.774002,0.839681,98,343.602
1775443105296,1804,1,0.0377435,-0.123796,0.610652,0.614077,0.617049,0.619557,0.04,0.839681,0.8391,98,341.644
1775443105402,1805,1,0.0400174,-0.134005,0.673307,0.677821,0.68173,0.685016,0.04,0.8391,0.968344,98,342.993
1775443105505,1806,1,0.0369894,-0.12486,0.672165,0.676326,0.679883,0.682818,0.04,0.968344,0.929873,98,340.065
1775443105624,1807,1,0.0371296,-0.126359,0.697011,0.701533,0.705381,0.708535,0.04,0.929873,0.964751,98,339.249
1775443105731,1808,1,0.035427,-0.121734,0.706323,0.710774,0.714521,0.717545,0.04,0.964751,0.958676,98,337.177
1775443105838,1809,1,0.0397083,-0.134928,0.767511,0.773367,0.778324,0.782351,0.04,0.958676,1.02991,98,341.291
1775443105947,1810,1,0.0449233,-0.150725,0.826289,0.83393,0.840456,0.84582,0.04,1.02991,1.10686,98,346.916
1775443106077,1811,1,0.0492182,-0.164903,0.885693,0.895359,0.90366,0.91053,0.04,1.10686,1.20367,98,350.459
1775443106173,1812,1,0.0491436,-0.163385,0.91612,0.926329,0.935025,0.94213,0.04,1.20367,1.17276,98,350.777
1775443106285,1813,1,0.0483057,-0.161481,0.944351,0.955031,0.964049,0.97132,0.04,1.17276,1.18368,98,349.313
1775443106414,1814,1,0.0496666,-0.166373,0.983836,0.995791,1.00587,1.01396,0.04,1.18368,1.22859,98,350.198
1775443106529,1815,1,0.0505155,-0.17109,1.04658,1.06048,1.07212,1.08136,0.04,1.22859,1.30795,99,350.141
1775443106641,1816,1,0.0514373,-0.175028,1.09658,1.11219,1.12519,1.13543,0.04,1.30795,1.35914,99,351.383
1775443106750,1817,1,0.0457082,-0.156361,1.08481,1.09823,1.10911,1.11731,0.04,1.35914,1.24737,98,346.253
1775443106860,1818,1,0.0436812,-0.149447,1.11704,1.13051,1.14119,1.14893,0.04,1.24737,1.20534,98,344.556
1775443106970,1819,1,0.0429308,-0.146784,1.1451,1.15894,1.16975,1.17739,0.04,1.20534,1.18959,98,343.965
1775443107076,1820,1,0.0419782,-0.142586,1.17267,1.18666,1.19739,1.20472,0.04,1.18959,1.14615,98,345.111
1775443107189,1821,1,0.0391969,-0.131287,1.17767,1.19048,1.19998,1.20603,0.04,1.14615,1.03303,98,343.478
1775443107309,1822,1,0.0376687,-0.124496,1.1937,1.20604,1.21492,1.22022,0.04,1.03303,0.957213,98,342.722
1775443107411,1823,1,0.0353002,-0.11485,1.19947,1.2108,1.2186,1.22277,0.04,0.957213,0.860433,98,342.278
1775443107529,1824,1,0.0315182,-0.0986752,1.21935,1.22908,1.2351,1.23731,0.04,0.860433,0.68671,98,341.061
1775443107659,1825,1,0.029435,-0.0887149,1.22535,1.23396,1.23881,1.23981,0.04,0.68671,0.561739,98,340.499
1775443107792,1826,1,0.0275153,-0.0776738,1.2375,1.24492,1.24845,1.24805,0.04,0.561739,0.397198,97,340.805
1775443107920,1827,1,0.0260274,-0.0684751,1.2784,1.28505,1.28742,1.28547,0.04,0.397198,0.257197,97,340.97
1775443108042,1828,1,0.0246435,-0.0592511,1.29471,1.30028,1.30141,1.29808,0.04,0.257197,0.105458,97,340.957
1775443108188,1829,1,0.0238948,-0.052439,1.32514,1.32998,1.33006,1.32538,0.04,0.105458,-0.0226537,97,340.422
1775443108315,1830,1,0.0226052,-0.0403599,1.33067,1.33386,1.33225,1.32586,0.04,-0.0226537,-0.259903,97,339.976
1775443108434,1831,1,0.0229902,-0.0366635,1.37115,1.37392,1.37144,1.36375,0.04,-0.259903,-0.380433,97,339.429
1775443108585,1832,1,0.0233561,-0.0336457,1.40136,1.40372,1.40049,1.39172,0.04,-0.380433,-0.482841,96,338.266
1775443108696,1833,1,0.0238696,-0.0243426,1.45026,1.45116,1.44588,1.43452,0.04,-0.482841,-0.762867,96,336.924
1775443108814,1834,1,0.0248957,-0.0219994,1.50414,1.50457,1.49811,1.48491,0.04,-0.762867,-0.889118,96,336.337
1775443108926,1835,1,0.0249638,-0.0161709,1.525,1.52434,1.51652,1.50172,0.04,-0.889118,-1.04862,96,336.063
1775443109052,1836,1,0.0244672,-0.00627748,1.55923,1.55658,1.54633,1.52871,0.04,-1.04862,-1.27734,95,335.496
1775443109234,1837,1,0.0244327,0.003008,1.58473,1.58012,1.56757,1.54739,0.04,-1.27734,-1.52284,95,335.519
1775443109394,1838,1,0.021394,0.0277511,1.57704,1.56771,1.5507,1.52642,0.04,-1.52284,-1.98472,95,337.712
1775443109523,1839,1,0.0193131,0.0493532,1.57525,1.56179,1.54081,1.51282,0.04,-1.98472,-2.42677,94,341.064
1775443109639,1840,1,0.0181709,0.0647781,1.58618,1.56949,1.54525,1.51403,0.04,-2.42677,-2.76441,93,344.145
1775443109760,1841,1,0.0183597,0.0783095,1.61958,1.59932,1.57116,1.5358,0.04,-2.76441,-3.13944,93,347.61
1775443109861,1842,1,0.016461,0.0968775,1.5787,1.55593,1.52598,1.48958,0.04,-3.13944,-3.51732,92,349.101
1775443109970,1843,1,0.0161937,0.107226,1.59982,1.5743,1.54144,1.50201,0.04,-3.51732,-3.7764,92,350.715
1775443110078,1844,1,0.015329,0.120458,1.62512,1.59596,1.55927,1.51594,0.04,-3.7764,-4.07185,91,352.738
1775443110192,1845,1,0.0149692,0.130786,1.63765,1.60581,1.5664,1.52038,0.04,-4.07185,-4.32524,90,354.422
1775443110300,1846,1,0.0147932,0.141059,1.6321,1.59831,1.55714,1.50962,0.04,-4.32524,-4.59227,90,355.949
1775443110429,1847,1,0.0124508,0.166095,1.53862,1.50399,1.46343,1.41782,0.04,-4.59227,-5.12167,88,357.839
1775443110549,1848,1,0.0111048,0.182224,1.52582,1.48871,1.44601,1.39863,0.04,-5.12167,-5.46758,87,359.949
1775443110660,1849,1,0.0118215,0.188899,1.57724,1.53611,1.48894,1.43678,0.04,-5.46758,-5.69109,87,362.483
1775443110762,1850,1,0.0114303,0.20352,1.54267,1.50049,1.45284,1.40075,0.04,-5.69109,-6.06488,86,364.18
1775443110876,1851,1,0.010416,0.21459,1.4907,1.44933,1.40315,1.35307,0.04,-6.06488,-6.30172,85,364.947
1775443111018,1852,1,0.00991745,0.226879,1.473,1.43037,1.38325,1.33255,0.04,-6.30172,-6.6026,84,367.108
1775443111131,1853,1,0.00986822,0.237331,1.46813,1.42384,1.37525,1.3233,0.04,-6.6026,-6.88303,83,369.347
1775443111247,1854,1,0.00926901,0.25445,1.385,1.34282,1.29722,1.24895,0.04,-6.88303,-7.31636,81,373.061
1775443111379,1855,1,0.00970718,0.256979,1.41002,1.36582,1.31806,1.26755,0.04,-7.31636,-7.41192,80,374.608
1775443111524,1856,1,0.0111988,0.264125,1.4308,1.38396,1.33351,1.28035,0.04,-7.41192,-7.7057,79,377.799
1775443111660,1857,1,0.00942816,0.283022,1.28594,1.24543,1.20245,1.15762,0.04,-7.7057,-8.11431,77,379.923
1775443111812,1858,1,0.0107913,0.280331,1.41327,1.36467,1.31284,1.25865,0.04,-8.11431,-8.11896,77,382.082
1775443112024,1859,1,0.0120292,0.279952,1.46403,1.41189,1.35617,1.2979,0.04,-8.11896,-8.18761,77,383.22
1775443112141,1860,1,0.0148295,0.270587,1.60356,1.54295,1.47756,1.40881,0.04,-8.18761,-8.1094,77,383.762
1775443112259,1861,1,0.0149693,0.27069,1.5752,1.51674,1.45372,1.38748,0.04,-8.1094,-8.12541,77,383.666
1775443112377,1862,1,0.0197919,0.242323,2.008,1.92188,1.82585,1.72314,0.04,-8.12541,-7.63558,79,384.947
1775443112517,1863,1,0.0194727,0.243723,2.06541,1.97361,1.8712,1.76178,0.04,-7.63558,-7.64469,79,385.434
1775443112630,1864,1,0.0117994,0.289226,1.45599,1.40263,1.34592,1.28686,0.04,-7.64469,-8.42406,75,383.732
1775443112768,1865,1,0.00750366,0.313158,1.19281,1.15402,1.11353,1.07183,0.04,-8.42406,-8.80992,73,383.714
1775443112904,1866,1,0.00829374,0.305542,1.41438,1.36104,1.30488,1.24684,0.04,-8.80992,-8.6295,74,385.486
1775443113020,1867,1,0.00624374,0.318775,1.33801,1.2881,1.23596,1.18237,0.04,-8.6295,-8.85614,73,387.722
1775443113138,1868,1,0.00381783,0.330577,1.25351,1.20798,1.16073,1.11238,0.04,-8.85614,-9.01925,72,388.758
1775443113254,1869,1,0.0036722,0.326545,1.3849,1.32995,1.2727,1.21405,0.04,-9.01925,-8.88324,73,391.058
1775443113405,1870,1,0.00041778,0.338952,1.35001,1.29561,1.23928,1.18184,0.04,-8.88324,-8.99907,72,393.27
1775443113539,1871,1,-0.00226378,0.350887,1.33223,1.27715,1.22042,1.16284,0.04,-8.99907,-9.13954,72,395.006
1775443113655,1872,1,-0.00415213,0.357676,1.28877,1.23612,1.18206,1.1273,0.04,-9.13954,-9.19858,72,395.715
1775443113774,1873,1,-0.0100945,0.385424,1.01755,0.981817,0.94556,0.909074,0.04,-9.19858,-9.57471,72,395.723
1775443113923,1874,1,-0.012497,0.396711,0.845248,0.81975,0.793981,0.76809,0.04,-9.57471,-9.73728,72,396.184
1775443114050,1875,1,-0.0144258,0.403458,0.75162,0.731047,0.710299,0.689471,0.04,-9.73728,-9.79946,72,396.949
1775443114164,1876,1,-0.0123101,0.386123,1.01457,0.978976,0.942861,0.906524,0.04,-9.79946,-9.44118,72,397.899
1775443114285,1877,1,-0.0141685,0.394996,0.856523,0.830476,0.804141,0.777671,0.04,-9.44118,-9.57399,72,397.867
1775443114383,1878,1,-0.014856,0.39515,0.849771,0.824122,0.798191,0.772127,0.04,-9.57399,-9.53165,72,398.255
1775443114496,1879,1,-0.0166168,0.403401,0.738073,0.71824,0.69824,0.67816,0.04,-9.53165,-9.64854,72,398.272
1775443114608,1880,1,-0.0167747,0.402579,0.75761,0.736763,0.715735,0.694622,0.04,-9.64854,-9.61275,72,398.577
1775443114720,1881,1,-0.0151231,0.391495,0.877891,0.85082,0.82342,0.795861,0.04,-9.61275,-9.41054,72,398.681
1775443114836,1882,1,-0.0136682,0.381844,0.986021,0.952854,0.919168,0.885226,0.04,-9.41054,-9.23534,72,399.358
1775443114944,1883,1,-0.0137784,0.37943,1.03707,1.00064,0.963599,0.926265,0.04,-9.23534,-9.15562,72,399.727
1775443115051,1884,1,-0.0131393,0.373169,1.13924,1.09609,1.0521,1.00771,0.04,-9.15562,-9.01696,72,400.549
1775443115169,1885,1,-0.0119213,0.364284,1.22256,1.1742,1.12471,1.07467,0.04,-9.01696,-8.84974,73,400.716
1775443115278,1886,1,-0.0112317,0.359509,1.30143,1.24742,1.19199,1.13589,0.04,-8.84974,-8.75799,73,401.744
1775443115466,1887,1,-0.0117639,0.358318,1.37137,1.31157,1.25015,1.188,0.04,-8.75799,-8.68021,74,403.086
1775443115585,1888,1,-0.01165,0.351305,1.52931,1.45645,1.38129,1.30517,0.04,-8.68021,-8.47866,75,404.155
1775443115726,1889,1,-0.0151329,0.365911,1.33839,1.28007,1.22035,1.16009,0.04,-8.47866,-8.65742,74,403.97
1775443115845,1890,1,-0.0161813,0.367904,1.47938,1.40757,1.33406,1.26007,0.04,-8.65742,-8.62177,74,404.397
1775443115943,1891,1,-0.0181559,0.3771,1.40651,1.33976,1.27171,1.20339,0.04,-8.62177,-8.74352,74,404.499
1775443116089,1892,1,-0.0201774,0.384994,1.30365,1.24494,1.1853,1.12548,0.04,-8.74352,-8.83052,73,404.443
1775443116207,1893,1,-0.0180083,0.367921,1.48898,1.41622,1.34174,1.26679,0.04,-8.83052,-8.49504,75,406.099
1775443116312,1894,1,-0.0171611,0.360622,1.62236,1.53782,1.45094,1.36345,0.04,-8.49504,-8.33965,76,406.786
1775443116438,1895,1,-0.018619,0.367494,1.46482,1.39451,1.32253,1.25006,0.04,-8.33965,-8.44415,75,406.381
1775443116540,1896,1,-0.0192216,0.370551,1.39381,1.32959,1.26394,1.19786,0.04,-8.44415,-8.49407,75,406.606
1775443116662,1897,1,-0.019048,0.36996,1.42557,1.35849,1.2899,1.22087,0.04,-8.49407,-8.48615,75,406.606
1775443116775,1898,1,-0.0186094,0.367441,1.44338,1.37514,1.30529,1.23493,0.04,-8.48615,-8.44599,75,406.838
1775443116887,1899,1,-0.0194107,0.371012,1.33408,1.2752,1.21504,1.15443,0.04,-8.44599,-8.5009,75,407.1
1775443117070,1900,1,-0.0176907,0.357735,1.63578,1.5506,1.46294,1.37456,0.04,-8.5009,-8.22326,76,407.829
1775443117185,1901,1,-0.0171838,0.35256,1.73847,1.64371,1.54589,1.44722,0.04,-8.22326,-8.10582,77,409.132
1775443117311,1902,1,-0.0169206,0.349049,1.93441,1.81811,1.69776,1.57663,0.04,-8.10582,-8.00629,78,409.418
1775443117430,1903,1,-0.0143197,0.332727,2.21972,2.07379,1.92113,1.76714,0.04,-8.00629,-7.71126,79,411.488
1775443117556,1904,1,0.00315458,0.219518,4.38463,3.98131,3.50257,3.00916,0.04,-7.71126,-5.62615,87,416.539
1775443117682,1905,1,0.00507807,0.206831,4.29296,3.92566,3.48086,3.01445,0.04,-5.62615,-5.41984,88,418.72
1775443117784,1906,1,-0.00875162,0.295184,2.91569,2.69051,2.4474,2.20073,0.04,-5.41984,-7.00277,82,417.391
1775443117929,1907,1,-0.0341792,0.456194,0.693309,0.672813,0.652366,0.632042,0.04,-7.00277,-9.87065,72,411.539
1775443118061,1908,1,-0.0355534,0.476051,0.440441,0.431672,0.422931,0.414231,0.04,-9.87065,-10.3481,72,411.575
1775443118176,1909,1,-0.0339128,0.48405,0.351678,0.345955,0.340249,0.334566,0.04,-10.3481,-10.6905,72,412.563
1775443118312,1910,1,-0.0409647,0.534772,0.377765,0.385457,0.3932,0.400986,0.04,-10.6905,-11.5654,72,409.829
1775443118454,1911,1,-0.0384756,0.525229,0.255628,0.25905,0.262485,0.265932,0.04,-11.5654,-11.5006,72,411.543
1775443118564,1912,1,-0.0536496,0.625312,1.8665,2.11854,2.38619,2.65934,0.04,-11.5006,-12.8069,72,404.833
1775443118677,1913,1,0.220603,-0.814103,1.51342,1.81608,2.17574,2.59245,0.04,-12.8069,7.16539,113,404.833
1775443118804,1914,1,0.220715,-0.82964,1.48459,1.79155,2.16002,2.59173,0.04,7.16539,7.57817,114,404.833
1775443118924,1915,1,0.202311,-0.789213,1.60052,1.91275,2.27931,2.69732,0.04,7.57817,7.76873,115,404.833
1775443119045,1916,1,0.18536,-0.750142,1.70519,2.01756,2.37613,2.77418,0.04,7.76873,7.89215,116,404.833
1775443119182,1917,1,-0.0146936,0.317173,1.05905,1.02812,0.995996,0.962979,0.04,7.89215,-7.40422,80,350
1775443119333,1918,1,-0.0145714,0.321465,1.05764,1.02633,0.993854,0.960531,0.04,-7.40422,-7.52901,80,350
1775443119446,1919,1,-0.0127057,0.347325,0.981252,0.951866,0.921706,0.891014,0.04,-7.52901,-8.36787,76,350
1775443119563,1920,1,-0.00920859,0.373508,0.91767,0.889708,0.861259,0.832517,0.04,-8.36787,-9.32642,72,350
1775443119670,1921,1,-0.0071054,0.392051,0.853159,0.827553,0.801643,0.775583,0.04,-9.32642,-9.98218,72,350
1775443119787,1922,1,-0.00507243,0.404923,0.80997,0.785962,0.761751,0.737466,0.04,-9.98218,-10.4767,72,350
1775443119907,1923,1,-0.00412386,0.410696,0.784261,0.761355,0.738289,0.715176,0.04,-10.4767,-10.7019,72,350
1775443120015,1924,1,-0.00294035,0.412078,0.7546,0.733307,0.711875,0.690399,0.04,-10.7019,-10.8251,72,350
1775443120125,1925,1,-0.00134177,0.413313,0.73382,0.713611,0.693275,0.672899,0.04,-10.8251,-10.9717,72,350
1775443120235,1926,1,-0.000434708,0.415883,0.715183,0.695839,0.676384,0.656899,0.04,-10.9717,-11.1064,72,350
1775443120376,1927,1,-0.000431966,0.421441,0.642812,0.626924,0.610965,0.594988,0.04,-11.1064,-11.267,72,350
1775443120508,1928,1,0.000142086,0.425447,0.592495,0.578835,0.565124,0.551403,0.04,-11.267,-11.422,72,350
1775443120648,1929,1,0.00253586,0.419182,0.606237,0.592204,0.578104,0.56398,0.04,-11.422,-11.4159,72,350
1775443120771,1930,1,0.0041715,0.419217,0.550776,0.539196,0.527562,0.515904,0.04,-11.4159,-11.5376,72,350
1775443120911,1931,1,0.00504686,0.421098,0.49422,0.484844,0.475431,0.465997,0.04,-11.5376,-11.6569,72,350
1775443121042,1932,1,0.00483438,0.427344,0.420668,0.413747,0.406805,0.399854,0.04,-11.6569,-11.8218,72,350
1775443121185,1933,1,0.00563154,0.435132,0.279253,0.276132,0.273005,0.269876,0.04,-11.8218,-12.1083,72,350
1775443121308,1934,1,0.00541224,0.443216,0.174373,0.173126,0.171878,0.170629,0.04,-12.1083,-12.3277,72,350
1775443121454,1935,1,0.00537404,0.447172,0.109759,0.109259,0.108759,0.108258,0.04,-12.3277,-12.4419,72,350
1775443121613,1936,1,0.00742034,0.447236,0.0517238,0.0516128,0.0515017,0.0513907,0.04,-12.4419,-12.594,72,350
1775443121757,1937,1,0.0100657,0.440238,0.00836473,0.00836189,0.00835905,0.0083562,0.04,-12.594,-12.5943,72,350
1775443121957,1938,1,0.0117057,0.442243,0.0313149,0.031355,0.031395,0.0314351,0.04,-12.5943,-12.758,72,350
1775443122091,1939,1,0.0153723,0.428163,0.08833,0.0886352,0.08894,0.0892446,0.04,-12.758,-12.6214,72,350
1775443122219,1940,1,0.0207714,0.405641,0.0139656,0.0139727,0.0139798,0.0139869,0.04,-12.6214,-12.3971,72,350
1775443122334,1941,1,0.0229557,0.397735,0.03615,0.0361965,0.0362429,0.0362892,0.04,-12.3971,-12.3307,72,350
1775443122458,1942,1,0.0235506,0.395875,0.0988415,0.0991863,0.0995304,0.0998737,0.04,-12.3307,-12.3114,72,350
1775443122571,1943,1,0.0274695,0.388493,0.141601,0.142292,0.14298,0.143665,0.04,-12.3114,-12.3754,72,350
1775443122674,1944,1,0.0292109,0.37832,0.145957,0.146666,0.147373,0.148076,0.04,-12.3754,-12.22,72,350
1775443122782,1945,1,0.028584,0.369206,0.16412,0.164989,0.165855,0.166715,0.04,-12.22,-11.9274,72,350
1775443122900,1946,1,0.0294967,0.361898,0.177428,0.178419,0.179405,0.180384,0.04,-11.9274,-11.7907,72,350
1775443123047,1947,1,0.0308394,0.352397,0.175642,0.176582,0.177516,0.178444,0.04,-11.7907,-11.6268,72,350
1775443123167,1948,1,0.0332591,0.3378,0.145176,0.145786,0.146393,0.146995,0.04,-11.6268,-11.4042,72,350
1775443123310,1949,1,0.0345915,0.327149,0.139524,0.140067,0.140606,0.141141,0.04,-11.4042,-11.2092,72,350
1775443123422,1950,1,0.0363746,0.31148,0.130707,0.131156,0.131602,0.132045,0.04,-11.2092,-10.9101,72,350
1775443123541,1951,1,0.0379086,0.295452,0.113862,0.114183,0.114502,0.114818,0.04,-10.9101,-10.5855,72,350
1775443123672,1952,1,0.0400794,0.278729,0.0877169,0.0878951,0.0880722,0.0882483,0.04,-10.5855,-10.2875,72,350
1775443123805,1953,1,0.0430229,0.254879,0.0450465,0.045089,0.0451314,0.0451737,0.04,-10.2875,-9.85275,72,350
1775443123946,1954,1,0.0445242,0.238345,0.0250721,0.0250843,0.0250965,0.0251087,0.04,-9.85275,-9.51259,72,350
1775443124052,1955,1,0.0450383,0.224155,0.0159156,0.0159202,0.0159248,0.0159294,0.04,-9.51259,-9.16594,72,350
1775443124182,1956,1,0.0454715,0.210086,0.00421823,0.00421853,0.00421883,0.00421913,0.04,-9.16594,-8.81737,73,350
1775443124324,1957,1,0.0467829,0.196513,0.0209466,0.0209396,0.0209327,0.0209257,0.04,-8.81737,-8.53833,75,350
1775443124432,1958,1,0.0454896,0.186166,0.0185377,0.0185325,0.0185274,0.0185222,0.04,-8.53833,-8.16975,77,350
1775443124553,1959,1,0.0451161,0.170196,0.0258909,0.0258817,0.0258726,0.0258634,0.04,-8.16975,-7.71112,79,350
1775443124684,1960,1,0.044558,0.161906,0.0313299,0.0313172,0.0313045,0.0312917,0.04,-7.71112,-7.44758,80,350
1775443124794,1961,1,0.0434105,0.149969,0.0347049,0.0346905,0.0346761,0.0346615,0.04,-7.44758,-7.04518,82,350
1775443124899,1962,1,0.0421319,0.139547,0.0365455,0.0365307,0.0365158,0.0365007,0.04,-7.04518,-6.6749,83,350
1775443125012,1963,1,0.0415721,0.127595,0.0499817,0.0499564,0.0499308,0.049905,0.04,-6.6749,-6.31103,85,350
1775443125143,1964,1,0.0405737,0.124282,0.0453965,0.0453761,0.0453556,0.0453349,0.04,-6.31103,-6.15323,85,350
1775443125267,1965,1,0.0389804,0.11399,0.0441801,0.0441625,0.0441447,0.0441267,0.04,-6.15323,-5.76526,87,350
1775443125415,1966,1,0.0380907,0.110894,0.0398525,0.0398386,0.0398245,0.0398103,0.04,-5.76526,-5.62078,87,350
1775443125542,1967,1,0.0367594,0.104472,0.0305479,0.0305402,0.0305324,0.0305246,0.04,-5.62078,-5.35678,88,350
1775443125646,1968,1,0.0377473,0.09619,0.050397,0.0503777,0.0503581,0.0503383,0.04,-5.35678,-5.19793,88,350
1775443125774,1969,1,0.0369062,0.0917184,0.0558243,0.0558017,0.0557787,0.0557554,0.04,-5.19793,-5.01813,89,350
1775443125933,1970,1,0.0360865,0.0905581,0.0440106,0.0439968,0.0439827,0.0439685,0.04,-5.01813,-4.93204,89,350
1775443126040,1971,1,0.036746,0.0779766,0.0714311,0.0713995,0.0713672,0.0713343,0.04,-4.93204,-4.63315,90,350
1775443126186,1972,1,0.0358542,0.0753741,0.0694521,0.0694233,0.0693938,0.0693637,0.04,-4.63315,-4.50152,90,350
1775443126295,1973,1,0.0359262,0.0673323,0.0874277,0.0873868,0.0873445,0.0873009,0.04,-4.50152,-4.28627,90,350
1775443126405,1974,1,0.0361392,0.0608289,0.109109,0.109051,0.108991,0.108927,0.04,-4.28627,-4.12172,91,350
1775443126519,1975,1,0.0365195,0.0536832,0.134577,0.134499,0.134416,0.134327,0.04,-4.12172,-3.95078,91,350
1775443126624,1976,1,0.0364159,0.0482207,0.150718,0.150629,0.150533,0.150431,0.04,-3.95078,-3.7934,92,350
1775443126744,1977,1,0.0369654,0.0437545,0.16726,0.16716,0.16705,0.166931,0.04,-3.7934,-3.70796,92,350
1775443126857,1978,1,0.0375764,0.0339779,0.209553,0.209428,0.209283,0.20912,0.04,-3.70796,-3.47919,92,350
1775443126970,1979,1,0.0368484,0.0336816,0.210907,0.210781,0.210635,0.210471,0.04,-3.47919,-3.42067,92,350
1775443127109,1980,1,0.0381738,0.0240385,0.248002,0.247872,0.24771,0.247518,0.04,-3.42067,-3.24563,93,350
1775443127248,1981,1,0.0381298,0.0204862,0.267263,0.26713,0.266958,0.266747,0.04,-3.24563,-3.1435,93,350
1775443127368,1982,1,0.376323,-0.841598,0.783461,0.868416,0.962896,1.0675,0.04,-3.1435,-3.06261,93,404.833
1775443127491,1983,1,0.368624,-0.888962,0.854497,0.974265,1.11232,1.27066,0.04,-3.06261,-1.22011,96,404.833
1775443127602,1984,1,0.345211,-0.861389,0.918799,1.04507,1.18961,1.35398,0.04,-1.22011,-0.336888,97,404.833
1775443127749,1985,1,0.322667,-0.833401,0.989126,1.12271,1.27452,1.44566,0.04,-0.336888,0.476168,98,404.833
1775443127906,1986,1,0.313209,-0.823154,1.02042,1.15802,1.31407,1.48947,0.04,0.476168,0.858539,98,404.833
1775443128032,1987,1,0.302237,-0.81754,1.06742,1.21562,1.38403,1.5735,0.04,0.858539,1.47653,99,404.833
1775443128155,1988,1,0.28056,-0.780265,1.14583,1.29743,1.46744,1.65578,0.04,1.47653,1.97715,99,404.833
1775443128284,1989,1,0.26405,-0.752999,1.21784,1.37517,1.55004,1.74165,0.04,1.97715,2.39217,100,404.833
1775443128428,1990,1,0.249398,-0.727452,1.29173,1.45539,1.63574,1.83126,0.04,2.39217,2.72599,101,404.833
1775443128560,1991,1,0.229307,-0.68568,1.37958,1.54381,1.72173,1.91084,0.04,2.72599,2.99525,101,404.833
1775443128690,1992,1,0.220258,-0.669015,1.43833,1.60813,1.79097,1.98373,0.04,2.99525,3.17999,101,404.833
1775443128808,1993,1,0.197939,-0.610296,1.52683,1.68678,1.8544,2.02583,0.04,3.17999,3.13994,101,404.833
1775443128932,1994,1,0.180472,-0.562223,1.58911,1.73867,1.89183,2.04446,0.04,3.13994,3.04945,101,404.833
1775443129086,1995,1,0.162317,-0.5036,1.6295,1.76053,1.89085,2.01661,0.04,3.04945,2.71498,101,495.855
1775443129220,1996,1,0.135361,-0.421908,1.67025,1.77575,1.87616,1.96833,0.04,2.71498,2.36189,100,462.181
1775443129425,1997,1,0.114158,-0.346532,1.63643,1.71387,1.78443,1.84599,0.04,2.36189,1.77138,99,439.075
1775443129570,1998,1,0.0877763,-0.24774,1.53046,1.57507,1.61286,1.64289,0.04,1.77138,0.893219,98,413.678
1775443129669,1999,1,0.0648039,-0.160057,1.41493,1.43775,1.45482,1.4658,0.04,0.893219,0.0829873,97,391.111
1775443129790,2000,1,0.0575543,-0.131924,1.364,1.38094,1.39269,1.39903,0.04,0.0829873,-0.186952,97,384.406
1775443129931,2001,1,0.045971,-0.0846216,1.27305,1.28174,1.2862,1.28635,0.04,-0.186952,-0.683075,96,373.548
1775443130061,2002,1,0.0313823,-0.0200049,1.11129,1.11182,1.10957,1.10457,0.04,-0.683075,-1.45066,95,361.211
1775443130206,2003,1,0.0297134,-0.0055877,1.10419,1.10336,1.09981,1.09358,0.04,-1.45066,-1.72673,95,359.276
1775443130352,2004,1,0.0277486,0.0129629,1.09204,1.08952,1.08439,1.07672,0.04,-1.72673,-2.09505,94,357.269
1775443130486,2005,1,0.0266323,0.0267874,1.07903,1.07533,1.06914,1.06052,0.04,-2.09505,-2.39417,94,356.35
1775443130617,2006,1,0.0272588,0.031416,1.11208,1.10767,1.10053,1.09075,0.04,-2.39417,-2.55773,94,355.715
1775443130746,2007,1,0.0275101,0.037148,1.14125,1.13598,1.12779,1.11676,0.04,-2.55773,-2.72585,93,355.395
1775443130918,2008,1,0.0277646,0.0432415,1.16758,1.16138,1.15206,1.13975,0.04,-2.72585,-2.90442,93,354.713
1775443131074,2009,1,0.0269596,0.0553784,1.17384,1.16626,1.15554,1.14183,0.04,-2.90442,-3.17647,93,353.838
1775443131184,2010,1,0.0281001,0.0629694,1.22302,1.21383,1.20113,1.18508,0.04,-3.17647,-3.45342,92,354.568
1775443131309,2011,1,0.0281243,0.0673594,1.24019,1.23019,1.21654,1.19943,0.04,-3.45342,-3.57146,92,354.479
1775443131443,2012,1,0.0271181,0.0795549,1.24425,1.23271,1.21751,1.1989,0.04,-3.57146,-3.83158,91,354.827
1775443131550,2013,1,0.0276522,0.0845552,1.27545,1.26264,1.24591,1.22555,0.04,-3.83158,-3.99932,91,355.521
1775443131666,2014,1,0.0279751,0.0897084,1.2966,1.28263,1.2646,1.24278,0.04,-3.99932,-4.15808,91,356.042
1775443131824,2015,1,0.0273375,0.10085,1.30032,1.28478,1.2652,1.24188,0.04,-4.15808,-4.41522,90,356.456
1775443131946,2016,1,0.0276032,0.109498,1.33101,1.31347,1.29165,1.2659,0.04,-4.41522,-4.66338,90,357.959
1775443132067,2017,1,0.0285565,0.113985,1.35492,1.33605,1.31269,1.28525,0.04,-4.66338,-4.8473,89,358.584
1775443132192,2018,1,0.0286705,0.122061,1.3727,1.35209,1.32687,1.29749,0.04,-4.8473,-5.07137,89,358.733
1775443132313,2019,1,0.0291097,0.127257,1.40772,1.38517,1.35769,1.3258,0.04,-5.07137,-5.23751,88,358.821
1775443132424,2020,1,0.0297391,0.133789,1.43725,1.41261,1.38279,1.34837,0.04,-5.23751,-5.45375,87,358.223
1775443132547,2021,1,0.03217,0.129697,1.51095,1.48431,1.45165,1.41366,0.04,-5.45375,-5.50049,87,357.217
1775443132679,2022,1,0.0335461,0.13342,1.55097,1.5221,1.48677,1.44579,0.04,-5.50049,-5.69082,87,357.452
1775443132795,2023,1,0.0343296,0.139496,1.59312,1.56133,1.52263,1.47796,0.04,-5.69082,-5.90379,86,357.861
1775443132907,2024,1,0.034391,0.145205,1.59543,1.56238,1.52246,1.47664,0.04,-5.90379,-6.06244,86,358.582
1775443133021,2025,1,0.0338593,0.152728,1.6315,1.59523,1.55177,1.50216,0.04,-6.06244,-6.22475,85,359.304
1775443133131,2026,1,0.0337873,0.159983,1.6044,1.56788,1.52459,1.47556,0.04,-6.22475,-6.42007,84,359.802
1775443133248,2027,1,0.0322703,0.174242,1.568,1.53034,1.48652,1.43754,0.04,-6.42007,-6.70665,83,360.842
1775443133369,2028,1,0.0321046,0.181263,1.56661,1.5276,1.48256,1.43248,0.04,-6.70665,-6.88568,83,361.575
1775443133492,2029,1,0.0317248,0.189615,1.56975,1.52888,1.48206,1.43033,0.04,-6.88568,-7.08539,82,363.396
1775443133608,2030,1,0.0305593,0.198959,1.5252,1.4849,1.43923,1.38916,0.04,-7.08539,-7.26406,81,364.974
1775443133720,2031,1,0.0288329,0.212776,1.5156,1.47314,1.42562,1.37401,0.04,-7.26406,-7.52055,80,367.25
1775443133850,2032,1,0.0278914,0.222164,1.51375,1.46958,1.42049,1.36749,0.04,-7.52055,-7.71021,79,369.035
1775443133963,2033,1,0.0293912,0.217849,1.62719,1.5769,1.52051,1.45935,0.04,-7.71021,-7.68203,79,371.451
1775443134094,2034,1,0.0289596,0.228501,1.59555,1.54494,1.48875,1.42825,0.04,-7.68203,-7.94499,78,371.915
1775443134212,2035,1,0.0272127,0.239601,1.73377,1.67084,1.60118,1.52657,0.04,-7.94499,-8.10769,77,368.303
1775443134326,2036,1,0.0241991,0.25249,1.73001,1.66401,1.59165,1.51476,0.04,-8.10769,-8.24963,76,370.793
1775443134443,2037,1,0.0228941,0.260601,1.58733,1.53021,1.46822,1.40271,0.04,-8.24963,-8.3974,75,377.5
1775443134556,2038,1,0.0179803,0.288353,1.25448,1.21519,1.17365,1.13043,0.04,-8.3974,-8.85326,73,377.587
1775443134704,2039,1,0.0139425,0.30757,1.05923,1.02932,0.998145,0.966,0.04,-8.85326,-9.12094,72,378.049
1775443134819,2040,1,0.0126406,0.313134,0.997393,0.970381,0.942329,0.913477,0.04,-9.12094,-9.19005,72,377.984
1775443134946,2041,1,0.0115955,0.317139,0.961965,0.936499,0.910113,0.88302,0.04,-9.19005,-9.23116,72,377.996
1775443135069,2042,1,0.00957479,0.32477,0.875372,0.85375,0.831454,0.808631,0.04,-9.23116,-9.3101,72,377.226
1775443135183,2043,1,0.00925096,0.324279,0.851608,0.831188,0.810142,0.788602,0.04,-9.3101,-9.27776,72,377.022
1775443135317,2044,1,0.00903136,0.319818,0.873224,0.852079,0.830243,0.80786,0.04,-9.27776,-9.13893,72,377.207
1775443135451,2045,1,0.0104467,0.30365,0.998892,0.972703,0.945411,0.917253,0.04,-9.13893,-8.78181,73,377.841
1775443135659,2046,1,0.0110123,0.293072,1.06108,1.03261,1.00276,0.971824,0.04,-8.78181,-8.52603,75,377.68
1775443135774,2047,1,0.0123492,0.271601,1.2916,1.25246,1.21069,1.1669,0.04,-8.52603,-8.00608,78,378.192
1775443135911,2048,1,0.0158794,0.242709,1.5949,1.54121,1.48223,1.41925,0.04,-8.00608,-7.42745,80,378.771
1775443136015,2049,1,0.0159232,0.236614,1.64769,1.59172,1.52983,1.46347,0.04,-7.42745,-7.25842,81,379.178
1775443136123,2050,1,0.0164059,0.229303,1.71224,1.65351,1.58801,1.51743,0.04,-7.25842,-7.0853,82,379.602
1775443136234,2051,1,0.0161996,0.218539,1.83075,1.76637,1.69357,1.61447,0.04,-7.0853,-6.76425,83,380.17
1775443136330,2052,1,0.0164753,0.214751,1.87676,1.81011,1.73433,1.65174,0.04,-6.76425,-6.67471,83,380.567
1775443136456,2053,1,0.0158096,0.215402,1.92249,1.85222,1.77223,1.68505,0.04,-6.67471,-6.6407,84,382.19
1775443136603,2054,1,0.0156515,0.215249,2.02816,1.94969,1.85995,1.7621,0.04,-6.6407,-6.61263,84,384.407
1775443136740,2055,1,0.0119281,0.238676,1.77891,1.71281,1.63946,1.56085,0.04,-6.61263,-7.02194,82,386.178
1775443136864,2056,1,0.00917836,0.256752,1.65756,1.59608,1.52903,1.45799,0.04,-7.02194,-7.33739,81,388.726
1775443136974,2057,1,0.00575158,0.281851,1.46559,1.41296,1.35679,1.29809,0.04,-7.33739,-7.80554,79,390.844
1775443137106,2058,1,0.00364233,0.29761,1.26344,1.2222,1.17878,1.13378,0.04,-7.80554,-8.11297,77,393.345
1775443137233,2059,1,-0.00220302,0.331341,0.945675,0.919828,0.893183,0.865945,0.04,-8.11297,-8.66526,74,395.348
1775443137374,2060,1,-0.0143666,0.407139,0.106502,0.106086,0.105669,0.105252,0.04,-8.66526,-9.99761,72,395.895
1775443137498,2061,1,-0.0149063,0.411731,0.116321,0.115818,0.115314,0.114809,0.04,-9.99761,-10.0829,72,398.462
1775443137607,2062,1,-0.0169109,0.42006,0.0367991,0.0367475,0.0366957,0.036644,0.04,-10.0829,-10.1822,72,399.109
1775443137723,2063,1,-0.0212073,0.440096,0.174248,0.17548,0.17671,0.177938,0.04,-10.1822,-10.4049,72,402.493
1775443137842,2064,1,-0.0251966,0.462287,0.322113,0.326617,0.331118,0.335609,0.04,-10.4049,-10.7047,72,404.305
1775443137957,2065,1,-0.0242818,0.453032,0.169369,0.17058,0.17179,0.172999,0.04,-10.7047,-10.5432,72,407.478
1775443138060,2066,1,-0.0213957,0.431113,0.10441,0.103979,0.103548,0.103117,0.04,-10.5432,-10.1609,72,410.247
1775443138165,2067,1,-0.0224592,0.433342,0.0858089,0.085516,0.0852229,0.0849296,0.04,-10.1609,-10.1506,72,410.812
1775443138285,2068,1,-0.02342,0.435247,0.0708165,0.0706159,0.0704151,0.0702142,0.04,-10.1506,-10.1381,72,411.31
1775443138493,2069,1,-0.022241,0.424893,0.200291,0.198735,0.197177,0.195616,0.04,-10.1381,-9.91961,72,412.21
1775443138675,2070,1,-0.0130182,0.366141,0.930788,0.902688,0.874033,0.845028,0.04,-9.91961,-8.86252,73,413.742
1775443138806,2071,1,-0.00949353,0.342092,1.26476,1.21657,1.1668,1.11609,0.04,-8.86252,-8.41095,75,413.455
1775443138937,2072,1,-0.0098274,0.339483,1.28669,1.23723,1.18608,1.13391,0.04,-8.41095,-8.31435,76,412.668
1775443139060,2073,1,-0.0111986,0.342623,1.129,1.09062,1.05106,1.01074,0.04,-8.31435,-8.32514,76,411.399
1775443139210,2074,1,-0.00908659,0.32641,1.28382,1.2367,1.18769,1.13747,0.04,-8.32514,-8.01183,78,411.227
1775443139356,2075,1,-0.0101582,0.329024,1.19418,1.15311,1.11052,1.0669,0.04,-8.01183,-8.0202,77,410.368
1775443139477,2076,1,-0.0117843,0.333637,1.12313,1.08627,1.04817,1.00921,0.04,-8.0202,-8.0422,77,409.419
1775443139604,2077,1,-0.010712,0.321812,1.27345,1.22782,1.18028,1.13147,0.04,-8.0422,-7.77643,79,410.417
1775443139752,2078,1,-0.0115072,0.319959,1.33439,1.28454,1.23251,1.17906,0.04,-7.77643,-7.66346,79,411.102
1775443139878,2079,1,-0.0127363,0.32643,1.21103,1.16915,1.12566,1.08109,0.04,-7.66346,-7.76978,79,412.348
1775443139998,2080,1,-0.0150504,0.340618,1.00889,0.978501,0.947226,0.915335,0.04,-7.76978,-8.02089,77,413.711
1775443140173,2081,1,-0.0190556,0.364575,0.70644,0.690381,0.674052,0.657523,0.04,-8.02089,-8.43421,75,414.034
1775443140310,2082,1,-0.0222089,0.379161,0.588285,0.576626,0.564829,0.552928,0.04,-8.43421,-8.62787,74,415.943
1775443140447,2083,1,-0.0284446,0.416809,0.170334,0.169237,0.168137,0.167036,0.04,-8.62787,-9.27722,72,417.771
1775443140556,2084,1,-0.0326231,0.440959,0.0722664,0.0724789,0.0726913,0.0729036,0.04,-9.27722,-9.65676,72,418.031
1775443140672,2085,1,-0.0310744,0.433728,0.059086,0.058947,0.0588079,0.0586687,0.04,-9.65676,-9.5705,72,419.723
1775443140790,2086,1,-0.0295507,0.423906,0.195455,0.193978,0.192498,0.191016,0.04,-9.5705,-9.38908,72,422.29
1775443140961,2087,1,-0.0297112,0.424196,0.143981,0.143179,0.142376,0.141571,0.04,-9.38908,-9.39371,72,423.039
1775443141080,2088,1,-0.0242188,0.387016,0.574772,0.563361,0.551833,0.54022,0.04,-9.39371,-8.70355,74,427.242
1775443141248,2089,1,-0.0196787,0.356471,0.960867,0.931836,0.902134,0.871989,0.04,-8.70355,-8.137,77,429.911
1775443141412,2090,1,-0.0221288,0.367074,0.883355,0.857984,0.832135,0.805975,0.04,-8.137,-8.26528,76,430.047
1775443141571,2091,1,-0.0240536,0.37064,0.875001,0.849823,0.824198,0.798289,0.04,-8.26528,-8.23008,76,430.906
1775443141705,2092,1,-0.022216,0.357558,1.02973,0.996239,0.961953,0.92717,0.04,-8.23008,-7.98213,78,431.506
1775443141834,2093,1,-0.0252817,0.370623,0.897122,0.87065,0.843701,0.816452,0.04,-7.98213,-8.14181,77,430.717
1775443141972,2094,1,-0.0261983,0.374327,0.855473,0.831126,0.806377,0.781376,0.04,-8.14181,-8.18445,77,430.576
1775443142133,2095,1,-0.0260417,0.373787,0.851763,0.827669,0.803175,0.778428,0.04,-8.18445,-8.18116,77,430.508
1775443142267,2096,1,-0.0278097,0.388302,0.669996,0.654413,0.638657,0.622787,0.04,-8.18116,-8.47691,75,429.363
1775443142454,2097,1,-0.0285658,0.393553,0.606266,0.593302,0.580215,0.567046,0.04,-8.47691,-8.57577,75,428.763
1775443142594,2098,1,-0.0291207,0.402015,0.500363,0.491303,0.482179,0.473012,0.04,-8.57577,-8.78147,73,427.962
1775443142733,2099,1,-0.0294992,0.410038,0.355088,0.350414,0.345719,0.341008,0.04,-8.78147,-8.99357,72,426.245
1775443142867,2100,1,-0.0295214,0.41422,0.30407,0.300599,0.297116,0.293623,0.04,-8.99357,-9.11274,72,425.684
1775443142998,2101,1,-0.0270959,0.404982,0.371928,0.366881,0.361806,0.356711,0.04,-9.11274,-9.02034,72,425.23
1775443143130,2102,1,-0.0259908,0.402886,0.331258,0.327281,0.323284,0.319272,0.04,-9.02034,-9.04598,72,423.997
1775443143261,2103,1,-0.0261573,0.403817,0.226722,0.224856,0.222982,0.221103,0.04,-9.04598,-9.0754,72,422.907
1775443143385,2104,1,-0.0232577,0.385709,0.39022,0.384993,0.379724,0.374422,0.04,-9.0754,-8.76151,73,421.569
1775443143522,2105,1,-0.0208592,0.370045,0.531411,0.52218,0.512834,0.503394,0.04,-8.76151,-8.4828,75,419.497
1775443143645,2106,1,-0.0193791,0.360478,0.57922,0.568587,0.557792,0.546866,0.04,-8.4828,-8.3193,76,417.752
1775443143811,2107,1,-0.0196823,0.358526,0.563464,0.553468,0.54332,0.533048,0.04,-8.3193,-8.24783,76,415.83
1775443143939,2108,1,-0.0191631,0.352319,0.55323,0.543793,0.534204,0.524489,0.04,-8.24783,-8.1173,77,413.937
1775443144062,2109,1,-0.0204599,0.353844,0.495357,0.48776,0.480052,0.472251,0.04,-8.1173,-8.07744,77,411.996
1775443144211,2110,1,-0.0206038,0.351994,0.448222,0.442044,0.435783,0.429449,0.04,-8.07744,-8.02443,77,410.366
1775443144329,2111,1,-0.0209183,0.352791,0.400205,0.395271,0.390277,0.385229,0.04,-8.02443,-8.03137,77,408.833
1775443144462,2112,1,-0.0212987,0.352459,0.317628,0.314527,0.311396,0.308236,0.04,-8.03137,-8.00852,78,405.435
1775443144586,2113,1,-0.0220312,0.354325,0.235209,0.2335,0.231778,0.230045,0.04,-8.00852,-8.02091,77,403.059
1775443144724,2114,1,-0.0210634,0.350926,0.193891,0.192744,0.191589,0.190428,0.04,-8.02091,-8.00218,78,400.399
1775443144857,2115,1,-0.0216757,0.352297,0.1161,0.115687,0.115273,0.114857,0.04,-8.00218,-8.00903,78,397.024
1775443145003,2116,1,-0.0216467,0.351093,0.0622506,0.0621326,0.0620143,0.0618958,0.04,-8.00903,-7.98691,78,393.86
1775443145204,2117,1,-0.0203,0.34288,0.0578283,0.0577293,0.0576301,0.0575307,0.04,-7.98691,-7.85857,78,392.316
1775443145362,2118,1,-0.0198062,0.335605,0.031763,0.0317339,0.0317048,0.0316757,0.04,-7.85857,-7.70013,79,389.923
1775443145513,2119,1,-0.0193226,0.329631,0.0157215,0.0157145,0.0157075,0.0157005,0.04,-7.70013,-7.57453,80,387.897
1775443145654,2120,1,-0.0181167,0.319694,0.0342087,0.0341768,0.0341449,0.034113,0.04,-7.57453,-7.38625,80,387.616
1775443145790,2121,1,-0.0157736,0.303263,0.0584652,0.0583777,0.0582899,0.0582018,0.04,-7.38625,-7.10001,82,386.315
1775443145983,2122,1,-0.0147211,0.296443,0.0523125,0.0522443,0.0521758,0.0521071,0.04,-7.10001,-6.98922,82,384.29
1775443146125,2123,1,-0.0128659,0.28604,0.0591056,0.0590219,0.0589379,0.0588536,0.04,-6.98922,-6.83501,83,382.577
1775443146323,2124,1,-0.0131164,0.282545,0.0267559,0.026739,0.0267221,0.0267051,0.04,-6.83501,-6.72834,83,379.771
1775443146466,2125,1,-0.0105623,0.269704,0.0274468,0.0274299,0.027413,0.0273961,0.04,-6.72834,-6.55741,84,377.974
1775443146651,2126,1,-0.00963536,0.26374,0.0185313,0.0185238,0.0185163,0.0185088,0.04,-6.55741,-6.46156,84,376.51
1775443146776,2127,1,-0.00840241,0.25635,8.77047e-05,8.77049e-05,8.7705e-05,8.77052e-05,0.04,-6.46156,-6.34984,85,375.753
1775443146912,2128,1,-0.00752065,0.25122,0.00799698,0.0079983,0.00799962,0.00800094,0.04,-6.34984,-6.27076,85,374.639
1775443147058,2129,1,-0.00691687,0.247652,0.0174633,0.0174695,0.0174757,0.0174819,0.04,-6.27076,-6.21447,85,373.068
1775443147239,2130,1,-0.00635867,0.242528,0.031204,0.0312234,0.0312427,0.0312619,0.04,-6.21447,-6.11232,85,371.859
1775443147379,2131,1,-0.00584643,0.239768,0.0506703,0.0507206,0.0507707,0.0508206,0.04,-6.11232,-6.06994,86,371.185
1775443147512,2132,1,-0.00501071,0.234902,0.0551085,0.0551666,0.0552245,0.0552821,0.04,-6.06994,-5.9954,86,370.595
1775443147661,2133,1,-0.00385234,0.22949,0.066434,0.0665164,0.0665982,0.0666795,0.04,-5.9954,-5.92724,86,369.029
1775443147826,2134,1,-0.00324839,0.22553,0.0785478,0.0786607,0.0787727,0.0788839,0.04,-5.92724,-5.85994,86,368.358
1775443147979,2135,1,-0.0013884,0.217143,0.0800618,0.0801744,0.080286,0.0803967,0.04,-5.85994,-5.76138,87,366.654
1775443148118,2136,1,-0.000648519,0.213139,0.104094,0.10428,0.104464,0.104647,0.04,-5.76138,-5.70036,87,364.807
1775443148248,2137,1,-0.000493398,0.209658,0.109433,0.109635,0.109835,0.110032,0.04,-5.70036,-5.61614,87,363.673
1775443148391,2138,1,0.00136173,0.200329,0.103244,0.103415,0.103584,0.103752,0.04,-5.61614,-5.493,87,362.597
1775443148536,2139,1,0.00217174,0.195494,0.112958,0.113158,0.113355,0.113549,0.04,-5.493,-5.41665,88,361.828
1775443148715,2140,1,0.00393746,0.187294,0.103529,0.103689,0.103847,0.104003,0.04,-5.41665,-5.31837,88,360.829
1775443148856,2141,1,0.00511668,0.180981,0.112673,0.112856,0.113036,0.113214,0.04,-5.31837,-5.22767,88,360.115
1775443149006,2142,1,0.0067368,0.171721,0.0981625,0.0982939,0.0984236,0.0985515,0.04,-5.22767,-5.09151,89,359.864
1775443149155,2143,1,0.00724465,0.167384,0.108182,0.108337,0.10849,0.10864,0.04,-5.09151,-5.00772,89,360.045
1775443149332,2144,1,0.00841347,0.15842,0.0946904,0.0948027,0.0949135,0.0950226,0.04,-5.00772,-4.84824,89,359.482
1775443149505,2145,1,0.0114216,0.143462,0.0751599,0.0752238,0.0752869,0.0753492,0.04,-4.84824,-4.65461,90,358.904
1775443149657,2146,1,0.0121614,0.13896,0.0833367,0.0834126,0.0834875,0.0835612,0.04,-4.65461,-4.58269,90,358.582
1775443149851,2147,1,0.0134501,0.13233,0.0770999,0.0771617,0.0772226,0.0772827,0.04,-4.58269,-4.49342,90,358.299
1775443150005,2148,1,0.0151275,0.122217,0.0659643,0.066006,0.0660471,0.0660877,0.04,-4.49342,-4.33761,90,358.045
1775443150145,2149,1,0.0167337,0.112716,0.0513084,0.0513316,0.0513546,0.0513774,0.04,-4.33761,-4.19399,91,357.611
1775443150280,2150,1,0.0173571,0.10842,0.0587829,0.0588122,0.0588411,0.0588696,0.04,-4.19399,-4.11967,91,357.556
1775443150424,2151,1,0.0181054,0.105067,0.0579089,0.0579364,0.0579636,0.0579904,0.04,-4.11967,-4.08082,91,357.707
1775443150558,2152,1,0.0193675,0.0980317,0.0533069,0.0533286,0.0533501,0.0533712,0.04,-4.08082,-3.97851,91,357.563
1775443150708,2153,1,0.0183554,0.0996596,0.071183,0.0712224,0.071261,0.071299,0.04,-3.97851,-3.94979,91,357.443
1775443150842,2154,1,0.0196931,0.0921681,0.0619149,0.0619424,0.0619694,0.061996,0.04,-3.94979,-3.84111,91,357.359
1775443150964,2155,1,0.0203237,0.0881473,0.0593467,0.0593708,0.0593946,0.0594179,0.04,-3.84111,-3.77634,92,357.155
1775443151091,2156,1,0.0207039,0.0844625,0.0569613,0.0569826,0.0570036,0.0570241,0.04,-3.77634,-3.70336,92,356.815
1775443151243,2157,1,0.0215553,0.0787412,0.0509343,0.0509502,0.0509658,0.0509812,0.04,-3.70336,-3.60843,92,356.634
1775443151369,2158,1,0.0212976,0.0772024,0.0616833,0.0617061,0.0617284,0.0617503,0.04,-3.60843,-3.54733,92,356.587
1775443151502,2159,1,0.021558,0.0740347,0.0556611,0.0556789,0.0556963,0.0557134,0.04,-3.54733,-3.48063,92,356.487
1775443151637,2160,1,0.021779,0.0702451,0.0519122,0.0519269,0.0519413,0.0519555,0.04,-3.48063,-3.39404,92,356.495
1775443151779,2161,1,0.0224882,0.0642993,0.0453333,0.0453436,0.0453536,0.0453635,0.04,-3.39404,-3.28331,93,356.045
1775443151903,2162,1,0.0227118,0.0586326,0.0413755,0.0413833,0.0413909,0.0413984,0.04,-3.28331,-3.1462,93,355.276
1775443152028,2163,1,0.0227326,0.0574483,0.0427362,0.0427443,0.0427523,0.0427601,0.04,-3.1462,-3.11538,93,354.903
1775443152161,2164,1,0.0228959,0.0549069,0.044709,0.0447175,0.0447258,0.044734,0.04,-3.11538,-3.05765,93,354.542
1775443152318,2165,1,0.0231563,0.0507458,0.0419511,0.041958,0.0419648,0.0419714,0.04,-3.05765,-2.96358,93,354.14
1775443152438,2166,1,0.023743,0.0448491,0.0332954,0.0332993,0.033303,0.0333067,0.04,-2.96358,-2.84606,93,353.869
1775443152569,2167,1,0.0237479,0.0433265,0.0335227,0.0335265,0.0335302,0.0335338,0.04,-2.84606,-2.80518,93,353.747
1775443152676,2168,1,0.0237158,0.0416967,0.0349093,0.0349132,0.0349171,0.0349208,0.04,-2.80518,-2.75869,93,353.656
1775443152810,2169,1,0.0238627,0.0378188,0.0310496,0.0310524,0.0310551,0.0310578,0.04,-2.75869,-2.66462,94,353.337
1775443152926,2170,1,0.0234867,0.0364063,0.0385673,0.0385715,0.0385755,0.0385795,0.04,-2.66462,-2.59928,94,353.187
1775443153057,2171,1,0.0236977,0.0334577,0.0361155,0.0361189,0.0361222,0.0361253,0.04,-2.59928,-2.53453,94,352.705
1775443153176,2172,1,0.0235053,0.0307703,0.037666,0.0376693,0.0376725,0.0376757,0.04,-2.53453,-2.44836,94,352.553
1775443153287,2173,1,0.0235897,0.0287454,0.0380639,0.0380671,0.0380702,0.0380731,0.04,-2.44836,-2.39938,94,352.08
1775443153416,2174,1,0.0236763,0.0254738,0.0318691,0.0318711,0.031873,0.0318748,0.04,-2.39938,-2.3179,94,351.544
1775443153594,2175,1,0.0237824,0.023095,0.0287521,0.0287535,0.0287549,0.0287563,0.04,-2.3179,-2.26141,94,351.601
1775443153710,2176,1,0.0237231,0.0194712,0.0327832,0.0327848,0.0327863,0.0327878,0.04,-2.26141,-2.15873,94,351.258
1775443153817,2177,1,0.0235191,0.0167413,0.0246253,0.0246261,0.0246268,0.0246275,0.04,-2.15873,-2.07214,94,351.303
1775443153950,2178,1,0.0232154,0.016084,0.0272685,0.0272695,0.0272703,0.0272712,0.04,-2.07214,-2.03298,94,351.072
1775443154115,2179,1,0.0230052,0.0141962,0.0242044,0.024205,0.0242056,0.0242062,0.04,-2.03298,-1.96793,95,351.125
1775443154257,2180,1,0.0233043,0.00898847,0.0146094,0.0146096,0.0146097,0.0146099,0.04,-1.96793,-1.84933,95,351.061
1775443154388,2181,1,0.0226011,0.00666441,0.0152949,0.0152951,0.0152952,0.0152953,0.04,-1.84933,-1.73786,95,351.663
1775443154508,2182,1,0.0239991,2.26707e-06,3.75121e-06,3.75121e-06,3.75121e-06,3.75121e-06,0.04,-1.73786,-1.65668,95,352.645
1775443154624,2183,1,0.022999,2.47055e-06,4.43874e-06,4.43874e-06,4.43874e-06,4.43874e-06,0.04,-1.65668,-1.58765,95,352.604
1775443154763,2184,1,0.021999,2.45571e-06,4.14007e-06,4.14007e-06,4.14007e-06,4.14007e-06,0.04,-1.58765,-1.51862,95,352.771
1775443154889,2185,1,0.0224018,-0.00500623,0.0166083,0.0166084,0.0166085,0.0166086,0.04,-1.51862,-1.4084,95,353.123
1775443155012,2186,1,0.0223479,-0.00796576,0.0248426,0.0248429,0.0248433,0.0248436,0.04,-1.4084,-1.32336,95,353.762
1775443155164,2187,1,0.0233192,-0.0172081,0.0788889,0.0788968,0.0789036,0.0789095,0.04,-1.32336,-1.13201,96,354.282
1775443155354,2188,1,0.0242412,-0.026263,0.135953,0.135989,0.136019,0.136044,0.04,-1.13201,-0.941821,96,354.387
1775443155525,2189,1,0.0256562,-0.0376014,0.211125,0.211246,0.211348,0.211432,0.04,-0.941821,-0.721036,96,355.009
1775443155659,2190,1,0.0280956,-0.0562455,0.34112,0.341592,0.341983,0.342294,0.04,-0.721036,-0.364731,97,355.656
1775443155780,2191,1,0.0298859,-0.0692888,0.437049,0.438002,0.438786,0.4394,0.04,-0.364731,-0.120342,97,355.869
1775443155905,2192,1,0.0306161,-0.0763833,0.50742,0.508831,0.509977,0.510857,0.04,-0.120342,0.0323363,97,355.903
1775443156025,2193,1,0.0268988,-0.060167,0.417589,0.418337,0.418937,0.419389,0.04,0.0323363,-0.163834,97,353.801
1775443156173,2194,1,0.0248493,-0.0510388,0.381067,0.381591,0.382002,0.382301,0.04,-0.163834,-0.274953,97,352.163
1775443156311,2195,1,0.0197871,-0.0280736,0.233757,0.233864,0.233945,0.234,0.04,-0.274953,-0.569837,96,349.806
1775443156472,2196,1,0.0146592,-0.00412892,0.0954931,0.0954952,0.0954955,0.095494,0.04,-0.569837,-0.885123,96,347.1
1775443156586,2197,1,0.00799237,0.0276396,0.123925,0.123956,0.123984,0.124007,0.04,-0.885123,-1.27919,95,343.663
1775443156697,2198,1,0.00636349,0.0352303,0.18587,0.185959,0.186034,0.186097,0.04,-1.27919,-1.36211,95,343.288
1775443156821,2199,1,0.00529042,0.0380161,0.219195,0.219327,0.219437,0.219526,0.04,-1.36211,-1.35804,95,343.349
1775443156950,2200,1,0.00836979,0.0224866,0.170318,0.170364,0.1704,0.170426,0.04,-1.35804,-1.15858,96,345.571
1775443157072,2201,1,0.00958299,0.0147297,0.152676,0.152699,0.152715,0.152724,0.04,-1.15858,-1.03547,96,345.998
1775443157189,2202,1,0.0098853,0.0118701,0.145511,0.145528,0.145538,0.145542,0.04,-1.03547,-0.980162,96,346.098
1775443157315,2203,1,0.00991379,0.0102327,0.14626,0.146274,0.146281,0.146283,0.04,-0.980162,-0.937744,96,346.157
1775443157427,2204,1,0.00944014,0.00919212,0.140753,0.140765,0.14077,0.14077,0.04,-0.937744,-0.877798,96,346.536
1775443157548,2205,1,0.0111648,-3.59006e-05,0.105977,0.105975,0.105972,0.105966,0.04,-0.877798,-0.752924,96,347.194
1775443157692,2206,1,0.0135262,-0.0138931,0.0521238,0.0521207,0.0521174,0.0521137,0.04,-0.752924,-0.549845,96,347.71
1775443157814,2207,1,0.0157531,-0.0282057,0.00915984,0.00916003,0.00916021,0.00916039,0.04,-0.549845,-0.323473,97,348.964
1775443157932,2208,1,0.0199646,-0.0544662,0.133408,0.133481,0.13355,0.133614,0.04,-0.323473,0.11545,97,350.173
1775443158044,2209,1,0.0233137,-0.0797816,0.256939,0.257335,0.257697,0.258025,0.04,0.11545,0.588314,98,350.393
1775443158170,2210,1,0.0204503,-0.069952,0.218682,0.218934,0.219164,0.219374,0.04,0.588314,0.51415,98,349.84
1775443158291,2211,1,0.015611,-0.0493109,0.128431,0.128493,0.12855,0.128603,0.04,0.51415,0.275812,97,347.023
1775443158412,2212,1,0.0100259,-0.0231713,0.0021136,0.00211361,0.00211362,0.00211362,0.04,0.275812,-0.0653495,97,342.644
1775443158586,2213,1,0.00627221,-0.00647703,0.0728109,0.0728079,0.072804,0.0727994,0.04,-0.0653495,-0.246314,97,337.096
1775443158702,2214,1,0.00439668,0.00385106,0.129601,0.129603,0.129602,0.129596,0.04,-0.246314,-0.387034,97,331.768
1775443158822,2215,1,0.00348711,0.0088639,0.159829,0.159842,0.159848,0.159845,0.04,-0.387034,-0.454946,96,326.793
1775443158922,2216,1,0.00332921,0.0101823,0.171653,0.171672,0.17168,0.171677,0.04,-0.454946,-0.477821,96,326.561
1775443159065,2217,1,0.0136032,-0.0232016,0.0767559,0.0767447,0.0767327,0.0767197,0.04,-0.477821,-0.299628,97,335.865
1775443159228,2218,1,0.0163488,-0.0350265,0.0312811,0.0312783,0.0312756,0.0312727,0.04,-0.299628,-0.176698,97,339.734
1775443159346,2219,1,0.0119279,-0.0304823,0.0121501,0.0121497,0.0121494,0.012149,0.04,-0.176698,0.00259002,97,346.552
1775443159467,2220,1,0.0119001,-0.0329987,0.00108394,0.00108394,0.00108394,0.00108393,0.04,0.00259002,0.070758,97,349.801
1775443159611,2221,1,0.00674381,-0.0153172,0.0820191,0.0820105,0.0820007,0.0819899,0.04,0.070758,-0.038435,97,353.15
1775443159749,2222,1,0.00468853,-0.00976107,0.12883,0.128815,0.128796,0.128772,0.04,-0.038435,-0.0393377,97,353.806
1775443159860,2223,1,0.00556191,-0.0168511,0.107013,0.106996,0.106978,0.106956,0.04,-0.0393377,0.0885468,97,353.226
1775443159988,2224,1,0.00811322,-0.0305486,0.0547715,0.0547642,0.0547565,0.0547485,0.04,0.0885468,0.274459,97,351.317
1775443160117,2225,1,0.00837898,-0.0374077,0.0203891,0.0203878,0.0203866,0.0203853,0.04,0.274459,0.436044,98,350.674
1775443160233,2226,1,0.00823896,-0.0418906,0.00050369,0.00050369,0.000503691,0.000503692,0.04,0.436044,0.563747,98,350.021
1775443160354,2227,1,0.00743947,-0.0417621,0.00153041,0.00153042,0.00153043,0.00153043,0.04,0.563747,0.615642,98,349.249
1775443160476,2228,1,0.00706065,-0.0435954,0.0109662,0.0109666,0.010967,0.0109674,0.04,0.615642,0.692841,98,349.559
1775443160595,2229,1,0.0062348,-0.043086,0.0109664,0.0109668,0.0109672,0.0109676,0.04,0.692841,0.736085,98,349.606
1775443160767,2230,1,0.00541403,-0.0421994,0.00707035,0.00707052,0.00707068,0.00707084,0.04,0.736085,0.768157,98,349.895
1775443160899,2231,1,0.00411246,-0.0397796,0.0010174,0.0010174,0.0010174,0.00101739,0.04,0.768157,0.791635,98,349.584
1775443161021,2232,1,0.00266445,-0.0373168,0.0111057,0.0111053,0.011105,0.0111046,0.04,0.791635,0.826612,98,349.976
1775443161147,2233,1,0.00198344,-0.0358781,0.0224835,0.0224821,0.0224806,0.0224792,0.04,0.826612,0.836535,98,349.965
1775443161289,2234,1,0.000448375,-0.0323049,0.0430611,0.0430563,0.0430514,0.0430463,0.04,0.836535,0.849167,98,350.814
1775443161404,2235,1,-0.000796344,-0.0296928,0.0598147,0.0598061,0.0597972,0.0597878,0.04,0.849167,0.867131,98,350.654
1775443161526,2236,1,-0.00172092,-0.0275862,0.0722333,0.0722217,0.0722093,0.0721961,0.04,0.867131,0.875977,98,350.086
1775443161664,2237,1,-0.00218672,-0.0275101,0.0823224,0.0823073,0.082291,0.0822737,0.04,0.875977,0.907663,98,349.787
1775443161797,2238,1,-0.00202755,-0.0308224,0.074885,0.0748711,0.0748563,0.0748407,0.04,0.907663,0.985027,98,349.283
1775443161955,2239,1,-0.00287732,-0.0302899,0.0819121,0.0818957,0.0818782,0.0818595,0.04,0.985027,1.03041,98,349.038
1775443162087,2240,1,-0.00379662,-0.0309897,0.0901683,0.0901479,0.090126,0.0901026,0.04,1.03041,1.11409,98,349.519
1775443162219,2241,1,-0.00427837,-0.0315417,0.0930335,0.0930114,0.0929876,0.0929623,0.04,1.11409,1.16272,98,350.292
1775443162335,2242,1,-0.00442112,-0.0335555,0.0946268,0.0946025,0.0945765,0.0945488,0.04,1.16272,1.22726,98,350.655
1775443162459,2243,1,-0.00458779,-0.0352116,0.0902048,0.0901817,0.0901571,0.0901311,0.04,1.22726,1.28284,99,351.134
1775443162573,2244,1,-0.00508279,-0.0366248,0.0946811,0.0946546,0.0946264,0.0945964,0.04,1.28284,1.35591,99,351.62
1775443162703,2245,1,-0.00478745,-0.0400724,0.0882725,0.0882475,0.088221,0.0881931,0.04,1.35591,1.42771,99,351.8
1775443162841,2246,1,-0.00559754,-0.0392347,0.0977701,0.0977399,0.0977078,0.0976738,0.04,1.42771,1.4625,99,351.818
1775443162970,2247,1,-0.00587279,-0.041261,0.0963947,0.0963639,0.0963313,0.0962968,0.04,1.4625,1.53604,99,351.818
1775443163091,2248,1,-0.00620271,-0.0421314,0.0993876,0.0993541,0.0993187,0.0992812,0.04,1.53604,1.58283,99,351.969
1775443163262,2249,1,-0.00653108,-0.0436559,0.0958761,0.0958439,0.0958099,0.0957741,0.04,1.58283,1.64615,99,352.306
1775443163424,2250,1,-0.00710091,-0.0449717,0.0951962,0.0951635,0.095129,0.0950929,0.04,1.64615,1.72094,99,352.283
1775443163590,2251,1,-0.00718591,-0.0491187,0.0842864,0.0842585,0.0842295,0.0841992,0.04,1.72094,1.83717,99,352.2
1775443163735,2252,1,-0.00724051,-0.0511172,0.0771671,0.0771429,0.0771177,0.0770916,0.04,1.83717,1.89385,99,352.798
1775443163865,2253,1,-0.00795832,-0.0510404,0.0766409,0.076617,0.0765922,0.0765665,0.04,1.89385,1.94124,99,353.258
1775443164006,2254,1,-0.00754742,-0.0554781,0.0627271,0.0627098,0.062692,0.0626737,0.04,1.94124,2.03063,100,353.02
1775443164222,2255,1,-0.00747703,-0.0589813,0.0484922,0.0484812,0.04847,0.0484586,0.04,2.03063,2.11821,100,352.694
1775443164381,2256,1,-0.00760874,-0.0610305,0.0373502,0.0373435,0.0373367,0.0373298,0.04,2.11821,2.18094,100,352.461
1775443164523,2257,1,-0.00713855,-0.067899,0.0101996,0.010199,0.0101985,0.0101979,0.04,2.18094,2.32983,100,352.376
1775443164665,2258,1,-0.00733098,-0.0684218,0.00591902,0.00591883,0.00591864,0.00591846,0.04,2.32983,2.3566,100,352.567
1775443164779,2259,1,-0.00693336,-0.07204,0.0111456,0.0111463,0.011147,0.0111477,0.04,2.3566,2.42778,100,352.77
1775443164919,2260,1,-0.00659879,-0.0741803,0.0208576,0.0208602,0.0208627,0.0208651,0.04,2.42778,2.46409,100,353.113
1775443165060,2261,1,-0.00644121,-0.0779446,0.0327987,0.0328052,0.0328117,0.0328181,0.04,2.46409,2.55686,100,353.609
1775443165191,2262,1,-0.00689119,-0.0798298,0.0450231,0.0450357,0.0450481,0.0450603,0.04,2.55686,2.64082,100,353.33
1775443165324,2263,1,-0.00722308,-0.0790974,0.0419068,0.0419176,0.0419283,0.0419388,0.04,2.64082,2.64346,100,353.408
1775443165442,2264,1,-0.00832231,-0.0772914,0.0374762,0.0374847,0.037493,0.0375013,0.04,2.64346,2.66981,100,353.508
1775443165584,2265,1,-0.00897391,-0.0766279,0.0367988,0.0368069,0.0368149,0.0368228,0.04,2.66981,2.69674,100,353.645
1775443165724,2266,1,-0.00897801,-0.0775765,0.0405563,0.0405663,0.0405761,0.0405857,0.04,2.69674,2.72326,101,353.514
1775443165874,2267,1,-0.00972568,-0.0767079,0.0407849,0.0407948,0.0408046,0.0408143,0.04,2.72326,2.75143,101,353.366
1775443165999,2268,1,-0.0112247,-0.0732641,0.0306655,0.0306708,0.0306761,0.0306814,0.04,2.75143,2.7602,101,352.933
1775443166150,2269,1,-0.011854,-0.0715677,0.0270291,0.0270331,0.0270372,0.0270412,0.04,2.7602,2.75721,101,353.536
1775443166272,2270,1,-0.0132237,-0.067775,0.0143667,0.0143678,0.0143689,0.01437,0.04,2.75721,2.74722,101,353.616
1775443166408,2271,1,-0.0136736,-0.0655592,0.0057531,0.00575326,0.00575343,0.0057536,0.04,2.74722,2.71702,101,353.605
1775443166528,2272,1,-0.0150921,-0.0617777,0.00874292,0.00874255,0.00874218,0.00874181,0.04,2.71702,2.71317,101,353.148
1775443166650,2273,1,-0.0159983,-0.0580021,0.0219207,0.0219185,0.0219163,0.0219141,0.04,2.71317,2.67576,100,353.413
1775443166775,2274,1,-0.017039,-0.0538669,0.037932,0.0379259,0.0379197,0.0379134,0.04,2.67576,2.63836,100,353.687
1775443166905,2275,1,-0.018057,-0.0508508,0.0523133,0.0523023,0.052291,0.0522794,0.04,2.63836,2.62936,100,354.094
1775443167078,2276,1,-0.018057,-0.0508508,0.0523133,0.0523023,0.052291,0.0522794,0.04,2.62936,2.62936,100,354.568
1775443167198,2277,1,-0.0200968,-0.0428704,0.0809565,0.080934,0.0809104,0.0808858,0.04,2.62936,2.55899,100,355.109
1775443167336,2278,1,-0.0203064,-0.0418614,0.087849,0.0878231,0.0877958,0.0877672,0.04,2.55899,2.54726,100,355.872
1775443167464,2279,1,-0.0208692,-0.0400332,0.0992626,0.0992308,0.099197,0.0991613,0.04,2.54726,2.5385,100,356.369
1775443167634,2280,1,-0.0211186,-0.0391481,0.105494,0.105459,0.105421,0.105381,0.04,2.5385,2.53277,100,356.536
1775443167789,2281,1,-0.0211011,-0.0398618,0.102496,0.102462,0.102426,0.102388,0.04,2.53277,2.55037,100,356.702
1775443167919,2282,1,-0.0208517,-0.0401595,0.107421,0.107383,0.107343,0.107301,0.04,2.55037,2.54199,100,356.646
1775443168070,2283,1,-0.0206439,-0.0423499,0.0992208,0.0991872,0.0991517,0.0991142,0.04,2.54199,2.58555,100,357.37
1775443168204,2284,1,-0.0200546,-0.0453305,0.0890884,0.0890596,0.0890294,0.0889977,0.04,2.58555,2.62384,100,357.747
1775443168341,2285,1,-0.0198157,-0.0466688,0.0849228,0.0848959,0.0848678,0.0848384,0.04,2.62384,2.64287,100,357.968
1775443168508,2286,1,-0.0196083,-0.0482582,0.0806148,0.0805897,0.0805636,0.0805365,0.04,2.64287,2.67084,100,358.252
1775443168668,2287,1,-0.0193433,-0.0492904,0.0754244,0.0754021,0.0753789,0.0753548,0.04,2.67084,2.67963,100,358.678
1775443168837,2288,1,-0.0189511,-0.0516402,0.0676649,0.0676461,0.0676267,0.0676067,0.04,2.67963,2.71485,101,359.382
1775443168972,2289,1,-0.0189292,-0.0527791,0.0631689,0.0631522,0.063135,0.0631172,0.04,2.71485,2.74341,101,359.303
1775443169083,2290,1,-0.0174626,-0.0586258,0.0345026,0.0344971,0.0344915,0.0344859,0.04,2.74341,2.79568,101,359.007
1775443169219,2291,1,-0.016143,-0.0629004,0.012574,0.0125732,0.0125724,0.0125716,0.04,2.79568,2.81667,101,358.923
1775443169440,2292,1,-0.0155897,-0.0673623,0.0152869,0.0152881,0.0152894,0.0152906,0.04,2.81667,2.89951,101,358.926
1775443169561,2293,1,-0.013757,-0.0768622,0.0703857,0.0704152,0.070444,0.0704721,0.04,2.89951,3.03855,101,359.364
1775443169702,2294,1,-0.0131519,-0.0802756,0.0942713,0.0943264,0.0943798,0.0944316,0.04,3.03855,3.09287,101,359.888
1775443169853,2295,1,-0.0120289,-0.0864043,0.130422,0.130535,0.130644,0.130748,0.04,3.09287,3.18678,101,360.141
1775443169962,2296,1,-0.011003,-0.0923747,0.169433,0.169636,0.16983,0.170014,0.04,3.18678,3.28358,101,360.049
1775443170081,2297,1,-0.0104938,-0.0961519,0.197575,0.197863,0.198135,0.198391,0.04,3.28358,3.35504,102,360.181
1775443170218,2298,1,-0.0097781,-0.100652,0.228647,0.229049,0.229427,0.229782,0.04,3.35504,3.43226,102,359.949
1775443170342,2299,1,-0.00738026,-0.11094,0.287857,0.288558,0.289212,0.289818,0.04,3.43226,3.55435,102,359.632
1775443170464,2300,1,-0.00594827,-0.118998,0.340701,0.341753,0.342727,0.343621,0.04,3.55435,3.68182,102,359.858
1775443170582,2301,1,-0.00578268,-0.122393,0.385638,0.38702,0.388289,0.389443,0.04,3.68182,3.76939,102,360.591
1775443170686,2302,1,-0.00478952,-0.127566,0.433863,0.435683,0.437341,0.438836,0.04,3.76939,3.84848,103,360.502
1775443170805,2303,1,-0.00381458,-0.132839,0.474537,0.476801,0.478856,0.480696,0.04,3.84848,3.93031,103,360.43
1775443170917,2304,1,-0.0033569,-0.135328,0.509828,0.512486,0.514883,0.517014,0.04,3.93031,3.97173,103,360.147
1775443171074,2305,1,-0.00206509,-0.141187,0.565972,0.569385,0.572442,0.575133,0.04,3.97173,4.05009,103,360.196
1775443171282,2306,1,-0.00102931,-0.146994,0.631196,0.635606,0.639524,0.642932,0.04,4.05009,4.14621,103,360.575
1775443171406,2307,1,-0.000418933,-0.149621,0.706109,0.711701,0.716601,0.720784,0.04,4.14621,4.1873,103,360.242
1775443171516,2308,1,-0.000514124,-0.148146,0.735464,0.741449,0.74665,0.751039,0.04,4.1873,4.15877,103,359.39
1775443171617,2309,1,-0.000557125,-0.14703,0.765928,0.772348,0.77788,0.782491,0.04,4.15877,4.1365,103,359.018
1775443171732,2310,1,-0.000705559,-0.146251,0.79041,0.797191,0.802996,0.807785,0.04,4.1365,4.12965,103,358.801
1775443171869,2311,1,-0.00124541,-0.143266,0.811422,0.818392,0.824302,0.829112,0.04,4.12965,4.08957,103,358.161
1775443172011,2312,1,-0.000206651,-0.146071,0.905596,0.914392,0.921711,0.92749,0.04,4.08957,4.10907,103,356.363
1775443172169,2313,1,-0.00139491,-0.139389,0.936757,0.945657,0.952913,0.958458,0.04,4.10907,4.01536,103,354.917
1775443172309,2314,1,-0.00196809,-0.132748,0.967099,0.976045,0.983174,0.988416,0.04,4.01536,3.88014,103,353.637
1775443172465,2315,1,-0.00389162,-0.121102,0.97739,0.985607,0.991938,0.99632,0.04,3.88014,3.69938,102,352.052
1775443172619,2316,1,-0.00525143,-0.112379,0.9925,1.00026,1.00604,1.00977,0.04,3.69938,3.55961,102,350.855
1775443172753,2317,1,-0.00678207,-0.10143,1.01965,1.02689,1.03198,1.03485,0.04,3.55961,3.3733,102,348.892
1775443172914,2318,1,-0.00757347,-0.0920132,1.03665,1.04331,1.04769,1.04975,0.04,3.3733,3.17578,101,347.09
1775443173026,2319,1,-0.0117049,-0.0686804,1.02769,1.03228,1.03465,1.03478,0.04,3.17578,2.82801,101,345.045
1775443173150,2320,1,-0.0136586,-0.0586558,1.02222,1.02594,1.02747,1.02681,0.04,2.82801,2.69072,100,343.458
1775443173351,2321,1,-0.0169291,-0.0373303,1.00438,1.0063,1.00615,1.00393,0.04,2.69072,2.3366,100,341.247
1775443173479,2322,1,-0.018757,-0.0153914,1.00809,1.00827,1.00637,1.00242,0.04,2.3366,1.86966,99,340.592
1775443173651,2323,1,-0.0202998,-0.00216409,0.994618,0.993788,0.990973,0.986199,0.04,1.86966,1.61608,99,340.543
1775443173796,2324,1,-0.022674,0.0248941,0.973185,0.970415,0.965809,0.959408,0.04,1.61608,1.04454,98,340.96
1775443173944,2325,1,-0.0235339,0.0380081,0.964667,0.961003,0.955563,0.948396,0.04,1.04454,0.747666,98,341.483
1775443174073,2326,1,-0.023979,0.0512839,0.95983,0.955254,0.948942,0.940953,0.04,0.747666,0.418431,97,342.146
1775443174214,2327,1,-0.0254521,0.0719912,0.929608,0.923941,0.91672,0.908007,0.04,0.418431,-0.04473,97,343.236
1775443174334,2328,1,-0.026548,0.0855102,0.912111,0.905784,0.898006,0.888841,0.04,-0.04473,-0.337537,97,344.113
1775443174473,2329,1,-0.0274697,0.107724,0.872654,0.865552,0.857205,0.847675,0.04,-0.337537,-0.880791,96,345.532
1775443174592,2330,1,-0.0283195,0.122944,0.847506,0.839951,0.831273,0.821535,0.04,-0.880791,-1.23769,96,346.594
1775443174741,2331,1,-0.0270585,0.129629,0.853689,0.845627,0.836429,0.826159,0.04,-1.23769,-1.5047,95,347.551
1775443174867,2332,1,-0.024975,0.136152,0.872393,0.863561,0.853527,0.842367,0.04,-1.5047,-1.82221,95,349.711
1775443175014,2333,1,-0.0232349,0.141155,0.886008,0.87657,0.865884,0.85403,0.04,-1.82221,-2.07569,94,350.759
1775443175138,2334,1,-0.0209591,0.148629,0.900581,0.890327,0.878778,0.866023,0.04,-2.07569,-2.43281,94,351.65
1775443175255,2335,1,-0.020753,0.159498,0.895738,0.884885,0.872778,0.859511,0.04,-2.43281,-2.74182,93,352.439
1775443175398,2336,1,-0.0205118,0.16832,0.874879,0.863984,0.851936,0.838824,0.04,-2.74182,-3.00026,93,352.741
1775443175526,2337,1,-0.0196655,0.179944,0.87739,0.865689,0.852849,0.838964,0.04,-3.00026,-3.37278,92,353.931
1775443175654,2338,1,-0.0200828,0.193798,0.843497,0.831876,0.819268,0.805757,0.04,-3.37278,-3.72375,92,354.69
1775443175781,2339,1,-0.0196119,0.203493,0.834006,0.82208,0.809217,0.795503,0.04,-3.72375,-4.01994,91,355.444
1775443175886,2340,1,-0.0196212,0.21308,0.812458,0.80061,0.787914,0.774448,0.04,-4.01994,-4.28179,91,355.75
1775443175991,2341,1,-0.0179252,0.221605,0.807856,0.795665,0.782656,0.768909,0.04,-4.28179,-4.63013,90,356.417
1775443176130,2342,1,-0.0177649,0.227102,0.793061,0.781019,0.768212,0.754718,0.04,-4.63013,-4.79211,89,356.622
1775443176281,2343,1,-0.0170821,0.240033,0.761351,0.749608,0.737211,0.724225,0.04,-4.79211,-5.19359,88,357.987
1775443176417,2344,1,-0.0156464,0.241959,0.771742,0.759571,0.746722,0.733266,0.04,-5.19359,-5.34336,88,358.19
1775443176538,2345,1,-0.0128713,0.251731,0.741478,0.729777,0.717489,0.704678,0.04,-5.34336,-5.80356,86,359.286
1775443176649,2346,1,-0.0115552,0.253727,0.741758,0.729948,0.717556,0.704644,0.04,-5.80356,-5.94844,86,359.56
1775443176779,2347,1,-0.00948856,0.254698,0.751702,0.739521,0.726735,0.713413,0.04,-5.94844,-6.11591,85,359.734
1775443176898,2348,1,-0.00718323,0.255166,0.775993,0.762976,0.749297,0.735034,0.04,-6.11591,-6.28418,85,360.273
1775443177093,2349,1,-0.00480893,0.254179,0.801664,0.787815,0.773239,0.75802,0.04,-6.28418,-6.41769,84,361.338
1775443177220,2350,1,-0.00151888,0.250733,0.85776,0.842102,0.82555,0.808215,0.04,-6.41769,-6.54357,84,363.05
1775443177388,2351,1,7.19316e-05,0.250115,0.885447,0.86879,0.85115,0.832655,0.04,-6.54357,-6.63268,84,364.536
1775443177541,2352,1,0.00237369,0.248402,0.911584,0.894039,0.875421,0.855871,0.04,-6.63268,-6.74151,83,366.021
1775443177687,2353,1,0.00400975,0.245515,0.949611,0.930778,0.910726,0.889622,0.04,-6.74151,-6.77094,83,366.607
1775443177859,2354,1,0.00639797,0.247162,0.955841,0.936622,0.916168,0.894651,0.04,-6.77094,-6.97944,82,368.573
1775443177975,2355,1,0.007558,0.246204,0.981116,0.960931,0.939412,0.916747,0.04,-6.97944,-7.03009,82,369.95
1775443178086,2356,1,0.00728647,0.256639,0.925364,0.906646,0.886838,0.866094,0.04,-7.03009,-7.30152,81,372.172
1775443178207,2357,1,0.00713442,0.261252,0.909271,0.890865,0.871438,0.851137,0.04,-7.30152,-7.41816,80,372.98
1775443178328,2358,1,0.00721934,0.266527,0.886841,0.868968,0.850163,0.83056,0.04,-7.41816,-7.56993,80,374.363
1775443178445,2359,1,0.00751622,0.269105,0.866653,0.849418,0.83132,0.81248,0.04,-7.56993,-7.66304,79,375.453
1775443178562,2360,1,0.00655276,0.276479,0.838215,0.821632,0.804285,0.786285,0.04,-7.66304,-7.80007,79,377.097
1775443178669,2361,1,0.00727682,0.276338,0.843031,0.826263,0.80872,0.790512,0.04,-7.80007,-7.84557,78,377.965
1775443178805,2362,1,0.00695714,0.278997,0.818196,0.802249,0.785597,0.76834,0.04,-7.84557,-7.89897,78,378.32
1775443178925,2363,1,0.00597919,0.287291,0.758722,0.744588,0.729904,0.714748,0.04,-7.89897,-8.06431,77,378.949
1775443179037,2364,1,0.0057879,0.292816,0.725526,0.712339,0.698681,0.684616,0.04,-8.06431,-8.20532,77,379.848
1775443179260,2365,1,0.00627593,0.290729,0.73742,0.723901,0.709882,0.695434,0.04,-8.20532,-8.18087,77,380.17
1775443179401,2366,1,0.00722154,0.284988,0.787676,0.772564,0.756835,0.740577,0.04,-8.18087,-8.08366,77,380.571
1775443179513,2367,1,0.00766462,0.281086,0.819117,0.803004,0.786189,0.768775,0.04,-8.08366,-8.00422,78,380.422
1775443179627,2368,1,0.00815729,0.277522,0.853743,0.836462,0.81838,0.799616,0.04,-8.00422,-7.93687,78,380.363
1775443179762,2369,1,0.00960882,0.26993,0.902754,0.883973,0.864223,0.843651,0.04,-7.93687,-7.82474,78,380.337
1775443179886,2370,1,0.0112739,0.258188,1.01436,0.991661,0.967552,0.942258,0.04,-7.82474,-7.60632,79,379.786
1775443180004,2371,1,0.0109033,0.257538,1.02181,0.998827,0.974406,0.948773,0.04,-7.60632,-7.56206,80,379.453
1775443180119,2372,1,0.0108585,0.255255,1.02202,0.999241,0.975012,0.949556,0.04,-7.56206,-7.49718,80,379.046
1775443180235,2373,1,0.0100794,0.256196,1.0189,0.996183,0.972024,0.946654,0.04,-7.49718,-7.46928,80,378.722
1775443180360,2374,1,0.00969039,0.25673,1.02004,0.997221,0.972959,0.947486,0.04,-7.46928,-7.45671,80,378.72
1775443180486,2375,1,0.00984081,0.25564,1.00655,0.984433,0.960928,0.936247,0.04,-7.45671,-7.43947,80,377.913
1775443180601,2376,1,0.0101939,0.253338,1.0227,1.00008,0.975981,0.950648,0.04,-7.43947,-7.3993,80,377.481
1775443180717,2377,1,0.0103121,0.250679,1.03494,1.01202,0.987557,0.961804,0.04,-7.3993,-7.33379,81,376.648
1775443180829,2378,1,0.00965602,0.251627,1.02315,1.00066,0.9767,0.951484,0.04,-7.33379,-7.31579,81,375.949
1775443180939,2379,1,0.00879138,0.253277,1.00475,0.982927,0.959711,0.935312,0.04,-7.31579,-7.30333,81,375.359
1775443181069,2380,1,0.00896307,0.249846,1.03414,1.01132,0.98698,0.961339,0.04,-7.30333,-7.21825,81,374.616
1775443181234,2381,1,0.00837353,0.251845,1.01256,0.990523,0.967053,0.942368,0.04,-7.21825,-7.23463,81,374.472
1775443181361,2382,1,0.00663205,0.257121,0.958054,0.937928,0.916601,0.89425,0.04,-7.23463,-7.26485,81,374.533
1775443181479,2383,1,0.00636557,0.258291,0.930381,0.911328,0.891174,0.870077,0.04,-7.26485,-7.282,81,374.815
1775443181595,2384,1,0.00579994,0.260948,0.903755,0.885597,0.866435,0.846411,0.04,-7.282,-7.31862,81,375.269
1775443181752,2385,1,0.00524583,0.262582,0.893378,0.875523,0.856702,0.837052,0.04,-7.31862,-7.32607,81,375.527
1775443181909,2386,1,0.00447315,0.265956,0.846838,0.830599,0.813541,0.795776,0.04,-7.32607,-7.3706,81,375.375
1775443182043,2387,1,0.0042946,0.264698,0.827784,0.812355,0.796155,0.779286,0.04,-7.3706,-7.32698,81,374.734
1775443182166,2388,1,0.00525275,0.259662,0.850862,0.834879,0.818047,0.800478,0.04,-7.32698,-7.25358,81,374.132
1775443182282,2389,1,0.00729299,0.249137,0.943628,0.924749,0.904687,0.883607,0.04,-7.25358,-7.09649,82,373.644
1775443182402,2390,1,0.00852992,0.241692,0.989271,0.969133,0.947609,0.924892,0.04,-7.09649,-6.97396,82,373.212
1775443182518,2391,1,0.00893344,0.238199,1.01533,0.994413,0.971987,0.948265,0.04,-6.97396,-6.9036,82,373.13
1775443182631,2392,1,0.00854404,0.237993,1.01824,0.99722,0.974678,0.950827,0.04,-6.9036,-6.87074,83,373.106
1775443182755,2393,1,0.00862558,0.236708,1.01385,0.993129,0.9709,0.94737,0.04,-6.87074,-6.8422,83,373.127
1775443182873,2394,1,0.00968787,0.231321,1.0536,1.03171,1.00811,0.983041,0.04,-6.8422,-6.76415,83,373.5
1775443182981,2395,1,0.00926639,0.233023,1.03149,1.01037,0.987648,0.963545,0.04,-6.76415,-6.78421,83,373.494
1775443183140,2396,1,0.00978134,0.229358,1.05042,1.02886,1.00559,0.980843,0.04,-6.78421,-6.71793,83,373.916
1775443183268,2397,1,0.0094121,0.230711,1.01501,0.99478,0.97301,0.949905,0.04,-6.71793,-6.73402,83,374.892
1775443183387,2398,1,0.00908808,0.231831,1.00146,0.981678,0.96042,0.93788,0.04,-6.73402,-6.74386,83,375.472
1775443183502,2399,1,0.00910228,0.233129,1.00646,0.986367,0.964777,0.941894,0.04,-6.74386,-6.77927,83,376.668
1775443183615,2400,1,0.00948679,0.230128,1.04997,1.02835,1.00503,0.980239,0.04,-6.77927,-6.71851,83,377.884
1775443183744,2401,1,0.00850455,0.234771,0.980877,0.961671,0.941083,0.919296,0.04,-6.71851,-6.78604,83,378.553
1775443183858,2402,1,0.00738518,0.239815,0.884591,0.868681,0.85176,0.83395,0.04,-6.78604,-6.85893,83,379.962
1775443183958,2403,1,0.00845772,0.233091,1.03412,1.01288,0.990032,0.965792,0.04,-6.85893,-6.7299,83,381.251
1775443184053,2404,1,0.0086878,0.231384,1.051,1.02922,1.00574,0.98079,0.04,-6.7299,-6.69719,83,381.719
1775443184156,2405,1,0.00745654,0.239461,0.84428,0.829831,0.814498,0.79838,0.04,-6.69719,-6.86003,83,381.875
1775443184272,2406,1,0.00688849,0.243609,0.667418,0.658286,0.64871,0.638733,0.04,-6.86003,-6.95874,82,382.026
1775443184386,2407,1,0.00726575,0.242522,0.594368,0.587179,0.579674,0.571877,0.04,-6.95874,-6.9662,82,382.462
1775443184505,2408,1,0.0078477,0.238655,0.627678,0.619785,0.611518,0.602906,0.04,-6.9662,-6.89688,83,382.618
1775443184641,2409,1,0.0110236,0.218491,0.697592,0.688676,0.679223,0.669275,0.04,-6.89688,-6.56039,84,383.552
1775443184742,2410,1,0.0151826,0.187829,2.00912,1.94134,1.86163,1.7728,0.04,-6.56039,-5.83852,86,383.465
1775443184862,2411,1,0.0131676,0.201781,0.910813,0.896656,0.881286,0.864821,0.04,-5.83852,-6.22516,85,383.009
1775443184959,2412,1,0.0104129,0.219826,1.01625,1.03377,1.04932,1.06273,0.04,-6.22516,-6.49459,84,381.254
1775443185068,2413,1,0.0143786,0.25939,0.840652,0.825072,0.808672,0.791558,0.04,-6.49459,-7.87761,78,350
1775443185189,2414,1,0.0149404,0.260992,0.854283,0.838081,0.821025,0.803229,0.04,-7.87761,-7.95775,78,350
1775443185293,2415,1,0.0166473,0.257272,0.890607,0.873243,0.854905,0.835724,0.04,-7.95775,-7.96977,78,350
1775443185416,2416,1,0.0185295,0.252505,0.934517,0.915744,0.895834,0.874945,0.04,-7.96977,-7.96452,78,350
1775443185527,2417,1,0.0210196,0.244993,0.993797,0.973184,0.951181,0.927986,0.04,-7.96452,-7.92476,78,350
1775443185622,2418,1,0.0244833,0.23184,1.10774,1.08344,1.05717,1.02921,0.04,-7.92476,-7.79197,79,350
1775443185733,2419,1,0.0263214,0.225988,1.14954,1.124,1.09623,1.06656,0.04,-7.79197,-7.75462,79,350
1775443185840,2420,1,0.0273258,0.22087,1.21441,1.18648,1.1559,1.12309,0.04,-7.75462,-7.67643,79,350
1775443185941,2421,1,0.0288869,0.213653,1.28967,1.2591,1.22533,1.18886,0.04,-7.67643,-7.57846,80,350
1775443186054,2422,1,0.0302598,0.20644,1.40158,1.3665,1.32729,1.28463,0.04,-7.57846,-7.46269,80,350
1775443186196,2423,1,0.0310048,0.202336,1.46804,1.43018,1.38756,1.341,0.04,-7.46269,-7.394,80,350
1775443186322,2424,1,0.0327424,0.193074,1.62536,1.58066,1.52946,1.47296,0.04,-7.394,-7.2421,81,350
1775443186452,2425,1,0.0337927,0.188136,1.74231,1.69191,1.63349,1.56865,0.04,-7.2421,-7.16544,81,350
1775443186601,2426,1,0.0352209,0.181357,1.84986,1.79465,1.7298,1.65728,0.04,-7.16544,-7.06632,82,350
1775443186718,2427,1,0.0379086,0.168948,2.09407,2.02687,1.94561,1.85344,0.04,-7.06632,-6.88427,83,350
1775443186836,2428,1,0.0380308,0.168173,2.21346,2.13821,2.04653,1.94234,0.04,-6.88427,-6.85683,83,350
1775443186963,2429,1,0.0383479,0.167936,2.33656,2.25226,2.14888,2.0313,0.04,-6.85683,-6.8573,83,350
1775443187081,2430,1,0.0370469,0.176045,2.36933,2.27884,2.16895,2.04496,0.04,-6.8573,-6.98383,82,350
1775443187200,2431,1,0.0376624,0.177112,2.47565,2.37581,2.25419,2.11709,0.04,-6.98383,-7.04273,82,350
1775443187336,2432,1,0.0365917,0.186571,2.50406,2.397,2.26808,2.12409,0.04,-7.04273,-7.22257,81,350
1775443187455,2433,1,0.0350048,0.200069,2.51533,2.4003,2.2641,2.11386,0.04,-7.22257,-7.47858,80,350
1775443187577,2434,1,0.0329558,0.214971,2.48587,2.36608,2.22683,2.07517,0.04,-7.47858,-7.74555,79,350
1775443187684,2435,1,0.0312145,0.231997,2.45559,2.33026,2.18734,2.03376,0.04,-7.74555,-8.09148,77,350
1775443187799,2436,1,0.024532,0.274214,2.17985,2.06464,1.93893,1.80743,0.04,-8.09148,-8.80836,73,350
1775443187932,2437,1,0.0206463,0.301588,2.00459,1.89764,1.78358,1.66597,0.04,-8.80836,-9.30325,72,350
1775443188052,2438,1,0.0169637,0.332167,1.81162,1.71515,1.61441,1.51193,0.04,-9.30325,-9.90112,72,350
1775443188153,2439,1,0.00947163,0.3829,1.39991,1.33259,1.26414,1.19555,0.04,-9.90112,-10.8086,72,350
1775443188270,2440,1,0.004184,0.416579,1.128,1.07969,1.03114,0.982805,0.04,-10.8086,-11.3896,72,350
1775443188410,2441,1,-0.0039335,0.473615,0.636343,0.61818,0.600108,0.58218,0.04,-11.3896,-12.4375,72,350
1775443188528,2442,1,-0.00877421,0.51112,0.303385,0.298779,0.294195,0.289637,0.04,-12.4375,-13.1647,72,350
1775443188709,2443,1,-0.0100173,0.52656,0.158701,0.157382,0.156067,0.154756,0.04,-13.1647,-13.5181,72,350
1775443188868,2444,1,-0.00886961,0.543645,0.119287,0.120072,0.120859,0.121648,0.04,-13.5181,-14.0646,72,350
1775443188972,2445,1,-0.00258798,0.530639,0.139615,0.14065,0.141689,0.14273,0.04,-14.0646,-14.1434,72,350
1775443189090,2446,1,-0.00052876,0.525629,0.144854,0.145953,0.147054,0.148158,0.04,-14.1434,-14.1492,72,350
1775443189315,2447,1,0.00767983,0.501065,0.0627041,0.0628957,0.0630874,0.0632792,0.04,-14.1492,-14.0652,72,350
1775443189424,2448,1,0.0136804,0.482432,0.0570519,0.057202,0.0573522,0.0575024,0.04,-14.0652,-13.9766,72,350
1775443189543,2449,1,0.0180483,0.473825,0.0978425,0.0982728,0.0987033,0.0991338,0.04,-13.9766,-14.0389,72,350
1775443189693,2450,1,0.0217401,0.459726,0.0818546,0.0821433,0.082432,0.0827206,0.04,-14.0389,-13.9152,72,350
1775443189824,2451,1,0.0256748,0.445406,0.0698809,0.0700824,0.0702838,0.070485,0.04,-13.9152,-13.8016,72,350
1775443189952,2452,1,0.0283536,0.433876,0.0716372,0.0718416,0.0720458,0.0722498,0.04,-13.8016,-13.6746,72,350
1775443190048,2453,1,0.0309745,0.421176,0.0708684,0.0710606,0.0712527,0.0714445,0.04,-13.6746,-13.5123,72,350
1775443190178,2454,1,0.0321635,0.416607,0.0797625,0.0800025,0.0802422,0.0804816,0.04,-13.5123,-13.4694,72,350
1775443190314,2455,1,0.0351617,0.404453,0.0947496,0.0950754,0.0954006,0.0957252,0.04,-13.4694,-13.3454,72,350
1775443190483,2456,1,0.0379803,0.389906,0.0786367,0.0788508,0.0790645,0.0792778,0.04,-13.3454,-13.1494,72,350
1775443190625,2457,1,0.0403573,0.377488,0.079851,0.080063,0.0802744,0.0804854,0.04,-13.1494,-12.9776,72,350
1775443190762,2458,1,0.0421559,0.36569,0.0982121,0.0985201,0.0988272,0.0991333,0.04,-12.9776,-12.7798,72,350
1775443190941,2459,1,0.0438428,0.354175,0.0992402,0.0995425,0.0998438,0.100144,0.04,-12.7798,-12.5848,72,350
1775443191054,2460,1,0.0464867,0.335769,0.0726162,0.072768,0.0729194,0.0730703,0.04,-12.5848,-12.2741,72,350
1775443191191,2461,1,0.0485563,0.31637,0.0744445,0.0745931,0.0747412,0.0748888,0.04,-12.2741,-11.8923,72,350
1775443191328,2462,1,0.0497954,0.305252,0.0759834,0.0761319,0.0762798,0.0764271,0.04,-11.8923,-11.677,72,350
1775443191452,2463,1,0.0507275,0.2947,0.0747587,0.0748967,0.0750341,0.0751709,0.04,-11.677,-11.4562,72,350
1775443191556,2464,1,0.0512301,0.283721,0.0986257,0.0988555,0.0990838,0.0993107,0.04,-11.4562,-11.1903,72,350
1775443191706,2465,1,0.0512086,0.279219,0.102156,0.102398,0.102638,0.102877,0.04,-11.1903,-11.0666,72,350
1775443191842,2466,1,0.302376,-0.807463,0.911056,1.01446,1.12935,1.25613,0.04,-11.0666,1.14732,98,381.254
1775443192029,2467,1,0.0532629,0.246123,0.0647564,0.0648409,0.0649249,0.0650085,0.04,1.14732,-10.3197,72,350
1775443192150,2468,1,0.0550441,0.218647,0.0198209,0.0198278,0.0198348,0.0198417,0.04,-10.3197,-9.70716,72,350
1775443192299,2469,1,0.055072,0.209554,0.00945845,0.00945996,0.00946148,0.00946299,0.04,-9.70716,-9.46485,72,350
1775443192429,2470,1,0.0561611,0.18951,0.0237825,0.0237738,0.0237652,0.0237565,0.04,-9.46485,-8.99597,72,350
1775443192536,2471,1,0.0547878,0.184629,0.0030688,0.00306866,0.00306852,0.00306838,0.04,-8.99597,-8.77246,73,350
1775443192659,2472,1,0.0560466,0.165352,0.0554582,0.0554175,0.0553764,0.055335,0.04,-8.77246,-8.32999,76,350
1775443192763,2473,1,0.0580756,0.139621,0.135374,0.135169,0.134959,0.134744,0.04,-8.32999,-7.76189,79,350
1775443192870,2474,1,0.0601661,0.118087,0.210559,0.210136,0.209696,0.209239,0.04,-7.76189,-7.3122,81,350
1775443192987,2475,1,0.0606559,0.103159,0.254481,0.253939,0.253365,0.25276,0.04,-7.3122,-6.93553,82,350
1775443193109,2476,1,0.0618757,0.0792653,0.336347,0.335606,0.334791,0.333901,0.04,-6.93553,-6.36099,85,350
1775443193220,2477,1,0.0628579,0.0577108,0.41332,0.412478,0.411496,0.410375,0.04,-6.36099,-5.83397,86,350
1775443193341,2478,1,0.0644786,0.0363897,0.495289,0.494469,0.493406,0.492103,0.04,-5.83397,-5.35651,88,350
1775443193455,2479,1,0.065201,0.0237595,0.548354,0.54763,0.546574,0.54519,0.04,-5.35651,-5.0565,89,350
1775443193579,2480,1,0.0660364,0.0100382,0.606114,0.6056,0.604638,0.60323,0.04,-5.0565,-4.73408,89,350
1775443193700,2481,1,0.0675869,-0.00732102,0.687061,0.687002,0.686285,0.684915,0.04,-4.73408,-4.35896,90,350
1775443193815,2482,1,0.0677651,-0.0165966,0.74496,0.745259,0.74472,0.743344,0.04,-4.35896,-4.11128,91,350
1775443193945,2483,1,0.0681148,-0.0255618,0.799417,0.800174,0.799892,0.798574,0.04,-4.11128,-3.88438,91,350
1775443194055,2484,1,0.0687651,-0.0345682,0.85592,0.857262,0.857327,0.856116,0.04,-3.88438,-3.67676,92,350
1775443194201,2485,1,0.0690743,-0.0395217,0.897634,0.899389,0.89967,0.898475,0.04,-3.67676,-3.55752,92,350
1775443194406,2486,1,0.0681797,-0.0400878,0.931182,0.933078,0.93333,0.931935,0.04,-3.55752,-3.47518,92,350
1775443194516,2487,1,0.0668165,-0.0385357,0.951452,0.953303,0.9534,0.951741,0.04,-3.47518,-3.4199,92,350
1775443194629,2488,1,0.0644069,-0.0335196,0.970325,0.971863,0.97154,0.969362,0.04,-3.4199,-3.38636,92,350
1775443194735,2489,1,0.0622157,-0.0258191,0.962791,0.963753,0.962902,0.960244,0.04,-3.38636,-3.44463,92,350
1775443194855,2490,1,0.0599946,-0.0184426,0.952196,0.952625,0.951302,0.94824,0.04,-3.44463,-3.49257,92,350
1775443194962,2491,1,0.0561967,-0.00574991,0.933709,0.933275,0.931195,0.927487,0.04,-3.49257,-3.57671,92,350
1775443195068,2492,1,0.0544176,0.000269681,0.934576,0.933731,0.931239,0.927122,0.04,-3.57671,-3.61666,92,350
1775443195179,2493,1,0.0503404,0.0164763,0.89568,0.893923,0.890724,0.886111,0.04,-3.61666,-3.77969,92,350
1775443195296,2494,1,0.0480809,0.0261728,0.867651,0.865455,0.861954,0.857175,0.04,-3.77969,-3.89039,91,350
1775443195410,2495,1,0.0438013,0.0430454,0.820826,0.818005,0.814089,0.809104,0.04,-3.89039,-4.05862,91,350
1775443195513,2496,1,0.0414318,0.053366,0.795548,0.792404,0.788268,0.783167,0.04,-4.05862,-4.17813,91,350
1775443195619,2497,1,-0.0685548,0.41571,1.29106,1.35306,1.41291,1.46954,0.04,-4.17813,-6.27889,85,287.486
1775443195735,2498,1,0.297588,-0.881564,1.45281,1.80723,2.25215,2.79785,0.04,-6.27889,3.70766,102,287.486
1775443195853,2499,1,0.28901,-0.82248,1.48813,1.78897,2.14803,2.5663,0.04,3.70766,2.66683,100,287.486
1775443195947,2500,1,0.242929,-0.681607,1.7208,1.97572,2.2551,2.55138,0.04,2.66683,2.03505,100,287.486
1775443196064,2501,1,0.22959,-0.650538,1.80857,2.06442,2.34011,2.62641,0.04,2.03505,2.12645,100,287.486
1775443196184,2502,1,0.209958,-0.59925,1.91399,2.15842,2.41397,2.67008,0.04,2.12645,2.10193,100,287.486
1775443196284,2503,1,0.202877,-0.581149,1.98905,2.23869,2.49677,2.75143,0.04,2.10193,2.11278,100,287.486
1775443196408,2504,1,0.191081,-0.546445,2.09469,2.34304,2.5939,2.83406,0.04,2.11278,2.00103,99,287.486
1775443196526,2505,1,0.173945,-0.494234,2.1946,2.42516,2.64951,2.85449,0.04,2.00103,1.77694,99,287.486
1775443196725,2506,1,0.153718,-0.427931,2.31886,2.5248,2.71444,2.87543,0.04,1.77694,1.38616,99,491.26
1775443196841,2507,1,0.110271,-0.268558,2.33697,2.44779,2.53301,2.58739,0.04,1.38616,0.0427487,97,438.796
1775443196958,2508,1,0.0994254,-0.226498,2.29951,2.386,2.44739,2.48011,0.04,0.0427487,-0.359442,97,426.384
1775443197105,2509,1,0.0832622,-0.15914,2.21409,2.26565,2.29444,2.29896,0.04,-0.359442,-1.089,96,408.013
1775443197248,2510,1,0.0634424,-0.0700282,2.02113,2.03516,2.03217,2.01228,0.04,-1.089,-2.17046,94,385.073
1775443197362,2511,1,0.0446999,0.0199582,1.7153,1.70564,1.68607,1.65715,0.04,-2.17046,-3.36237,92,365.117
1775443197517,2512,1,0.026381,0.107677,1.30803,1.29138,1.27064,1.24615,0.04,-3.36237,-4.53302,90,350.8
1775443197638,2513,1,0.0250902,0.1314,1.27499,1.25614,1.23363,1.20779,0.04,-4.53302,-5.09092,89,347.754
1775443197756,2514,1,0.0263658,0.139353,1.29612,1.27554,1.25116,1.22336,0.04,-5.09092,-5.3914,88,346.63
1775443197892,2515,1,0.0260963,0.149455,1.28793,1.26627,1.24094,1.21233,0.04,-5.3914,-5.64752,87,345.74
1775443198013,2516,1,0.0247976,0.166599,1.25334,1.23068,1.20473,1.17588,0.04,-5.64752,-6.02692,86,343.42
1775443198130,2517,1,0.0253446,0.173394,1.24167,1.21859,1.19235,1.16332,0.04,-6.02692,-6.25036,85,341.648
1775443198301,2518,1,0.0237232,0.189093,1.19218,1.16911,1.14333,1.11516,0.04,-6.25036,-6.5704,84,339.772
1775443198412,2519,1,0.0244501,0.194401,1.18855,1.165,1.13879,1.11025,0.04,-6.5704,-6.7648,83,338.555
1775443198528,2520,1,0.023193,0.209699,1.11193,1.08979,1.06554,1.03945,0.04,-6.7648,-7.10287,82,336.865
1775443198684,2521,1,0.0229948,0.215261,1.10853,1.08595,1.0613,1.03486,0.04,-7.10287,-7.24026,81,336.726
1775443198801,2522,1,0.0211249,0.232418,0.972688,0.954002,0.933958,0.912731,0.04,-7.24026,-7.5946,80,335.123
1775443198935,2523,1,0.0198735,0.242735,0.923281,0.905704,0.886993,0.867296,0.04,-7.5946,-7.79447,79,334.785
1775443199132,2524,1,0.0190196,0.251756,0.843267,0.828077,0.812037,0.795254,0.04,-7.79447,-7.99099,78,334.685
1775443199271,2525,1,0.0182418,0.259863,0.761685,0.748903,0.735504,0.721561,0.04,-7.99099,-8.16835,77,334.211
1775443199417,2526,1,0.0172785,0.266147,0.712967,0.701496,0.689526,0.677113,0.04,-8.16835,-8.2789,76,334.461
1775443199544,2527,1,0.0165442,0.270491,0.63671,0.627422,0.61778,0.60782,0.04,-8.2789,-8.35683,76,334.673
1775443199655,2528,1,0.017193,0.266689,0.636887,0.627735,0.618224,0.608389,0.04,-8.35683,-8.29879,76,335.443
1775443199771,2529,1,0.0162128,0.267418,0.608399,0.600031,0.591348,0.582382,0.04,-8.29879,-8.25503,76,336.257
1775443199915,2530,1,0.0167588,0.263504,0.595677,0.587785,0.579594,0.571131,0.04,-8.25503,-8.18876,77,336.659
1775443200034,2531,1,0.0156521,0.264189,0.571428,0.564151,0.55661,0.548827,0.04,-8.18876,-8.13446,77,337.826
1775443200166,2532,1,0.0158608,0.258616,0.588668,0.581117,0.573272,0.565159,0.04,-8.13446,-7.99561,78,338.784
1775443200299,2533,1,0.0155878,0.254308,0.598355,0.59069,0.582713,0.574452,0.04,-7.99561,-7.85884,78,340.068
1775443200415,2534,1,0.014336,0.253886,0.587659,0.580281,0.572607,0.564662,0.04,-7.85884,-7.76259,79,341.71
1775443200540,2535,1,0.0135703,0.25065,0.604883,0.597169,0.589129,0.580791,0.04,-7.76259,-7.61967,79,343.203
1775443200686,2536,1,0.0139723,0.242207,0.653687,0.644984,0.635863,0.62636,0.04,-7.61967,-7.41189,80,344.648
1775443200833,2537,1,0.0135294,0.239429,0.668215,0.659226,0.649788,0.63994,0.04,-7.41189,-7.30402,81,346.116
1775443200990,2538,1,0.0138144,0.228453,0.737081,0.726639,0.715581,0.703965,0.04,-7.30402,-7.01675,82,348.443
1775443201108,2539,1,0.0142995,0.21721,0.813259,0.801153,0.788203,0.774492,0.04,-7.01675,-6.73499,83,349.954
1775443201256,2540,1,0.014637,0.207071,0.891237,0.877338,0.862312,0.846273,0.04,-6.73499,-6.47268,84,351.094
1775443201387,2541,1,0.0152034,0.19884,0.939817,0.924943,0.908731,0.891316,0.04,-6.47268,-6.28206,85,352.03
1775443201548,2542,1,0.0149895,0.193678,0.974514,0.958908,0.941799,0.923339,0.04,-6.28206,-6.12259,85,352.456
1775443201720,2543,1,0.0156738,0.185047,1.05173,1.03428,1.01492,0.993851,0.04,-6.12259,-5.92521,86,354.356
1775443201835,2544,1,0.0183263,0.173861,1.15385,1.13397,1.11153,1.08682,0.04,-5.92521,-5.79098,86,355.684
1775443201952,2545,1,0.0183371,0.174207,1.16822,1.14778,1.1247,1.09927,0.04,-5.79098,-5.79905,86,356.529
1775443202068,2546,1,0.017894,0.177085,1.17203,1.15113,1.12758,1.10167,0.04,-5.79905,-5.84581,86,357.103
1775443202181,2547,1,0.0180016,0.177089,1.20119,1.1792,1.15436,1.127,0.04,-5.84581,-5.84925,86,357.387
1775443202298,2548,1,0.0181587,0.180231,1.20277,1.18035,1.15508,1.12731,0.04,-5.84925,-5.94492,86,358.411
1775443202468,2549,1,0.0185435,0.179542,1.22478,1.20158,1.17538,1.14655,0.04,-5.94492,-5.94976,86,358.724
1775443202596,2550,1,0.0179221,0.187715,1.22721,1.2029,1.17562,1.14576,0.04,-5.94976,-6.1278,85,359.398
1775443202700,2551,1,0.0173264,0.191624,1.2302,1.20527,1.17738,1.14692,0.04,-6.1278,-6.19213,85,360.171
1775443202857,2552,1,0.0162737,0.199209,1.20008,1.17547,1.14816,1.1185,0.04,-6.19213,-6.32899,85,360.303
1775443203005,2553,1,0.0162718,0.204024,1.20666,1.18119,1.15299,1.12246,0.04,-6.32899,-6.45831,84,361.155
1775443203134,2554,1,0.0156423,0.211935,1.17972,1.15446,1.12671,1.09682,0.04,-6.45831,-6.63278,84,361.849
1775443203254,2555,1,0.0148099,0.220131,1.16977,1.14399,1.11583,1.08564,0.04,-6.63278,-6.7986,83,363.475
1775443203460,2556,1,0.0153696,0.221332,1.16831,1.14245,1.11423,1.084,0.04,-6.7986,-6.86995,83,364.755
1775443203582,2557,1,0.0153123,0.226964,1.19016,1.16262,1.13262,1.10055,0.04,-6.86995,-7.01547,82,367.569
1775443203703,2558,1,0.0146279,0.235256,1.13661,1.11061,1.08251,1.05264,0.04,-7.01547,-7.20009,81,368.94
1775443203823,2559,1,0.0152958,0.236292,1.17217,1.14436,1.11426,1.08226,0.04,-7.20009,-7.26936,81,370.723
1775443203939,2560,1,0.0140431,0.248829,1.08406,1.05906,1.0323,1.00406,0.04,-7.26936,-7.53437,80,372.359
1775443204071,2561,1,0.0155166,0.246202,1.1308,1.10385,1.0749,1.04428,0.04,-7.53437,-7.55858,80,372.395
1775443204200,2562,1,0.013348,0.259595,1.0333,1.0096,0.984414,0.957997,0.04,-7.55858,-7.78485,79,374.616
1775443204352,2563,1,0.0130053,0.26283,1.01268,0.989633,0.965202,0.939618,0.04,-7.78485,-7.85164,78,375.192
1775443204514,2564,1,0.0135351,0.261086,1.06163,1.03644,1.00965,0.981557,0.04,-7.85164,-7.83426,78,376.264
1775443204643,2565,1,0.0138585,0.260763,1.09656,1.06969,1.04107,1.01102,0.04,-7.83426,-7.84302,78,377.301
1775443204770,2566,1,0.0141365,0.260055,1.11411,1.08643,1.05693,1.02592,0.04,-7.84302,-7.84062,78,378.325
1775443204974,2567,1,0.0147593,0.255727,1.1604,1.13085,1.09922,1.06589,0.04,-7.84062,-7.76014,79,378.909
1775443205121,2568,1,0.0146837,0.2556,1.17273,1.14255,1.11023,1.07616,0.04,-7.76014,-7.74981,79,380.342
1775443205290,2569,1,0.0141077,0.256624,1.21118,1.17881,1.14411,1.10753,0.04,-7.74981,-7.73254,79,381.717
1775443205390,2570,1,0.013814,0.256867,1.2197,1.18684,1.15159,1.11443,0.04,-7.73254,-7.71768,79,382.728
1775443205510,2571,1,0.0137302,0.256426,1.2369,1.20314,1.16691,1.12869,0.04,-7.71768,-7.69766,79,383.014
1775443205622,2572,1,0.0143689,0.251312,1.30651,1.26954,1.22963,1.18736,0.04,-7.69766,-7.59395,80,384.94
1775443205780,2573,1,0.0132427,0.254662,1.31588,1.27786,1.23686,1.19352,0.04,-7.59395,-7.60565,79,385.819
1775443205908,2574,1,0.0128818,0.25517,1.32369,1.28513,1.24355,1.1996,0.04,-7.60565,-7.59345,80,386.052
1775443206035,2575,1,0.012682,0.2526,1.37701,1.33564,1.29087,1.24344,0.04,-7.59345,-7.50301,80,386.833
1775443206165,2576,1,0.0116778,0.257265,1.3032,1.26553,1.22499,1.1822,0.04,-7.50301,-7.5698,80,386.85
1775443206284,2577,1,0.011904,0.254993,1.33672,1.2974,1.25499,1.21014,0.04,-7.5698,-7.51944,80,387.171
1775443206405,2578,1,0.01024,0.261602,1.28458,1.24736,1.20744,1.16539,0.04,-7.51944,-7.5905,80,387.033
1775443206527,2579,1,0.00990979,0.263212,1.28556,1.24804,1.20783,1.16551,0.04,-7.5905,-7.61119,79,387.686
1775443206653,2580,1,0.00921065,0.264127,1.25081,1.2152,1.17711,1.13705,0.04,-7.61119,-7.59235,80,387.796
1775443206756,2581,1,0.00779545,0.269425,1.21394,1.17973,1.14329,1.10508,0.04,-7.59235,-7.64305,79,387.934
1775443206935,2582,1,0.0074806,0.271163,1.20025,1.16659,1.13079,1.09329,0.04,-7.64305,-7.67023,79,387.882
1775443207082,2583,1,0.00675434,0.275661,1.1461,1.11493,1.0819,1.0474,0.04,-7.67023,-7.74917,79,387.752
1775443207238,2584,1,0.00633283,0.277012,1.16761,1.13507,1.10058,1.06457,0.04,-7.74917,-7.75377,79,388.777
1775443207355,2585,1,0.0063834,0.276919,1.1508,1.11922,1.08576,1.05083,0.04,-7.75377,-7.757,79,388.768
1775443207478,2586,1,0.00573877,0.280007,1.14148,1.11004,1.0768,1.04215,0.04,-7.757,-7.79735,79,389.775
1775443207616,2587,1,0.00547002,0.281575,1.16052,1.12782,1.09324,1.0572,0.04,-7.79735,-7.8187,78,390.914
1775443207819,2588,1,0.00513771,0.282881,1.15303,1.12059,1.08633,1.05064,0.04,-7.8187,-7.83213,78,391.926
1775443207944,2589,1,0.00412126,0.287447,1.12412,1.09278,1.05977,1.02546,0.04,-7.83213,-7.88948,78,393.421
1775443208058,2590,1,0.00217076,0.297438,1.0502,1.02187,0.992222,0.961551,0.04,-7.88948,-8.03528,77,394.502
1775443208186,2591,1,0.00138071,0.302418,1.0118,0.985041,0.957131,0.92832,0.04,-8.03528,-8.1208,77,395.28
1775443208328,2592,1,0.000661079,0.306959,0.970832,0.945812,0.919792,0.892984,0.04,-8.1208,-8.19965,77,396.466
1775443208460,2593,1,-9.71928e-06,0.311338,0.95895,0.93416,0.908426,0.881955,0.04,-8.19965,-8.27348,76,397.648
1775443208579,2594,1,7.57873e-05,0.310828,0.983063,0.957045,0.930012,0.902192,0.04,-8.27348,-8.2623,76,398.532
1775443208707,2595,1,-0.000904534,0.315677,0.992168,0.9652,0.937222,0.908471,0.04,-8.2623,-8.3246,76,399.579
1775443208823,2596,1,-0.00113567,0.317076,0.978842,0.952471,0.925136,0.897061,0.04,-8.3246,-8.34834,76,400.023
1775443208949,2597,1,-0.000949919,0.316122,1.01947,0.990933,0.961315,0.930875,0.04,-8.34834,-8.32981,76,399.974
1775443209070,2598,1,0.000472937,0.307903,1.12473,1.09092,1.05562,1.01921,0.04,-8.32981,-8.19138,77,400.089
1775443209208,2599,1,0.00213415,0.299831,1.23201,1.19251,1.151,1.10802,0.04,-8.19138,-8.07326,77,399.558
1775443209347,2600,1,0.00326885,0.292951,1.35626,1.30944,1.2599,1.20843,0.04,-8.07326,-7.94899,78,399.788
1775443209450,2601,1,0.00506651,0.280587,1.53546,1.47787,1.41622,1.35175,0.04,-7.94899,-7.71514,79,400.477
1775443209555,2602,1,0.00541115,0.275313,1.65712,1.59114,1.52005,1.44549,0.04,-7.71514,-7.5807,80,400.483
1775443209674,2603,1,0.00255136,0.293153,1.3731,1.32505,1.2742,1.22137,0.04,-7.5807,-7.90266,78,399.125
1775443209796,2604,1,-0.000735067,0.312733,1.04477,1.01514,0.984329,0.95262,0.04,-7.90266,-8.24942,76,397.583
1775443209917,2605,1,-0.0017825,0.31856,0.982722,0.956001,0.928313,0.899889,0.04,-8.24942,-8.3433,76,397.088
1775443210043,2606,1,-0.00312269,0.32417,0.92548,0.901339,0.876408,0.850872,0.04,-8.3433,-8.41045,75,397.031
1775443210147,2607,1,-0.00397036,0.328801,0.876316,0.854342,0.831709,0.808569,0.04,-8.41045,-8.48404,75,396.843
1775443210276,2608,1,-0.00457672,0.331107,0.85813,0.836897,0.815053,0.792737,0.04,-8.48404,-8.5071,75,396.297
1775443210403,2609,1,-0.00517289,0.335229,0.839136,0.81855,0.797407,0.775835,0.04,-8.5071,-8.58012,74,395.934
1775443210576,2610,1,-0.00688921,0.343479,0.764855,0.747289,0.729317,0.711031,0.04,-8.58012,-8.6952,74,396.631
1775443210715,2611,1,-0.00993462,0.358531,0.63082,0.618279,0.60553,0.592616,0.04,-8.6952,-8.91109,73,397.88
1775443210828,2612,1,-0.0134497,0.373367,0.545691,0.53585,0.525889,0.515833,0.04,-8.91109,-9.08192,72,399.549
1775443210960,2613,1,-0.0149151,0.381706,0.452526,0.445581,0.438571,0.431509,0.04,-9.08192,-9.21985,72,400.733
1775443211056,2614,1,-0.0159534,0.387395,0.402077,0.396496,0.390871,0.385212,0.04,-9.21985,-9.30945,72,401.596
1775443211170,2615,1,-0.016599,0.388196,0.371764,0.366982,0.362165,0.35732,0.04,-9.30945,-9.29105,72,401.563
1775443211330,2616,1,-0.0173194,0.390312,0.324976,0.321298,0.317598,0.313879,0.04,-9.29105,-9.3055,72,401.195
1775443211521,2617,1,-0.0175495,0.387536,0.307395,0.304135,0.300854,0.297557,0.04,-9.3055,-9.21724,72,400.966
1775443211656,2618,1,-0.0169411,0.377769,0.341624,0.337721,0.333788,0.329828,0.04,-9.21724,-8.99006,72,400.427
1775443211770,2619,1,-0.0175306,0.375555,0.284614,0.281926,0.27922,0.276497,0.04,-8.99006,-8.89807,73,397.81
1775443211911,2620,1,-0.0194082,0.381591,0.176325,0.175274,0.174219,0.17316,0.04,-8.89807,-8.94814,72,394.551
1775443212041,2621,1,-0.0174627,0.369009,0.198351,0.197075,0.195792,0.194503,0.04,-8.94814,-8.73895,74,393.056
1775443212173,2622,1,-0.0177775,0.366119,0.147487,0.146789,0.146088,0.145384,0.04,-8.73895,-8.6469,74,390.867
1775443212303,2623,1,-0.0189216,0.36572,0.0867595,0.0865185,0.0862768,0.0860345,0.04,-8.6469,-8.5666,75,388.435
1775443212414,2624,1,-0.0189211,0.359719,0.0134747,0.013469,0.0134633,0.0134576,0.04,-8.5666,-8.41598,75,384.551
1775443212537,2625,1,-0.0183828,0.353871,0.00117486,0.00117482,0.00117478,0.00117473,0.04,-8.41598,-8.29697,76,382.783
1775443212672,2626,1,-0.0179418,0.346166,0.0137088,0.0137144,0.01372,0.0137256,0.04,-8.29697,-8.11717,77,380.94
1775443212800,2627,1,-0.0169956,0.33518,0.0178885,0.0178977,0.0179069,0.017916,0.04,-8.11717,-7.88484,78,378.8
1775443212952,2628,1,-0.0165159,0.327563,0.0182101,0.0182193,0.0182286,0.0182379,0.04,-7.88484,-7.71199,79,377.33
1775443213135,2629,1,-0.0172391,0.3176,0.0517518,0.051824,0.051896,0.0519679,0.04,-7.71199,-7.38741,80,374.727
1775443213259,2630,1,-0.017069,0.306725,0.062858,0.0629603,0.0630621,0.0631637,0.04,-7.38741,-7.10341,82,372.934
1775443213457,2631,1,-0.0168817,0.297589,0.0628363,0.062935,0.0630332,0.0631312,0.04,-7.10341,-6.86935,83,371.518
1775443213585,2632,1,-0.0146399,0.280662,0.035618,0.0356477,0.0356773,0.0357068,0.04,-6.86935,-6.57087,84,370.275
1775443213768,2633,1,-0.0131105,0.269573,0.0157377,0.0157433,0.0157488,0.0157543,0.04,-6.57087,-6.37981,84,369.952
1775443213895,2634,1,-0.00987859,0.247954,0.0434347,0.0433962,0.0433575,0.0433188,0.04,-6.37981,-6.01408,86,368.861
1775443214021,2635,1,-0.00745467,0.235634,0.0821988,0.0820682,0.0819367,0.0818044,0.04,-6.01408,-5.84227,86,368.292
1775443214172,2636,1,-0.0052569,0.22339,0.115579,0.115335,0.115088,0.114839,0.04,-5.84227,-5.65775,87,367.581
1775443214405,2637,1,-0.00205779,0.206937,0.175907,0.175384,0.174852,0.174311,0.04,-5.65775,-5.42431,88,366.416
1775443214527,2638,1,0.00388043,0.179088,0.298515,0.297212,0.295862,0.294466,0.04,-5.42431,-5.06225,89,366.375
1775443214633,2639,1,0.00496831,0.174246,0.307184,0.305842,0.304448,0.303004,0.04,-5.06225,-5.00511,89,365.88
1775443214774,2640,1,0.00710106,0.163804,0.362004,0.360248,0.358406,0.356481,0.04,-5.00511,-4.8615,89,365.577
1775443214940,2641,1,0.0090467,0.15273,0.440242,0.437808,0.435218,0.432478,0.04,-4.8615,-4.68438,90,365.837
1775443215077,2642,1,0.0115936,0.141729,0.499797,0.496872,0.493716,0.490338,0.04,-4.68438,-4.55358,90,364.768
1775443215199,2643,1,0.0151922,0.126965,0.603363,0.599499,0.595227,0.59056,0.04,-4.55358,-4.3869,90,364.345
1775443215319,2644,1,0.0165584,0.121821,0.652858,0.648491,0.643605,0.638219,0.04,-4.3869,-4.33454,90,363.852
1775443215441,2645,1,0.0182239,0.115795,0.72207,0.716946,0.711117,0.704613,0.04,-4.33454,-4.27604,91,363.75
1775443215567,2646,1,0.020602,0.109004,0.792344,0.786472,0.779667,0.771968,0.04,-4.27604,-4.2459,91,362.718
1775443215693,2647,1,0.022191,0.103166,0.875433,0.868561,0.860427,0.85109,0.04,-4.2459,-4.18516,91,361.749
1775443215822,2648,1,0.0239263,0.0963599,0.964893,0.956968,0.947347,0.936119,0.04,-4.18516,-4.10743,91,361.334
1775443215939,2649,1,0.0253577,0.0909462,1.06049,1.05129,1.03985,1.02627,0.04,-4.10743,-4.04553,91,360.576
1775443216054,2650,1,0.028992,0.0740836,1.28351,1.27187,1.2562,1.23677,0.04,-4.04553,-3.80717,92,360.845
1775443216184,2651,1,0.028063,0.0806523,1.23493,1.22344,1.20838,1.18998,0.04,-3.80717,-3.92791,91,360.285
1775443216341,2652,1,0.031609,0.0648831,1.47465,1.46044,1.44013,1.41415,0.04,-3.92791,-3.71093,92,359.386
1775443216546,2653,1,0.0327094,0.059182,1.75481,1.73522,1.70542,1.66628,0.04,-3.71093,-3.59259,92,358.767
1775443216660,2654,1,0.0376575,0.0368219,2.07252,2.0513,2.01307,1.95941,0.04,-3.59259,-3.28362,93,359.072
1775443216797,2655,1,0.0352645,0.05197,2.10584,2.0786,2.03384,1.97345,0.04,-3.28362,-3.52495,92,357.569
1775443216959,2656,1,0.0319859,0.069799,2.23669,2.19843,2.1398,2.06353,0.04,-3.52495,-3.76528,92,355.732
1775443217096,2657,1,0.0318653,0.0755322,2.29194,2.24918,2.18472,2.10173,0.04,-3.76528,-3.90548,91,354.641
1775443217221,2658,1,0.0247374,0.122347,2.05146,2.00275,1.9394,1.86384,0.04,-3.90548,-4.71568,89,352.261
1775443217351,2659,1,0.0167448,0.17241,1.72916,1.6834,1.6295,1.56889,0.04,-4.71568,-5.56396,87,350.224
1775443217457,2660,1,0.00481461,0.250405,0.572289,0.565399,0.558232,0.55081,0.04,-5.56396,-7.01346,82,347.856
1775443217632,2661,1,-0.00745575,0.332513,0.334736,0.337906,0.341028,0.344099,0.04,-7.01346,-8.41975,75,345.551
1775443217788,2662,1,-0.0176276,0.41103,1.96862,2.10927,2.24004,2.35507,0.04,-8.41975,-9.53811,72,344.788
1775443217926,2663,1,-0.0178255,0.416366,2.22537,2.40779,2.57528,2.71793,0.04,-9.53811,-9.61762,72,345.598
1775443218040,2664,1,0.123988,-0.239141,3.00307,2.80704,2.58274,2.34537,0.04,-9.61762,-1.70178,95,344.17
1775443218159,2665,1,0.047778,0.120735,0.00233352,0.00233346,0.00233341,0.00233336,0.04,-1.70178,-6.56143,84,350
1775443218278,2666,1,0.046324,0.112278,0.000419511,0.000419513,0.000419515,0.000419516,0.04,-6.56143,-6.23281,85,350
1775443218414,2667,1,0.0456161,0.0972502,0.0207271,0.0207238,0.0207205,0.0207172,0.04,-6.23281,-5.77452,87,350
1775443218587,2668,1,0.0428604,0.0926944,0.00443752,0.00443738,0.00443724,0.00443709,0.04,-5.77452,-5.4637,87,350
1775443218706,2669,1,0.0412722,0.0825429,0.00123024,0.00123024,0.00123023,0.00123022,0.04,-5.4637,-5.08017,89,350
1775443218811,2670,1,0.0405472,0.0772325,0.00254625,0.00254621,0.00254617,0.00254614,0.04,-5.08017,-4.88632,89,350
1775443218957,2671,1,0.0391197,0.0764444,0.00770417,0.00770452,0.00770488,0.00770523,0.04,-4.88632,-4.76565,89,350
1775443219165,2672,1,0.0384978,0.0675947,0.00573438,0.00573421,0.00573403,0.00573386,0.04,-4.76565,-4.48383,90,350
1775443219297,2673,1,0.0370689,0.0649312,0.00317335,0.00317341,0.00317346,0.00317351,0.04,-4.48383,-4.31358,90,350
1775443219399,2674,1,0.0360252,0.0631429,0.0168649,0.0168663,0.0168677,0.0168691,0.04,-4.31358,-4.19101,91,350
1775443219519,2675,1,0.0347738,0.0595913,0.0182746,0.0182762,0.0182777,0.0182792,0.04,-4.19101,-4.00841,91,350
1775443219617,2676,1,0.0334016,0.0591134,0.029376,0.0293799,0.0293838,0.0293877,0.04,-4.00841,-3.89899,91,350
1775443219737,2677,1,0.0332942,0.0554496,0.0275293,0.0275326,0.0275358,0.027539,0.04,-3.89899,-3.79283,92,350
1775443219846,2678,1,0.0322349,0.0530975,0.0283901,0.0283935,0.0283967,0.0284,0.04,-3.79283,-3.65599,92,350
1775443219959,2679,1,0.0318614,0.0501005,0.026993,0.0269958,0.0269986,0.0270014,0.04,-3.65599,-3.54941,92,350
1775443220071,2680,1,0.0306071,0.0485864,0.0365605,0.0365656,0.0365705,0.0365753,0.04,-3.54941,-3.42038,92,350
1775443220182,2681,1,0.0299133,0.0469383,0.0373595,0.0373645,0.0373695,0.0373743,0.04,-3.42038,-3.32781,92,350
1775443220279,2682,1,0.0305464,0.0385333,0.0190807,0.0190818,0.0190828,0.0190839,0.04,-3.32781,-3.14722,93,350
1775443220387,2683,1,0.0307276,0.0347768,0.00831858,0.00831877,0.00831895,0.00831914,0.04,-3.14722,-3.05987,93,350
1775443220496,2684,1,0.0311708,0.0292903,0.000639658,0.000639659,0.00063966,0.000639661,0.04,-3.05987,-2.94337,93,350
1775443220623,2685,1,0.0320308,0.0231808,0.013795,0.0137946,0.0137943,0.0137939,0.04,-2.94337,-2.83549,93,350
1775443220793,2686,1,0.0328071,0.0150671,0.0329572,0.0329559,0.0329545,0.0329531,0.04,-2.83549,-2.66671,94,350
1775443220942,2687,1,0.033798,0.0083565,0.0485012,0.0484995,0.0484976,0.0484955,0.04,-2.66671,-2.55123,94,350
1775443221059,2688,1,0.0342644,0.00184874,0.0493971,0.0493967,0.0493959,0.049395,0.04,-2.55123,-2.40737,94,350
1775443221169,2689,1,0.029498,0.0172541,0.0196995,0.0197,0.0197005,0.019701,0.04,-2.40737,-2.49946,94,350
1775443221302,2690,1,0.0280196,0.0201607,0.0313383,0.0313398,0.0313413,0.0313427,0.04,-2.49946,-2.47416,94,350
1775443221408,2691,1,0.0232099,0.0347822,0.0898084,0.0898295,0.0898493,0.0898675,0.04,-2.47416,-2.52811,94,350
1775443221541,2692,1,0.0217778,0.0349725,0.0759984,0.0760137,0.0760281,0.0760417,0.04,-2.52811,-2.43663,94,350
1775443221675,2693,1,0.0214966,0.0272114,0.0282954,0.0282971,0.0282988,0.0283003,0.04,-2.43663,-2.21502,94,350
1775443221792,2694,1,0.0254338,-0.00282337,0.127848,0.127849,0.127847,0.12784,0.04,-2.21502,-1.65915,95,350
1775443221916,2695,1,0.0269209,-0.018465,0.0756523,0.0756601,0.075667,0.0756731,0.04,-1.65915,-1.34719,95,350
1775443222034,2696,1,0.02276,-0.00709362,0.0299877,0.0299882,0.0299886,0.0299889,0.04,-1.34719,-1.37456,95,350
1775443222156,2697,1,0.0199991,2.32912e-06,4.13303e-06,4.13303e-06,4.13303e-06,4.13303e-06,0.04,-1.37456,-1.38055,95,350
1775443222312,2698,1,0.018364,0.00699201,0.0337197,0.0337203,0.0337208,0.0337212,0.04,-1.38055,-1.45127,95,350
1775443222426,2699,1,0.0182601,0.00353953,0.0192832,0.0192833,0.0192834,0.0192834,0.04,-1.45127,-1.3531,95,350
1775443222526,2700,1,0.0172606,0.00390094,0.0319088,0.031909,0.0319092,0.0319094,0.04,-1.3531,-1.29186,95,350
1775443222636,2701,1,0.0186354,-0.00384504,0.0120631,0.012063,0.012063,0.0120629,0.04,-1.29186,-1.18053,96,350
1775443222761,2702,1,0.0180194,-0.00557739,0.0124161,0.0124161,0.012416,0.0124159,0.04,-1.18053,-1.09112,96,350
1775443222921,2703,1,0.017828,-0.0107169,0.00101945,0.00101945,0.00101945,0.00101945,0.04,-1.09112,-0.940795,96,350
1775443223036,2704,1,0.0173361,-0.0116073,0.00191528,0.00191527,0.00191527,0.00191527,0.04,-0.940795,-0.882604,96,350
1775443223148,2705,1,0.0167028,-0.0156975,0.009597,0.00959711,0.00959722,0.00959733,0.04,-0.882604,-0.727122,96,350
1775443223261,2706,1,0.0163071,-0.0172081,0.0125401,0.0125403,0.0125405,0.0125407,0.04,-0.727122,-0.658486,96,350
1775443223373,2707,1,0.0164882,-0.0218121,0.0296664,0.0296678,0.0296693,0.0296706,0.04,-0.658486,-0.543824,96,350
1775443223484,2708,1,0.0162848,-0.0228022,0.0330982,0.0331001,0.0331019,0.0331037,0.04,-0.543824,-0.502457,96,350
1775443223595,2709,1,0.0157209,-0.0228811,0.0302207,0.0302223,0.0302239,0.0302254,0.04,-0.502457,-0.461856,96,350
1775443223705,2710,1,0.0156091,-0.0269752,0.0449162,0.0449203,0.0449243,0.0449281,0.04,-0.461856,-0.341148,97,350
1775443223810,2711,1,0.0140169,-0.0258518,0.0354952,0.0354977,0.0355001,0.0355024,0.04,-0.341148,-0.263097,97,350
1775443223925,2712,1,0.0135285,-0.028616,0.040634,0.0406376,0.0406411,0.0406445,0.04,-0.263097,-0.153853,97,350
1775443224044,2713,1,0.0135466,-0.033208,0.0622874,0.0622972,0.0623065,0.0623154,0.04,-0.153853,-0.0275315,97,350
1775443224169,2714,1,0.0125028,-0.030668,0.0480547,0.0480601,0.0480653,0.0480702,0.04,-0.0275315,-0.026378,97,350
1775443224290,2715,1,0.0110645,-0.0276372,0.0373378,0.0373408,0.0373436,0.0373464,0.04,-0.026378,-0.0107254,97,350
1775443224405,2716,1,0.0105179,-0.0303432,0.0428383,0.0428426,0.0428467,0.0428506,0.04,-0.0107254,0.101,97,350
1775443224530,2717,1,0.00965911,-0.0319398,0.045174,0.045179,0.0451838,0.0451885,0.04,0.101,0.203817,97,350
1775443224662,2718,1,-0.0626772,0.501658,3.86783,4.59654,5.2393,5.65187,0.04,0.203817,-8.46675,75,375.916
1775443224784,2719,1,0.0899752,-0.150136,1.26883,1.24775,1.22315,1.19542,0.04,-8.46675,-1.96097,95,375.916
1775443224908,2720,1,0.145985,-0.384732,0.05743,0.0575423,0.0576545,0.0577665,0.04,-1.96097,0.332477,97,375.916
1775443225087,2721,1,0.171597,-0.52481,0.68976,0.714722,0.739892,0.765163,0.04,0.332477,2.4612,100,375.916
1775443225203,2722,1,0.170165,-0.534815,0.743214,0.773086,0.803282,0.833652,0.04,2.4612,2.84082,101,375.916
1775443225329,2723,1,0.158922,-0.52311,0.753459,0.783107,0.813,0.842983,0.04,2.84082,3.30195,102,375.916
1775443225454,2724,1,0.156603,-0.531515,0.787043,0.820226,0.853753,0.887436,0.04,3.30195,3.69601,102,375.916
1775443225580,2725,1,0.166892,-0.573074,0.859319,0.904125,0.949905,0.996369,0.04,3.69601,4.12549,103,375.916
1775443225715,2726,1,0.216829,-0.727337,0.946786,1.03346,1.12678,1.22649,0.04,4.12549,4.88219,105,375.916
1775443225842,2727,1,0.242278,-0.798148,0.927186,1.03116,1.14637,1.27312,0.04,4.88219,5.04642,105,375.916
1775443225968,2728,1,0.247225,-0.811294,0.922168,1.02953,1.14918,1.2816,0.04,5.04642,5.06163,105,375.916
1775443226098,2729,1,0.228784,-0.771877,0.96244,1.06555,1.17881,1.30223,0.04,5.06163,5.27207,106,375.916
1775443226228,2730,1,0.244025,-0.811857,0.943354,1.05606,1.182,1.32169,0.04,5.27207,5.30379,106,375.916
1775443226373,2731,1,0.237917,-0.795948,0.958935,1.06956,1.19241,1.32777,0.04,5.30379,5.2962,106,375.916
1775443226510,2732,1,0.233017,-0.789932,0.981976,1.09587,1.22228,1.3614,0.04,5.2962,5.47681,107,375.916
1775443226643,2733,1,0.236132,-0.801055,0.985927,1.10503,1.23799,1.3852,0.04,5.47681,5.566,107,375.916
1775443226816,2734,1,0.215613,-0.755429,1.04073,1.15558,1.28162,1.41861,0.04,5.566,5.7539,107,375.916
1775443226944,2735,1,0.199978,-0.717637,1.08354,1.19429,1.31415,1.44251,0.04,5.7539,5.81526,108,375.916
1775443227088,2736,1,0.165697,-0.623779,1.11577,1.20405,1.29625,1.39142,0.04,5.81526,5.63748,107,375.916
1775443227254,2737,1,0.138326,-0.555169,1.14548,1.2212,1.2984,1.37613,0.04,5.63748,5.67051,107,375.916
1775443227376,2738,1,0.0988976,-0.43449,1.06292,1.10772,1.15164,1.19415,0.04,5.67051,5.10376,106,460.977
1775443227577,2739,1,0.0740021,-0.356426,0.960007,0.988071,1.01497,1.04045,0.04,5.10376,4.68919,104,431.478
1775443227713,2740,1,0.0367838,-0.218849,0.638685,0.645707,0.652256,0.658304,0.04,4.68919,3.4807,102,392.085
1775443227828,2741,1,-0.00534385,-0.0555683,0.0889598,0.0889934,0.0890257,0.0890565,0.04,3.4807,1.88516,99,352.673
1775443227957,2742,1,-0.0108952,-0.029739,0.000288086,0.000288086,0.000288085,0.000288085,0.04,1.88516,1.55604,99,347.311
1775443228066,2743,1,-0.00877183,-0.0268071,0.00207945,0.00207944,0.00207943,0.00207942,0.04,1.55604,1.3305,99,347.613
1775443228197,2744,1,-0.00829765,-0.0241848,0.00544626,0.0054462,0.00544614,0.00544608,0.04,1.3305,1.22744,98,347.492
1775443228327,2745,1,-0.00774967,-0.0211938,0.0127909,0.0127906,0.0127904,0.0127901,0.04,1.22744,1.10992,98,346.973
1775443228493,2746,1,-0.0076574,-0.0192548,0.018137,0.0181365,0.018136,0.0181355,0.04,1.10992,1.05197,98,347.133
1775443228657,2747,1,-0.00714434,-0.0185603,0.0190716,0.019071,0.0190705,0.0190699,0.04,1.05197,0.997929,98,346.731
1775443228830,2748,1,-0.00720834,-0.0155256,0.0282419,0.0282409,0.0282399,0.0282388,0.04,0.997929,0.921771,98,346.517
1775443228964,2749,1,-0.00695324,-0.0144639,0.0310599,0.0310588,0.0310576,0.0310564,0.04,0.921771,0.875902,98,346.419
1775443229087,2750,1,-0.00691996,-0.0123542,0.0392636,0.0392621,0.0392604,0.0392586,0.04,0.875902,0.817879,98,346.584
1775443229210,2751,1,-0.00603599,-0.014219,0.0229454,0.0229448,0.0229442,0.0229436,0.04,0.817879,0.80467,98,346.424
1775443229339,2752,1,-0.00462756,-0.0194802,0.0209156,0.0209162,0.0209169,0.0209175,0.04,0.80467,0.849351,98,346.275
1775443229459,2753,1,-0.00365577,-0.0232674,0.0684994,0.0685076,0.0685151,0.068522,0.04,0.849351,0.892192,98,346.24
1775443229570,2754,1,-0.00512231,-0.0131761,0.0439436,0.0439455,0.0439473,0.0439488,0.04,0.892192,0.716739,98,347.503
1775443229691,2755,1,-0.00568866,-0.00616091,0.0129981,0.0129982,0.0129982,0.0129983,0.04,0.716739,0.561319,98,347.659
1775443229815,2756,1,-0.00726355,0.00474774,0.0360672,0.0360676,0.036068,0.0360682,0.04,0.561319,0.378807,97,347.562
1775443229930,2757,1,-0.00729014,0.00639534,0.0402383,0.0402391,0.0402397,0.0402402,0.04,0.378807,0.336733,97,346.482
1775443230075,2758,1,-0.00780083,0.0124341,0.0681135,0.0681177,0.0681212,0.0681241,0.04,0.336733,0.213184,97,346.388
1775443230219,2759,1,-0.00775565,0.0188299,0.100434,0.100448,0.100459,0.100469,0.04,0.213184,0.0423135,97,345.372
1775443230333,2760,1,-0.00643871,0.015659,0.0905239,0.0905331,0.0905409,0.0905471,0.04,0.0423135,0.0355152,97,344.661
1775443230438,2761,1,-0.00568573,0.0163372,0.0989705,0.098982,0.0989916,0.0989991,0.04,0.0355152,-0.0334413,97,343.597
1775443230576,2762,1,-0.00472351,0.0148132,0.0975805,0.0975905,0.0975987,0.097605,0.04,-0.0334413,-0.0588936,97,343.292
1775443230702,2763,1,-0.00411929,0.0140943,0.0956822,0.0956914,0.0956988,0.0957044,0.04,-0.0588936,-0.0814698,97,342.487
1775443230819,2764,1,-0.00392004,0.0139087,0.094655,0.0946639,0.094671,0.0946764,0.04,-0.0814698,-0.0903737,97,341.972
1775443230970,2765,1,-0.00330084,0.0114586,0.0885152,0.0885215,0.0885264,0.0885298,0.04,-0.0903737,-0.0678642,97,342.471
1775443231078,2766,1,-0.000925338,0.00528393,0.0643129,0.0643143,0.0643152,0.0643156,0.04,-0.0678642,-0.0687596,97,339.971
1775443231240,2767,1,-0.00104322,0.00589852,0.0669412,0.0669429,0.0669441,0.0669446,0.04,-0.0687596,-0.0768173,97,339.323
1775443231372,2768,1,0.00134503,-0.00138607,0.0388245,0.0388243,0.038824,0.0388235,0.04,-0.0768173,-0.0492146,97,338.921
1775443231552,2769,1,0.00245813,-0.00507186,0.0222717,0.0222715,0.0222712,0.022271,0.04,-0.0492146,-0.0290397,97,338.569
1775443231707,2770,1,0.00387587,-0.00882023,0.0107124,0.0107124,0.0107123,0.0107122,0.04,-0.0290397,-0.0274089,97,337.678
1775443231834,2771,1,0.00492992,-0.0117175,0.00209517,0.00209518,0.00209518,0.00209518,0.04,-0.0274089,-0.0232151,97,337.429
1775443231942,2772,1,0.00505571,-0.0111492,0.000967189,0.000967188,0.000967188,0.000967187,0.04,-0.0232151,-0.0474323,97,337.673
1775443232064,2773,1,0.0062987,-0.0148554,0.0156646,0.0156649,0.0156652,0.0156654,0.04,-0.0474323,-0.0307218,97,338.075
1775443232190,2774,1,0.00668416,-0.0147349,0.0141929,0.0141931,0.0141933,0.0141936,0.04,-0.0307218,-0.0608093,97,339.002
1775443232302,2775,1,0.00744378,-0.0170229,0.0214986,0.0214992,0.0214998,0.0215003,0.04,-0.0608093,-0.0502455,97,339.308
1775443232443,2776,1,0.00827486,-0.0194663,0.0327744,0.032776,0.0327775,0.0327789,0.04,-0.0502455,-0.0397719,97,340.007
1775443232605,2777,1,0.0085054,-0.0189639,0.0303604,0.0303618,0.0303631,0.0303643,0.04,-0.0397719,-0.0696391,97,340.383
1775443232802,2778,1,0.00902924,-0.0200177,0.0371221,0.0371242,0.0371262,0.0371281,0.04,-0.0696391,-0.0762455,97,340.518
1775443232946,2779,1,0.00878831,-0.0169298,0.0239855,0.0239863,0.023987,0.0239877,0.04,-0.0762455,-0.145159,97,340.867
1775443233110,2780,1,0.00986599,-0.016937,0.0252596,0.0252604,0.0252612,0.025262,0.04,-0.145159,-0.21915,97,341.81
1775443233231,2781,1,0.00970297,-0.0153713,0.0190236,0.019024,0.0190245,0.0190249,0.04,-0.21915,-0.251222,97,341.908
1775443233354,2782,1,0.0103007,-0.0172399,0.0251882,0.025189,0.0251898,0.0251906,0.04,-0.251222,-0.240998,97,341.713
1775443233481,2783,1,0.0109994,-0.0182053,0.0287436,0.0287447,0.0287458,0.0287469,0.04,-0.240998,-0.262556,97,341.962
1775443233601,2784,1,0.0107372,-0.0161023,0.0207071,0.0207077,0.0207082,0.0207087,0.04,-0.262556,-0.302582,97,341.945
1775443233714,2785,1,0.0122877,-0.0204301,0.035744,0.0357459,0.0357478,0.0357496,0.04,-0.302582,-0.29024,97,342.024
1775443233865,2786,1,0.0123916,-0.0193238,0.0305009,0.0305023,0.0305036,0.0305049,0.04,-0.29024,-0.328143,97,342.312
1775443233999,2787,1,0.0132278,-0.020484,0.0319846,0.0319862,0.0319877,0.0319892,0.04,-0.328143,-0.354268,97,342.886
1775443234120,2788,1,0.0145666,-0.0248939,0.0521523,0.0521575,0.0521623,0.0521669,0.04,-0.354268,-0.324278,97,342.19
1775443234293,2789,1,0.0151836,-0.0257038,0.0509332,0.0509382,0.050943,0.0509476,0.04,-0.324278,-0.345163,97,342.177
1775443234496,2790,1,0.0150292,-0.0227827,0.0309289,0.0309305,0.0309321,0.0309337,0.04,-0.345163,-0.416633,97,341.434
1775443234610,2791,1,0.0151083,-0.0195042,0.00511808,0.00511812,0.00511816,0.0051182,0.04,-0.416633,-0.514803,96,340.866
1775443234793,2792,1,0.0140036,-0.0122707,0.0402733,0.0402717,0.0402699,0.0402681,0.04,-0.514803,-0.628511,96,340.156
1775443235018,2793,1,0.0131567,-0.00667814,0.0847981,0.0847938,0.0847882,0.0847813,0.04,-0.628511,-0.714176,96,339.504
1775443235158,2794,1,0.0101068,0.0113387,0.208789,0.208819,0.20883,0.208822,0.04,-0.714176,-0.971034,96,337.857
1775443235313,2795,1,0.00999208,0.0130848,0.228098,0.228139,0.228156,0.228148,0.04,-0.971034,-1.00724,96,337.122
1775443235452,2796,1,0.0108443,0.0123961,0.230685,0.230724,0.230738,0.230727,0.04,-1.00724,-1.04704,96,336.722
1775443235582,2797,1,0.0112412,0.0104799,0.189329,0.189352,0.18936,0.189355,0.04,-1.04704,-1.02922,96,336.468
1775443235712,2798,1,0.0125954,0.00291248,0.0760385,0.0760393,0.0760393,0.0760384,0.04,-1.02922,-0.936124,96,336.775
1775443235840,2799,1,0.0133451,-0.00138644,0.0388237,0.0388235,0.0388231,0.0388227,0.04,-0.936124,-0.877559,96,337.171
1775443235973,2800,1,0.0134874,-0.00213019,0.0170003,0.0170002,0.0170001,0.0170001,0.04,-0.877559,-0.870725,96,336.656
1775443236101,2801,1,0.0127478,0.00170187,0.0275675,0.0275676,0.0275677,0.0275677,0.04,-0.870725,-0.92157,96,336.157
1775443236282,2802,1,0.0138533,-0.00415715,0.0241605,0.0241607,0.0241608,0.0241609,0.04,-0.92157,-0.840071,96,336.589
1775443236407,2803,1,0.0129548,-0.000179711,0.0129989,0.0129989,0.0129989,0.0129989,0.04,-0.840071,-0.887308,96,336.87
1775443236600,2804,1,0.0146489,-0.00624518,0.0407249,0.0407256,0.0407262,0.0407267,0.04,-0.887308,-0.835906,96,337.305
1775443236713,2805,1,0.014207,-0.0010518,0.0645978,0.0645972,0.064596,0.0645943,0.04,-0.835906,-0.941973,96,336.788
1775443236852,2806,1,0.0160255,-0.0104623,0.0797092,0.0797139,0.0797175,0.0797201,0.04,-0.941973,-0.810763,96,337.245
1775443236952,2807,1,0.0143907,-0.00161325,0.0551777,0.0551771,0.0551762,0.055175,0.04,-0.810763,-0.940965,96,336.697
1775443237054,2808,1,0.0143233,-0.00117696,0.0652405,0.0652399,0.0652386,0.0652368,0.04,-0.940965,-0.946534,96,336.586
1775443237182,2809,1,0.0139774,0.000705466,0.0731788,0.0731787,0.0731778,0.0731761,0.04,-0.946534,-0.972284,96,336.947
1775443237322,2810,1,0.0144586,-0.00204124,0.0621436,0.0621427,0.0621414,0.0621395,0.04,-0.972284,-0.933013,96,337.062
1775443237445,2811,1,0.0145895,-0.00245809,0.0581219,0.0581211,0.0581198,0.0581182,0.04,-0.933013,-0.931413,96,337.527
1775443237556,2812,1,0.0152478,-0.00643552,0.0424412,0.0424402,0.0424391,0.0424378,0.04,-0.931413,-0.871834,96,337.893
1775443237692,2813,1,0.0169226,-0.0147985,0.00498223,0.0049822,0.00498217,0.00498214,0.04,-0.871834,-0.767319,96,338.275
1775443237869,2814,1,0.0188355,-0.0262225,0.0480353,0.0480399,0.0480443,0.0480485,0.04,-0.767319,-0.583724,96,338.51
1775443237982,2815,1,0.0200011,-0.0316807,0.078829,0.0788439,0.0788578,0.0788707,0.04,-0.583724,-0.511721,96,338.273
1775443238095,2816,1,0.0206494,-0.03411,0.0871827,0.0872023,0.0872205,0.0872374,0.04,-0.511721,-0.489463,96,338.201
1775443238210,2817,1,0.0196569,-0.0283003,0.0532503,0.0532564,0.0532622,0.0532677,0.04,-0.489463,-0.583366,96,338.134
1775443238320,2818,1,0.0216779,-0.0378698,0.0997028,0.0997312,0.0997575,0.0997819,0.04,-0.583366,-0.456856,96,338.509
1775443238427,2819,1,0.0267546,-0.0584199,0.18437,0.184519,0.184655,0.184779,0.04,-0.456856,-0.238258,97,342.167
1775443238536,2820,1,0.0306979,-0.0766918,0.27757,0.278012,0.278411,0.278766,0.04,-0.238258,-0.00163525,97,343.893
1775443238656,2821,1,0.0678369,-0.189814,0.571156,0.575964,0.580423,0.584517,0.04,-0.00163525,0.540802,98,382.482
1775443238758,2822,1,0.0317119,-0.0831732,0.327547,0.328212,0.328807,0.32933,0.04,0.540802,0.111574,97,341.305
1775443238868,2823,1,0.0611629,-0.17957,0.626711,0.632136,0.637091,0.641557,0.04,0.111574,0.733535,98,370.19
1775443239016,2824,1,0.0411086,-0.119983,0.493372,0.49556,0.497511,0.499218,0.04,0.733535,0.484802,98,345.904
1775443239127,2825,1,0.0428148,-0.130075,0.57522,0.578441,0.581284,0.583742,0.04,0.484802,0.653102,98,344.487
1775443239252,2826,1,0.0387932,-0.118146,0.558059,0.560793,0.56318,0.565215,0.04,0.653102,0.605392,98,340.122
1775443239364,2827,1,0.0415946,-0.128052,0.604601,0.608088,0.611136,0.613735,0.04,0.605392,0.687372,98,342.641
1775443239465,2828,1,0.0415795,-0.128196,0.647145,0.651127,0.654571,0.657461,0.04,0.687372,0.699192,98,342.413
1775443239565,2829,1,0.041565,-0.127018,0.652225,0.656226,0.659676,0.66256,0.04,0.699192,0.669171,98,343.007
1775443239706,2830,1,0.0405504,-0.123025,0.656658,0.660572,0.663921,0.666692,0.04,0.669171,0.631926,98,341.358
1775443239829,2831,1,0.0410753,-0.125881,0.693261,0.697718,0.701511,0.704621,0.04,0.631926,0.678846,98,341.248
1775443239965,2832,1,0.0556735,-0.171576,0.839619,0.848734,0.856696,0.863448,0.04,0.678846,0.931122,98,356.888
1775443240101,2833,1,0.0514877,-0.159339,0.840039,0.848435,0.855665,0.861677,0.04,0.931122,0.889044,98,352.286
1775443240211,2834,1,0.0468292,-0.146118,0.857492,0.865417,0.87209,0.87746,0.04,0.889044,0.85575,98,345.758
1775443240366,2835,1,0.0453619,-0.141861,0.87715,0.885156,0.891817,0.897081,0.04,0.85575,0.845042,98,343.449
1775443240526,2836,1,0.0476267,-0.150873,0.933146,0.942811,0.950861,0.957223,0.04,0.845042,0.94163,98,343.823
1775443240683,2837,1,0.0476565,-0.15216,1.00986,1.02122,1.03051,1.03766,0.04,0.94163,0.986936,98,343.835
1775443240791,2838,1,0.046493,-0.14907,1.03371,1.04531,1.05469,1.06176,0.04,0.986936,0.987483,98,343.569
1775443240885,2839,1,0.0454155,-0.146661,1.08951,1.10209,1.11207,1.11933,0.04,0.987483,1.00573,98,342.278
1775443240983,2840,1,0.0433412,-0.139144,1.09004,1.10189,1.11112,1.11764,0.04,1.00573,0.945525,98,341.105
1775443241084,2841,1,0.0425793,-0.135744,1.11461,1.12662,1.13583,1.14213,0.04,0.945525,0.910043,98,340.956
1775443241203,2842,1,0.0402981,-0.127289,1.12113,1.1324,1.14081,1.14626,0.04,0.910043,0.839659,98,340.027
1775443241343,2843,1,0.038941,-0.120561,1.16126,1.17255,1.18066,1.18547,0.04,0.839659,0.757626,98,339.859
1775443241464,2844,1,0.0359195,-0.108237,1.1785,1.18871,1.19559,1.19902,0.04,0.757626,0.635297,98,340.048
1775443241570,2845,1,0.0335627,-0.0976333,1.19107,1.20028,1.20602,1.20823,0.04,0.635297,0.512878,98,339.699
1775443241681,2846,1,0.0301716,-0.0820386,1.18867,1.19608,1.20004,1.20051,0.04,0.512878,0.324359,97,339.552
1775443241797,2847,1,0.0300047,-0.0798262,1.21607,1.22352,1.22729,1.22731,0.04,0.324359,0.280255,97,339.816
1775443241920,2848,1,0.0282977,-0.0699845,1.23682,1.2433,1.2459,1.24458,0.04,0.280255,0.134871,97,340.162
1775443242034,2849,1,0.0281289,-0.0646159,1.26729,1.27336,1.27525,1.27295,0.04,0.134871,0.00588808,97,340.434
1775443242142,2850,1,0.0257281,-0.0516695,1.25805,1.26243,1.26273,1.25896,0.04,0.00588808,-0.180393,97,340.737
1775443242291,2851,1,0.0270759,-0.0546832,1.31349,1.31857,1.31902,1.31482,0.04,-0.180393,-0.183283,97,340.348
1775443242404,2852,1,0.0255614,-0.0445442,1.31693,1.32065,1.3197,1.31411,0.04,-0.183283,-0.352764,97,340.294
1775443242563,2853,1,0.0254651,-0.0358514,1.36855,1.37119,1.36861,1.36086,0.04,-0.352764,-0.573645,96,338.973
1775443242673,2854,1,0.0260038,-0.0322876,1.41328,1.41545,1.41188,1.40264,0.04,-0.573645,-0.700579,96,337.287
1775443242781,2855,1,0.0269876,-0.0264495,1.466,1.46723,1.46208,1.45065,0.04,-0.700579,-0.918653,96,335.996
1775443242891,2856,1,0.0268971,-0.0197326,1.48428,1.48435,1.47782,1.46481,0.04,-0.918653,-1.09166,96,335.401
1775443243064,2857,1,0.0271502,-0.0136532,1.50054,1.49951,1.49167,1.47719,0.04,-1.09166,-1.27141,95,335.352
1775443243267,2858,1,0.0275955,-0.00335227,1.57333,1.57004,1.55894,1.54032,0.04,-1.27141,-1.57045,95,334.581
1775443243374,2859,1,0.0237291,0.0276869,1.55702,1.54799,1.53156,1.50812,0.04,-1.57045,-2.14705,94,337.568
1775443243488,2860,1,0.0227677,0.0388055,1.56891,1.55759,1.53877,1.5129,0.04,-2.14705,-2.38035,94,339.065
1775443243602,2861,1,0.0212364,0.0558245,1.5616,1.54718,1.52548,1.49701,0.04,-2.38035,-2.73687,93,341.541
1775443243730,2862,1,0.0205497,0.0662966,1.58363,1.5667,1.54227,1.51092,0.04,-2.73687,-2.97015,93,344.086
1775443243876,2863,1,0.0195654,0.0827309,1.57137,1.55156,1.52456,1.49098,0.04,-2.97015,-3.34927,92,346.827
1775443244002,2864,1,0.0187243,0.0963871,1.61424,1.59045,1.559,1.52067,0.04,-3.34927,-3.65532,92,349.946
1775443244111,2865,1,0.0167193,0.116905,1.56697,1.54069,1.50758,1.46841,0.04,-3.65532,-4.07952,91,351.317
1775443244272,2866,1,0.0154562,0.130369,1.55516,1.52671,1.49172,1.45099,0.04,-4.07952,-4.35883,90,353.07
1775443244394,2867,1,0.015653,0.142133,1.6058,1.57293,1.53303,1.48706,0.04,-4.35883,-4.68429,90,355.884
1775443244491,2868,1,0.0121555,0.170691,1.49103,1.45777,1.41913,1.37592,0.04,-4.68429,-5.2324,88,357.763
1775443244621,2869,1,0.0123308,0.180365,1.50512,1.4694,1.42828,1.38261,0.04,-5.2324,-5.50463,87,359.818
1775443244734,2870,1,0.0131377,0.18674,1.56433,1.52434,1.47841,1.42756,0.04,-5.50463,-5.72515,87,362.448
1775443244856,2871,1,0.0132181,0.195177,1.55962,1.51817,1.47096,1.41902,0.04,-5.72515,-5.95998,86,364.059
1775443244978,2872,1,0.0113897,0.213938,1.49467,1.4532,1.40687,1.3566,0.04,-5.95998,-6.35072,85,365.623
1775443245164,2873,1,0.011736,0.221361,1.4936,1.45079,1.40323,1.35187,0.04,-6.35072,-6.57592,84,367.031
1775443245324,2874,1,0.00999346,0.244629,1.37636,1.33635,1.29285,1.24659,0.04,-6.57592,-7.10146,82,369.808
1775443245442,2875,1,0.0122122,0.251113,1.47317,1.42595,1.37462,1.32013,0.04,-7.10146,-7.41758,80,374.507
1775443245564,2876,1,0.0102451,0.270857,1.34221,1.3,1.25486,1.20749,0.04,-7.41758,-7.83379,78,376.686
1775443245678,2877,1,0.010403,0.281208,1.28127,1.24134,1.19893,1.15467,0.04,-7.83379,-8.13311,77,378.76
1775443245796,2878,1,0.0116188,0.27971,1.36725,1.32192,1.27363,1.22315,0.04,-8.13311,-8.16524,77,380.282
1775443245909,2879,1,0.00984601,0.297205,1.16284,1.12804,1.0915,1.05364,0.04,-8.16524,-8.54354,75,381.19
1775443246042,2880,1,0.0146762,0.273548,1.49497,1.44185,1.38484,1.32501,0.04,-8.54354,-8.19284,77,382.565
1775443246177,2881,1,0.0156136,0.2694,1.58912,1.52989,1.46597,1.39872,0.04,-8.19284,-8.13316,77,382.774
1775443246317,2882,1,0.0145521,0.275622,1.49885,1.44503,1.38732,1.32683,0.04,-8.13316,-8.23996,76,382.766
1775443246465,2883,1,0.0168148,0.262931,1.63462,1.57341,1.50698,1.43685,0.04,-8.23996,-8.03502,77,383.029
1775443246607,2884,1,0.0189526,0.247395,1.91822,1.83824,1.74968,1.65526,0.04,-8.03502,-7.72622,79,383.956
1775443246753,2885,1,0.0185365,0.245288,2.01912,1.93097,1.8329,1.7282,0.04,-7.72622,-7.62811,79,384.938
1775443246870,2886,1,0.0157957,0.25575,1.91714,1.83458,1.74377,1.64745,0.04,-7.62811,-7.73501,79,385.479
1775443246991,2887,1,0.013779,0.261146,1.91279,1.82889,1.73698,1.63984,0.04,-7.73501,-7.74273,79,386.142
1775443247112,2888,1,0.010711,0.279706,1.72486,1.65207,1.57373,1.49177,0.04,-7.74273,-8.05715,77,388.148
1775443247232,2889,1,0.00873385,0.287278,1.70381,1.63083,1.5527,1.47128,0.04,-8.05715,-8.12864,77,390.075
1775443247404,2890,1,0.00550227,0.303549,1.55841,1.49392,1.42573,1.35521,0.04,-8.12864,-8.36457,76,391.493
1775443247528,2891,1,0.00506413,0.304563,1.67009,1.59558,1.51669,1.43519,0.04,-8.36457,-8.34811,76,393.129
1775443247648,2892,1,0.00041591,0.325944,1.59968,1.52624,1.44947,1.37091,0.04,-8.34811,-8.6155,74,394.593
1775443247767,2893,1,-0.00304981,0.344364,1.45119,1.38711,1.32083,1.25346,0.04,-8.6155,-8.89367,73,395.831
1775443247889,2894,1,-0.0083978,0.373898,1.09892,1.05869,1.0177,0.976342,0.04,-8.89367,-9.36918,72,396.131
1775443248022,2895,1,-0.0131285,0.401583,0.747812,0.727565,0.707137,0.686622,0.04,-9.36918,-9.83883,72,395.702
1775443248125,2896,1,-0.01586,0.417362,0.562999,0.550966,0.538874,0.526753,0.04,-9.83883,-10.1029,72,395.244
1775443248253,2897,1,-0.0170049,0.426467,0.435783,0.428376,0.420944,0.413502,0.04,-10.1029,-10.2884,72,395.388
1775443248413,2898,1,-0.0197437,0.438198,0.314239,0.310249,0.306254,0.302255,0.04,-10.2884,-10.4344,72,395.966
1775443248564,2899,1,-0.0191442,0.431017,0.387407,0.381472,0.375523,0.369566,0.04,-10.4344,-10.2709,72,397.363
1775443248704,2900,1,-0.0185346,0.426154,0.424277,0.417262,0.410225,0.403177,0.04,-10.2709,-10.1761,72,397.642
1775443248840,2901,1,-0.0186791,0.424941,0.487301,0.478079,0.468825,0.459556,0.04,-10.1761,-10.1241,72,398.001
1775443248982,2902,1,-0.01609,0.406716,0.672783,0.656142,0.639377,0.622551,0.04,-10.1241,-9.78373,72,398.572
1775443249108,2903,1,-0.015259,0.401332,0.761152,0.74019,0.719039,0.697798,0.04,-9.78373,-9.68318,72,399.427
1775443249284,2904,1,-0.0139684,0.390351,0.899801,0.871458,0.842758,0.813887,0.04,-9.68318,-9.45635,72,399.895
1775443249444,2905,1,-0.0127552,0.38148,1.03383,0.997391,0.960369,0.923076,0.04,-9.45635,-9.28219,72,400.962
1775443249549,2906,1,-0.0122157,0.367715,1.34542,1.28614,1.2255,1.16433,0.04,-9.28219,-8.90691,73,402.504
1775443249665,2907,1,-0.0144811,0.379092,1.19385,1.14555,1.09639,1.04692,0.04,-8.90691,-9.07764,72,402.713
1775443249770,2908,1,-0.0146266,0.378386,1.20685,1.1576,1.10745,1.05698,0.04,-9.07764,-9.04687,72,402.8
1775443249885,2909,1,-0.0172039,0.390031,1.08462,1.04342,1.00166,0.959716,0.04,-9.04687,-9.19992,72,403.369
1775443250003,2910,1,-0.0180973,0.393177,1.12649,1.0816,1.03614,0.99055,0.04,-9.19992,-9.21806,72,403.865
1775443250165,2911,1,-0.0210311,0.410546,0.903429,0.873028,0.842408,0.811763,0.04,-9.21806,-9.51475,72,403.346
1775443250307,2912,1,-0.0204349,0.402186,1.05433,1.01393,0.973136,0.932299,0.04,-9.51475,-9.30995,72,404.774
1775443250415,2913,1,-0.0197006,0.39452,1.22857,1.17492,1.1206,1.06625,0.04,-9.30995,-9.13088,72,405.613
1775443250573,2914,1,-0.0214407,0.403318,1.06277,1.02157,0.979993,0.938388,0.04,-9.13088,-9.27001,72,405.529
1775443250700,2915,1,-0.0236617,0.415892,0.856401,0.828643,0.800724,0.772803,0.04,-9.27001,-9.48413,72,405.259
1775443250850,2916,1,-0.0263149,0.433031,0.531254,0.52002,0.508759,0.497498,0.04,-9.48413,-9.8095,72,404.714
1775443250960,2917,1,-0.0244346,0.421523,0.706638,0.687428,0.668132,0.648825,0.04,-9.8095,-9.60355,72,405.738
1775443251081,2918,1,-0.0227629,0.411199,0.888113,0.858678,0.829036,0.79937,0.04,-9.60355,-9.41503,72,406.574
1775443251280,2919,1,-0.0224331,0.408836,0.956104,0.92222,0.888077,0.853914,0.04,-9.41503,-9.36483,72,407.225
1775443251417,2920,1,-0.0245299,0.415484,1.07116,1.02775,0.984093,0.940574,0.04,-9.36483,-9.38511,72,408.39
1775443251601,2921,1,-0.0207584,0.390255,1.54345,1.45969,1.37478,1.29021,0.04,-9.38511,-8.9041,73,410.425
1775443251737,2922,1,0.0159897,0.158599,5.97068,5.35211,4.53089,3.68705,0.04,-8.9041,-4.71816,89,418.697
1775443251861,2923,1,-0.00376945,0.281833,3.19817,2.93777,2.65278,2.36321,0.04,-4.71816,-6.95565,82,416.394
1775443251968,2924,1,-0.0310692,0.451314,0.734159,0.711503,0.688886,0.6664,0.04,-6.95565,-9.94776,72,410.337
1775443252113,2925,1,-0.0347094,0.474029,0.410411,0.402841,0.395292,0.387771,0.04,-9.94776,-10.356,72,409.864
1775443252259,2926,1,-0.0350624,0.479355,0.234438,0.231928,0.229422,0.226921,0.04,-10.356,-10.5017,72,410.981
1775443252378,2927,1,-0.0360265,0.491611,0.0113236,0.0113175,0.0113114,0.0113054,0.04,-10.5017,-10.8009,72,411.386
1775443252501,2928,1,-0.0381166,0.507814,0.38107,0.3883,0.395556,0.40283,0.04,-10.8009,-11.0331,72,410.857
1775443252614,2929,1,-0.042065,0.53339,0.93584,0.983074,1.03086,1.0788,0.04,-11.0331,-11.3484,72,410.353
1775443252788,2930,1,-0.041105,0.530071,1.07191,1.13332,1.1954,1.25745,0.04,-11.3484,-11.2982,72,411.337
1775443252907,2931,1,-0.0191021,0.40596,1.01028,1.04714,1.083,1.11748,0.04,-11.2982,-9.48197,72,422.07
1775443253014,2932,1,0.121386,-0.38219,1.63415,1.72219,1.80425,1.87789,0.04,-9.48197,2.24041,100,473.475
1775443253126,2933,1,0.16935,-0.685398,1.7734,2.04787,2.34998,2.67089,0.04,2.24041,7.23286,113,491.106
1775443253253,2934,1,-0.0165324,0.304438,1.07061,1.04039,1.00884,0.976269,0.04,7.23286,-6.931,82,350
1775443253408,2935,1,-0.0175821,0.308184,1.05407,1.02439,0.993463,0.961585,0.04,-6.931,-6.96218,82,350
1775443253528,2936,1,-0.0180214,0.314388,1.02359,0.995002,0.965301,0.934758,0.04,-6.96218,-7.10389,82,350
1775443253708,2937,1,-0.0179522,0.324458,0.984079,0.956727,0.928441,0.899456,0.04,-7.10389,-7.38655,80,350
1775443253854,2938,1,-0.0192701,0.343534,0.89032,0.866465,0.841996,0.817075,0.04,-7.38655,-7.8246,78,350
1775443253988,2939,1,-0.0187776,0.35688,0.82481,0.80343,0.781605,0.759463,0.04,-7.8246,-8.22873,76,350
1775443254125,2940,1,-0.018192,0.368784,0.754443,0.735863,0.716975,0.697871,0.04,-8.22873,-8.60096,74,350
1775443254270,2941,1,-0.0162061,0.371733,0.725699,0.708349,0.690731,0.672924,0.04,-8.60096,-8.82186,73,350
1775443254381,2942,1,-0.0172738,0.386218,0.625448,0.611964,0.598331,0.584594,0.04,-8.82186,-9.15409,72,350
1775443254505,2943,1,-0.0154808,0.388673,0.578261,0.56665,0.554923,0.543113,0.04,-9.15409,-9.351,72,350
1775443254624,2944,1,-0.0144451,0.392089,0.528019,0.518237,0.508369,0.498438,0.04,-9.351,-9.5221,72,350
1775443254745,2945,1,-0.0154609,0.401707,0.437272,0.430363,0.423409,0.416423,0.04,-9.5221,-9.72522,72,350
1775443254884,2946,1,-0.0146662,0.401055,0.397236,0.391548,0.385825,0.380076,0.04,-9.72522,-9.76838,72,350
1775443255011,2947,1,-0.0147729,0.404959,0.334945,0.330852,0.32674,0.322612,0.04,-9.76838,-9.87579,72,350
1775443255173,2948,1,-0.014825,0.410256,0.246494,0.244242,0.241983,0.239717,0.04,-9.87579,-10.0287,72,350
1775443255279,2949,1,-0.0146092,0.413667,0.176547,0.17538,0.17421,0.173038,0.04,-10.0287,-10.1465,72,350
1775443255396,2950,1,-0.0146174,0.415472,0.139343,0.138612,0.13788,0.137147,0.04,-10.1465,-10.2005,72,350
1775443255518,2951,1,-0.0139734,0.417425,0.100935,0.100549,0.100163,0.0997763,0.04,-10.2005,-10.3037,72,350
1775443255666,2952,1,-0.0132338,0.414934,0.077648,0.0774215,0.0771947,0.0769678,0.04,-10.3037,-10.291,72,350
1775443255811,2953,1,-0.0113463,0.407221,0.00461026,0.00460948,0.00460871,0.00460793,0.04,-10.291,-10.2243,72,350
1775443255925,2954,1,-0.0109811,0.407629,0.0653835,0.0655403,0.0656969,0.0658533,0.04,-10.2243,-10.2509,72,350
1775443256065,2955,1,-0.0110231,0.406826,0.110759,0.111207,0.111655,0.112101,0.04,-10.2509,-10.2189,72,350
1775443256271,2956,1,-0.00663275,0.388332,0.0916171,0.0919062,0.0921947,0.0924825,0.04,-10.2189,-10.0252,72,350
1775443256390,2957,1,0.37951,-0.986726,0.73543,0.862733,1.01638,1.20169,0.04,-10.0252,0.663627,98,491.106
1775443256545,2958,1,0.213117,-0.677198,1.18413,1.30128,1.42657,1.55879,0.04,0.663627,3.83243,103,491.106
1775443256696,2959,1,0.170992,-0.560716,1.16295,1.24233,1.32344,1.40523,0.04,3.83243,3.56984,102,477.64
1775443256850,2960,1,0.0035524,0.329549,0.109081,0.109416,0.109749,0.11008,0.04,3.56984,-9.13636,72,350
1775443256965,2961,1,0.00570295,0.32312,0.112258,0.112605,0.112949,0.113292,0.04,-9.13636,-9.11051,72,350
1775443257072,2962,1,0.00966946,0.317605,0.108797,0.109116,0.109433,0.109748,0.04,-9.11051,-9.23579,72,350
1775443257211,2963,1,0.0133576,0.314765,0.103989,0.104277,0.104563,0.104848,0.04,-9.23579,-9.41436,72,350
1775443257323,2964,1,0.017326,0.314499,0.111857,0.11219,0.112521,0.11285,0.04,-9.41436,-9.67979,72,350
1775443257464,2965,1,0.0213843,0.301468,0.094509,0.0947353,0.0949604,0.0951843,0.04,-9.67979,-9.61052,72,350
1775443257627,2966,1,0.0228738,0.290767,0.0827818,0.0829484,0.0831141,0.083279,0.04,-9.61052,-9.42597,72,350
1775443257760,2967,1,0.0255773,0.265624,0.0618519,0.0619358,0.0620194,0.0621026,0.04,-9.42597,-8.93633,72,350
1775443257889,2968,1,0.0268801,0.252291,0.0483944,0.048443,0.0484913,0.0485395,0.04,-8.93633,-8.66794,74,350
1775443258002,2969,1,0.0278996,0.237448,0.0341371,0.0341597,0.0341822,0.0342047,0.04,-8.66794,-8.33934,76,350
1775443258134,2970,1,0.0287162,0.222523,0.017891,0.0178968,0.0179026,0.0179084,0.04,-8.33934,-7.99483,78,350
1775443258258,2971,1,0.029527,0.208801,0.00862793,0.00862919,0.00863044,0.0086317,0.04,-7.99483,-7.68132,79,350
1775443258439,2972,1,0.0287204,0.202235,0.00754979,0.00755072,0.00755165,0.00755258,0.04,-7.68132,-7.4483,80,350
1775443258601,2973,1,0.0296374,0.17675,0.0229698,0.0229623,0.0229548,0.0229473,0.04,-7.4483,-6.82031,83,350
1775443258715,2974,1,0.0291692,0.160514,0.0284496,0.0284392,0.0284288,0.0284183,0.04,-6.82031,-6.34819,85,350
1775443258841,2975,1,0.0295571,0.149852,0.0389,0.0388819,0.0388638,0.0388455,0.04,-6.34819,-6.08505,85,350
1775443258950,2976,1,0.0295402,0.144037,0.0435247,0.043503,0.0434811,0.0434591,0.04,-6.08505,-5.92594,86,350
1775443259059,2977,1,0.0290996,0.138354,0.0398105,0.0397931,0.0397755,0.0397579,0.04,-5.92594,-5.74248,87,350
1775443259212,2978,1,0.0289863,0.129891,0.0506502,0.0506237,0.050597,0.05057,0.04,-5.74248,-5.50419,87,350
1775443259396,2979,1,0.0274862,0.124715,0.0427836,0.0427655,0.0427472,0.0427288,0.04,-5.50419,-5.26196,88,350
1775443259496,2980,1,0.0271308,0.115683,0.0392697,0.0392555,0.0392413,0.0392269,0.04,-5.26196,-4.99382,89,350
1775443259635,2981,1,0.0271755,0.113763,0.0379301,0.0379172,0.0379041,0.037891,0.04,-4.99382,-4.94517,89,350
1775443259755,2982,1,0.0274565,0.108689,0.0483855,0.0483654,0.048345,0.0483244,0.04,-4.94517,-4.82577,89,350
1775443259878,2983,1,0.0275684,0.102281,0.0528608,0.0528382,0.0528153,0.052792,0.04,-4.82577,-4.65957,90,350
1775443260017,2984,1,0.0271596,0.09926,0.0549969,0.0549732,0.0549491,0.0549246,0.04,-4.65957,-4.54934,90,350
1775443260172,2985,1,0.0269408,0.0973713,0.0515709,0.0515504,0.0515297,0.0515086,0.04,-4.54934,-4.4837,90,350
1775443260292,2986,1,0.0275478,0.0882924,0.0711633,0.0711278,0.0710917,0.0710548,0.04,-4.4837,-4.27711,91,350
1775443260463,2987,1,0.0282518,0.0790589,0.100355,0.100292,0.100226,0.100159,0.04,-4.27711,-4.07147,91,350
1775443260578,2988,1,0.0287802,0.0704347,0.126358,0.126268,0.126173,0.126075,0.04,-4.07147,-3.8707,91,350
1775443260730,2989,1,0.0293451,0.0646402,0.149484,0.149368,0.149245,0.149115,0.04,-3.8707,-3.74938,92,350
1775443260846,2990,1,0.0299478,0.0570393,0.18395,0.183793,0.183623,0.183441,0.04,-3.74938,-3.58007,92,350
1775443260959,2991,1,0.0309749,0.048999,0.217377,0.217186,0.216974,0.216742,0.04,-3.58007,-3.42833,92,350
1775443261070,2992,1,0.0308652,0.0469933,0.228114,0.227911,0.227684,0.227434,0.04,-3.42833,-3.36482,92,350
1775443261178,2993,1,0.0317893,0.0402792,0.256682,0.256458,0.256199,0.255907,0.04,-3.36482,-3.2426,93,350
1775443261287,2994,1,0.0322356,0.0359125,0.27805,0.277812,0.27753,0.277206,0.04,-3.2426,-3.15198,93,350
1775443261388,2995,1,0.0325516,0.0329578,0.290151,0.28991,0.289619,0.28928,0.04,-3.15198,-3.09199,93,350
1775443261504,2996,1,0.0335426,0.0265677,0.319567,0.319322,0.319012,0.318636,0.04,-3.09199,-2.98302,93,350
1775443261613,2997,1,0.0338359,0.0219777,0.344396,0.344152,0.343824,0.343415,0.04,-2.98302,-2.87526,93,350
1775443261716,2998,1,0.0339132,0.0198847,0.360777,0.360527,0.360183,0.359744,0.04,-2.87526,-2.82141,93,350
1775443261825,2999,1,0.0335713,0.0206691,0.364236,0.363973,0.363613,0.363155,0.04,-2.82141,-2.81846,93,350
1775443261941,3000,1,0.034537,0.0148583,0.40115,0.400898,0.400516,0.400004,0.04,-2.81846,-2.72222,93,350
1775443262058,3001,1,0.0353626,0.00899006,0.437407,0.437188,0.4368,0.436244,0.04,-2.72222,-2.61484,94,350
1775443262177,3002,1,0.0360874,0.00363952,0.472594,0.472423,0.472039,0.471442,0.04,-2.61484,-2.51465,94,350
1775443262308,3003,1,0.0355479,0.00475993,0.476137,0.475943,0.475531,0.474902,0.04,-2.51465,-2.50713,94,350
1775443262427,3004,1,0.0367022,-0.00490501,0.540902,0.540854,0.540485,0.539796,0.04,-2.50713,-2.31531,94,350
1775443262555,3005,1,0.835301,-1.46119,0.0805098,0.142692,0.288711,0.720149,0.04,-2.31531,-17.4541,72,477.64
1775443262677,3006,1,0.127402,-0.406387,1.49223,1.57229,1.64853,1.71908,0.04,-17.4541,2.45536,100,465.489
1775443262816,3007,1,0.15759,-0.506719,1.57944,1.70375,1.82768,1.94786,0.04,2.45536,3.11553,101,499.13
1775443262949,3008,1,0.168006,-0.543462,1.60611,1.7503,1.89658,2.04088,0.04,3.11553,3.40254,102,499.13
1775443263078,3009,1,0.151126,-0.497621,1.64788,1.77937,1.9097,2.03493,0.04,3.40254,3.32854,102,490.107
1775443263208,3010,1,0.131501,-0.438778,1.66091,1.77131,1.87741,1.97592,0.04,3.32854,3.08521,101,467.321
1775443263377,3011,1,0.11663,-0.391211,1.66625,1.7607,1.84904,1.92851,0.04,3.08521,2.81987,101,450.054
1775443263552,3012,1,0.087489,-0.288736,1.6222,1.68248,1.73506,1.77842,0.04,2.81987,2.04096,100,420.775
1775443263680,3013,1,0.0675124,-0.208971,1.51301,1.54857,1.57728,1.59845,0.04,2.04096,1.23787,98,402.457
1775443263799,3014,1,0.0518302,-0.149366,1.43914,1.46083,1.47645,1.48566,0.04,1.23787,0.692755,98,386.307
1775443263920,3015,1,0.0391008,-0.0989115,1.35357,1.36534,1.37202,1.37349,0.04,0.692755,0.190855,97,374.973
1775443264041,3016,1,0.0247129,-0.0353045,1.18783,1.19002,1.1888,1.18418,0.04,0.190855,-0.56431,96,363.119
1775443264251,3017,1,0.0212048,-0.0119008,1.12772,1.12744,1.12427,1.11824,0.04,-0.56431,-0.964967,96,361.186
1775443264411,3018,1,0.0188526,0.0109123,1.12059,1.1181,1.11279,1.10473,0.04,-0.964967,-1.42112,95,358.408
1775443264571,3019,1,0.0183978,0.0239587,1.12726,1.12344,1.11677,1.10734,0.04,-1.42112,-1.74189,95,357.385
1775443264698,3020,1,0.019581,0.028942,1.17065,1.16594,1.15806,1.1471,0.04,-1.74189,-1.95195,95,356.906
1775443264821,3021,1,0.0191641,0.0412748,1.18109,1.17494,1.16556,1.15308,0.04,-1.95195,-2.25546,94,356.403
1775443264957,3022,1,0.018758,0.0505858,1.19447,1.18713,1.17646,1.16263,0.04,-2.25546,-2.47752,94,355.57
1775443265093,3023,1,0.0188551,0.0584713,1.21452,1.20599,1.194,1.17872,0.04,-2.47752,-2.69475,94,355.647
1775443265262,3024,1,0.0203857,0.0610542,1.2627,1.25309,1.2396,1.22244,0.04,-2.69475,-2.86324,93,355.872
1775443265395,3025,1,0.0201736,0.0673515,1.27371,1.26312,1.24857,1.23029,0.04,-2.86324,-3.0175,93,355.739
1775443265526,3026,1,0.0205117,0.0838512,1.30768,1.29424,1.27661,1.25506,0.04,-3.0175,-3.48262,92,356.615
1775443265642,3027,1,0.0209992,0.0908588,1.33383,1.31883,1.29941,1.27591,0.04,-3.48262,-3.70232,92,357.284
1775443265775,3028,1,0.018863,0.104839,1.28985,1.27406,1.25433,1.23098,0.04,-3.70232,-3.93978,91,356.044
1775443265901,3029,1,0.0207976,0.10819,1.36983,1.35138,1.32826,1.30088,0.04,-3.93978,-4.15263,91,357.968
1775443266030,3030,1,0.0214471,0.115282,1.40182,1.38134,1.3559,1.32599,0.04,-4.15263,-4.38504,90,358.681
1775443266157,3031,1,0.0210663,0.126091,1.40436,1.3821,1.35494,1.32339,0.04,-4.38504,-4.65117,90,358.737
1775443266287,3032,1,0.0231679,0.129693,1.44758,1.42324,1.39359,1.3592,0.04,-4.65117,-4.88775,89,359.13
1775443266417,3033,1,0.0238895,0.135395,1.48891,1.46208,1.42952,1.39193,0.04,-4.88775,-5.08631,89,359.28
1775443266553,3034,1,0.0254215,0.138266,1.54255,1.51308,1.47732,1.43604,0.04,-5.08631,-5.26246,88,358.74
1775443266695,3035,1,0.0267817,0.14182,1.57716,1.54557,1.50731,1.46326,0.04,-5.26246,-5.44792,88,358.76
1775443266816,3036,1,0.0280083,0.146372,1.63873,1.6035,1.56089,1.51194,0.04,-5.44792,-5.64762,87,359.142
1775443266955,3037,1,0.0290463,0.150484,1.69179,1.65317,1.60651,1.55306,0.04,-5.64762,-5.82361,86,360.117
1775443267080,3038,1,0.0274723,0.168438,1.65764,1.61664,1.56835,1.51397,0.04,-5.82361,-6.20614,85,361.222
1775443267282,3039,1,0.0282968,0.174357,1.6756,1.63231,1.5816,1.52475,0.04,-6.20614,-6.42116,84,362.229
1775443267383,3040,1,0.0273074,0.188474,1.65376,1.60847,1.55627,1.49843,0.04,-6.42116,-6.73841,83,364.21
1775443267501,3041,1,0.0265534,0.20004,1.6198,1.5739,1.52168,1.46434,0.04,-6.73841,-7.00433,82,366.173
1775443267627,3042,1,0.0258813,0.210734,1.64228,1.59263,1.5366,1.47553,0.04,-7.00433,-7.24489,81,368.697
1775443267802,3043,1,0.0253024,0.218484,1.63439,1.58349,1.52643,1.46456,0.04,-7.24489,-7.41604,80,370.295
1775443267933,3044,1,0.0240017,0.231585,1.57963,1.52939,1.47379,1.41404,0.04,-7.41604,-7.6884,79,372.372
1775443268059,3045,1,0.0235791,0.240673,1.63919,1.58287,1.5208,1.45441,0.04,-7.6884,-7.89792,78,373.881
1775443268227,3046,1,0.0228956,0.247746,1.71389,1.65036,1.58051,1.50608,0.04,-7.89792,-8.03305,77,370.585
1775443268352,3047,1,0.0190785,0.271007,1.61049,1.54924,1.48317,1.41372,0.04,-8.03305,-8.4131,75,374.827
1775443268491,3048,1,0.0143866,0.301801,1.24586,1.20517,1.16243,1.1182,0.04,-8.4131,-8.9705,72,378.966
1775443268638,3049,1,0.0132801,0.306667,1.22869,1.18844,1.14626,1.10271,0.04,-8.9705,-9.02814,72,380.584
1775443268776,3050,1,0.00699243,0.341089,0.824623,0.804349,0.783565,0.762395,0.04,-9.02814,-9.58044,72,379.787
1775443268905,3051,1,0.00526701,0.348313,0.730832,0.714539,0.697903,0.681,0.04,-9.58044,-9.66986,72,379.495
1775443269069,3052,1,0.00463939,0.350861,0.708543,0.693103,0.677355,0.661366,0.04,-9.66986,-9.69862,72,379.47
1775443269211,3053,1,0.00461131,0.343759,0.770584,0.752735,0.734473,0.715892,0.04,-9.69862,-9.4959,72,380.155
1775443269358,3054,1,0.00541016,0.335524,0.826664,0.80667,0.786142,0.765202,0.04,-9.4959,-9.32042,72,380.491
1775443269474,3055,1,0.00513163,0.331442,0.809174,0.79029,0.770888,0.751078,0.04,-9.32042,-9.19317,72,380.295
1775443269595,3056,1,0.00489508,0.326751,0.833434,0.813714,0.793414,0.772656,0.04,-9.19317,-9.04654,72,380.511
1775443269741,3057,1,0.00681563,0.312069,0.989087,0.962629,0.935146,0.906873,0.04,-9.04654,-8.76035,73,380.65
1775443269897,3058,1,0.0121978,0.27024,1.4663,1.41587,1.3617,1.30477,0.04,-8.76035,-7.93581,78,382.078
1775443270019,3059,1,0.0121106,0.264975,1.47528,1.42525,1.37132,1.31448,0.04,-7.93581,-7.786,79,381.777
1775443270143,3060,1,0.013166,0.251524,1.61251,1.55559,1.49341,1.42734,0.04,-7.786,-7.47679,80,382.554
1775443270253,3061,1,0.0143724,0.23823,1.76902,1.7038,1.63142,1.55383,0.04,-7.47679,-7.17985,81,383.199
1775443270375,3062,1,0.0137472,0.234865,1.8311,1.76204,1.68503,1.60226,0.04,-7.17985,-7.03766,82,383.946
1775443270492,3063,1,0.012615,0.234459,1.8764,1.80389,1.72287,1.63575,0.04,-7.03766,-6.94288,82,385.392
1775443270622,3064,1,0.0120332,0.236154,1.8876,1.81368,1.73116,1.64253,0.04,-6.94288,-6.9473,82,386.514
1775443270733,3065,1,0.00988462,0.248304,1.81374,1.7422,1.66332,1.57927,0.04,-6.9473,-7.13762,82,387.921
1775443270846,3066,1,0.00611243,0.271558,1.54762,1.49104,1.43014,1.36616,0.04,-7.13762,-7.54105,80,390.823
1775443270967,3067,1,0.00383338,0.285972,1.46132,1.4082,1.35164,1.29265,0.04,-7.54105,-7.78527,79,392.754
1775443271101,3068,1,-0.0011149,0.314587,1.12113,1.08674,1.05092,1.01407,0.04,-7.78527,-8.26321,76,395.759
1775443271223,3069,1,-0.00695613,0.343925,0.88993,0.866065,0.841588,0.816663,0.04,-8.26321,-8.68533,74,398.386
1775443271349,3070,1,-0.0142435,0.389089,0.394733,0.389325,0.383877,0.378396,0.04,-8.68533,-9.47439,72,401.063
1775443271510,3071,1,-0.0185546,0.412875,0.131446,0.130801,0.130155,0.129507,0.04,-9.47439,-9.85962,72,401.694
1775443271637,3072,1,-0.0150857,0.388212,0.412476,0.406586,0.400651,0.394678,0.04,-9.85962,-9.39003,72,404
1775443271771,3073,1,-0.021343,0.419357,0.0728236,0.0726216,0.0724194,0.072217,0.04,-9.39003,-9.85158,72,407.199
1775443271891,3074,1,-0.022494,0.420448,0.213945,0.212194,0.210439,0.208681,0.04,-9.85158,-9.77987,72,411.818
1775443271999,3075,1,-0.0196632,0.397862,0.548623,0.537867,0.527025,0.516122,0.04,-9.77987,-9.31519,72,414.317
1775443272218,3076,1,-0.0187529,0.389289,0.664644,0.649263,0.633714,0.618056,0.04,-9.31519,-9.12963,72,414.748
1775443272368,3077,1,-0.0164214,0.369495,0.906119,0.879208,0.8518,0.824081,0.04,-9.12963,-8.72181,74,415.254
1775443272494,3078,1,-0.0137762,0.351342,1.16303,1.12109,1.07798,1.03418,0.04,-8.72181,-8.37893,76,415.341
1775443272637,3079,1,-0.0101969,0.323709,1.56156,1.49215,1.41953,1.34514,0.04,-8.37893,-7.82711,78,415.858
1775443272752,3080,1,-0.0085976,0.314018,1.61806,1.54588,1.46991,1.39176,0.04,-7.82711,-7.6678,79,415.238
1775443272859,3081,1,-0.00977442,0.317929,1.54982,1.48278,1.41247,1.34022,0.04,-7.6678,-7.70093,79,413.976
1775443273031,3082,1,-0.0113638,0.324743,1.45262,1.39245,1.32966,1.26529,0.04,-7.70093,-7.78795,79,412.815
1775443273169,3083,1,-0.0110872,0.319459,1.46019,1.40047,1.33797,1.27377,0.04,-7.78795,-7.66295,79,412.632
1775443273278,3084,1,-0.0130291,0.330597,1.30939,1.25966,1.208,1.15515,0.04,-7.66295,-7.84968,78,412.937
1775443273412,3085,1,-0.0143169,0.341601,1.13769,1.09884,1.05878,1.01794,0.04,-7.84968,-8.08103,77,412.299
1775443273534,3086,1,-0.0163578,0.353975,1.00533,0.973789,0.941473,0.908652,0.04,-8.08103,-8.29268,76,411.744
1775443273654,3087,1,-0.0190518,0.3716,0.794518,0.773714,0.752568,0.731191,0.04,-8.29268,-8.61226,74,411.608
1775443273805,3088,1,-0.0180625,0.370399,0.816435,0.794546,0.772285,0.749774,0.04,-8.61226,-8.64509,74,412.66
1775443273934,3089,1,-0.0225848,0.397473,0.489181,0.480645,0.472044,0.463396,0.04,-8.64509,-9.11137,72,412.814
1775443274117,3090,1,-0.0263725,0.42162,0.231298,0.229244,0.227185,0.225122,0.04,-9.11137,-9.54106,72,413.812
1775443274268,3091,1,-0.0359968,0.476549,0.375422,0.381812,0.388203,0.394587,0.04,-9.54106,-10.3356,72,413.843
1775443274428,3092,1,-0.0392713,0.492569,0.541457,0.555412,0.569395,0.58337,0.04,-10.3356,-10.5133,72,414.398
1775443274642,3093,1,-0.0388876,0.483524,0.427044,0.435489,0.443942,0.452388,0.04,-10.5133,-10.3156,72,417.539
1775443274769,3094,1,-0.0323016,0.438834,0.153199,0.152249,0.151299,0.150347,0.04,-10.3156,-9.60935,72,423.122
1775443274936,3095,1,-0.0288709,0.416544,0.350473,0.345827,0.341164,0.336488,0.04,-9.60935,-9.21369,72,425.361
1775443275108,3096,1,-0.0264341,0.39922,0.532023,0.521867,0.511632,0.501343,0.04,-9.21369,-8.88689,73,427.496
1775443275280,3097,1,-0.0237285,0.379556,0.768347,0.748395,0.72816,0.707742,0.04,-8.88689,-8.50848,75,430.475
1775443275432,3098,1,-0.0216802,0.361427,1.02693,0.993203,0.958718,0.923773,0.04,-8.50848,-8.12425,77,432.963
1775443275564,3099,1,-0.028302,0.395718,0.633,0.618767,0.604403,0.589954,0.04,-8.12425,-8.6488,74,431.315
1775443275745,3100,1,-0.0277223,0.390917,0.709227,0.691615,0.673811,0.655888,0.04,-8.6488,-8.54827,75,431.936
1775443275901,3101,1,-0.0270873,0.384946,0.761751,0.741803,0.7216,0.701238,0.04,-8.54827,-8.42329,75,432.434
1775443276053,3102,1,-0.0286675,0.390115,0.750652,0.730966,0.711053,0.691005,0.04,-8.42329,-8.45555,75,431.537
1775443276190,3103,1,-0.0299312,0.394969,0.643491,0.628816,0.614001,0.599097,0.04,-8.45555,-8.51457,75,431.023
1775443276380,3104,1,-0.0297032,0.392801,0.643434,0.628861,0.614143,0.599331,0.04,-8.51457,-8.4717,75,430.318
1775443276567,3105,1,-0.0294782,0.392973,0.559396,0.548383,0.537271,0.526089,0.04,-8.4717,-8.50381,75,428.329
1775443276707,3106,1,-0.0294806,0.392473,0.518121,0.508692,0.499182,0.489611,0.04,-8.50381,-8.49607,75,426.226
1775443276836,3107,1,-0.0286715,0.387424,0.568787,0.557599,0.546297,0.534914,0.04,-8.49607,-8.40811,75,426.126
1775443277038,3108,1,-0.0292436,0.39087,0.467806,0.460162,0.452455,0.444699,0.04,-8.40811,-8.47638,75,425.107
1775443277172,3109,1,-0.0281188,0.384359,0.430393,0.424058,0.417669,0.411235,0.04,-8.47638,-8.38347,76,423.051
1775443277305,3110,1,-0.0261954,0.373237,0.542535,0.532812,0.522971,0.513036,0.04,-8.38347,-8.19914,77,421.904
1775443277509,3111,1,-0.0256409,0.368839,0.555289,0.545247,0.535072,0.524792,0.04,-8.19914,-8.11661,77,420.344
1775443277638,3112,1,-0.0239419,0.358671,0.562302,0.552343,0.542233,0.531999,0.04,-8.11661,-7.95791,78,417.582
1775443277759,3113,1,-0.0240466,0.355649,0.531398,0.522596,0.513663,0.504619,0.04,-7.95791,-7.87341,78,414.504
1775443277897,3114,1,-0.0238151,0.352839,0.522678,0.514245,0.505682,0.49701,0.04,-7.87341,-7.81467,78,413.61
1775443278031,3115,1,-0.0243947,0.355904,0.46089,0.454271,0.447564,0.440781,0.04,-7.81467,-7.86658,78,412.291
1775443278167,3116,1,-0.0245652,0.357439,0.388025,0.383315,0.378551,0.37374,0.04,-7.86658,-7.90712,78,410.722
1775443278316,3117,1,-0.0248863,0.35963,0.321266,0.318016,0.314736,0.311429,0.04,-7.90712,-7.95418,78,408.498
1775443278450,3118,1,-0.0247135,0.359558,0.270137,0.267842,0.265528,0.263198,0.04,-7.95418,-7.97191,78,406.351
1775443278668,3119,1,-0.0238435,0.357569,0.208626,0.207267,0.2059,0.204524,0.04,-7.97191,-7.98759,78,402.866
1775443278920,3120,1,-0.0232497,0.357328,0.100469,0.100155,0.0998394,0.0995232,0.04,-7.98759,-8.03882,77,397.855
1775443279134,3121,1,-0.0219734,0.348937,0.0469652,0.0468985,0.0468317,0.0467649,0.04,-8.03882,-7.90852,78,393.056
1775443279327,3122,1,-0.0207301,0.34078,0.0223279,0.0223133,0.0222986,0.0222839,0.04,-7.90852,-7.77773,79,390.229
1775443279492,3123,1,-0.0188356,0.329526,0.0232156,0.0232004,0.0231852,0.02317,0.04,-7.77773,-7.60413,79,388.294
1775443279779,3124,1,-0.016449,0.314348,0.0561797,0.0560954,0.0560109,0.0559262,0.04,-7.60413,-7.35341,81,388.495
1775443279987,3125,1,-0.0153482,0.30247,0.0388176,0.0387792,0.0387406,0.038702,0.04,-7.35341,-7.11102,82,385.05
1775443280195,3126,1,-0.0127758,0.285904,0.0457206,0.0456706,0.0456204,0.0455701,0.04,-7.11102,-6.83968,83,382.106
1775443280373,3127,1,-0.0117349,0.274523,0.0405698,0.0405322,0.0404945,0.0404567,0.04,-6.83968,-6.60466,84,379.363
1775443280541,3128,1,-0.0111375,0.268815,0.0165469,0.0165408,0.0165346,0.0165285,0.04,-6.60466,-6.49539,84,378.147
1775443280702,3129,1,-0.00956684,0.25976,0.00537424,0.00537362,0.005373,0.00537239,0.04,-6.49539,-6.36081,85,376.704
1775443280898,3130,1,-0.00843926,0.254069,0.00958886,0.00959079,0.00959271,0.00959463,0.04,-6.36081,-6.28411,85,375.167
1775443281067,3131,1,-0.00752658,0.247905,0.0197002,0.0197081,0.019716,0.0197239,0.04,-6.28411,-6.17887,85,373.464
1775443281214,3132,1,-0.00652269,0.241465,0.0348579,0.0348819,0.0349058,0.0349297,0.04,-6.17887,-6.07169,86,372.067
1775443281365,3133,1,-0.00566124,0.236327,0.0479524,0.0479967,0.0480408,0.0480848,0.04,-6.07169,-5.99016,86,371.135
1775443281513,3134,1,-0.00499488,0.23394,0.0625106,0.0625851,0.0626591,0.0627328,0.04,-5.99016,-5.9693,86,369.751
1775443281660,3135,1,-0.00393928,0.229443,0.0835033,0.0836333,0.0837623,0.0838902,0.04,-5.9693,-5.91724,86,368.098
1775443281895,3136,1,-0.0025463,0.221876,0.0763077,0.0764124,0.0765163,0.0766194,0.04,-5.91724,-5.81001,86,367
1775443282146,3137,1,-0.00171233,0.216107,0.0961164,0.0962776,0.0964372,0.0965953,0.04,-5.81001,-5.70845,87,365.534
1775443282289,3138,1,-0.0010551,0.207739,0.114536,0.114755,0.114972,0.115186,0.04,-5.70845,-5.52468,87,363.445
1775443282418,3139,1,0.000209274,0.201479,0.11802,0.118245,0.118467,0.118686,0.04,-5.52468,-5.44217,88,362.926
1775443282572,3140,1,0.00182578,0.19185,0.103347,0.103511,0.103673,0.103833,0.04,-5.44217,-5.2958,88,361.924
1775443282772,3141,1,0.00295562,0.184334,0.105232,0.105394,0.105555,0.105713,0.04,-5.2958,-5.17032,88,361.491
1775443282912,3142,1,0.00477067,0.172975,0.101969,0.102112,0.102253,0.102392,0.04,-5.17032,-4.98909,89,360.938
1775443283116,3143,1,0.00587073,0.166554,0.101202,0.101337,0.10147,0.101602,0.04,-4.98909,-4.89156,89,360.47
1775443283271,3144,1,0.00755844,0.157644,0.0861196,0.0862121,0.0863035,0.0863936,0.04,-4.89156,-4.7696,89,360.057
1775443283499,3145,1,0.00912684,0.149277,0.0948571,0.094963,0.0950674,0.09517,0.04,-4.7696,-4.6503,90,359.113
1775443283695,3146,1,0.0112775,0.13605,0.0870866,0.0871677,0.0872476,0.0873262,0.04,-4.6503,-4.44245,90,358.545
1775443283919,3147,1,0.013185,0.127113,0.0740978,0.0741526,0.0742066,0.0742598,0.04,-4.44245,-4.33457,90,358.667
1775443284076,3148,1,0.0145303,0.118538,0.0724435,0.0724923,0.0725402,0.0725875,0.04,-4.33457,-4.19592,91,357.889
1775443284329,3149,1,0.0150373,0.112815,0.0723101,0.0723562,0.0724016,0.0724463,0.04,-4.19592,-4.07621,91,357.863
1775443284509,3150,1,0.0171785,0.0993082,0.0497247,0.0497439,0.0497628,0.0497815,0.04,-4.07621,-3.86251,91,357.719
1775443284634,3151,1,0.0166927,0.0976751,0.0667912,0.0668251,0.0668585,0.0668913,0.04,-3.86251,-3.78208,92,357.679
1775443284767,3152,1,0.0181489,0.0905035,0.0594766,0.0595015,0.059526,0.0595501,0.04,-3.78208,-3.6899,92,357.516
1775443284901,3153,1,0.0183045,0.0878751,0.0629668,0.0629939,0.0630205,0.0630466,0.04,-3.6899,-3.62902,92,357.297
1775443285053,3154,1,0.0190102,0.0818845,0.0532273,0.0532453,0.0532631,0.0532805,0.04,-3.62902,-3.51736,92,356.997
1775443285184,3155,1,0.0193454,0.0774133,0.0513432,0.0513591,0.0513747,0.05139,0.04,-3.51736,-3.41993,92,356.772
1775443285310,3156,1,0.0196167,0.0737017,0.0522527,0.0522683,0.0522837,0.0522987,0.04,-3.41993,-3.33817,92,356.954
1775443285420,3157,1,0.0199219,0.0697215,0.0555634,0.0555801,0.0555964,0.0556124,0.04,-3.33817,-3.25112,93,356.659
1775443285553,3158,1,0.0200609,0.0673315,0.0542122,0.0542275,0.0542425,0.0542572,0.04,-3.25112,-3.19631,93,356.58
1775443285719,3159,1,0.0203219,0.0636643,0.0458592,0.0458696,0.0458798,0.0458898,0.04,-3.19631,-3.11653,93,356.288
1775443285843,3160,1,0.0204277,0.0591154,0.0511141,0.051126,0.0511377,0.0511491,0.04,-3.11653,-3.00003,93,355.508
1775443285969,3161,1,0.020743,0.0551487,0.0448337,0.0448423,0.0448507,0.0448589,0.04,-3.00003,-2.91556,93,355.032
1775443286108,3162,1,0.0210504,0.0516584,0.039411,0.0394172,0.0394233,0.0394292,0.04,-2.91556,-2.84329,93,354.666
1775443286241,3163,1,0.0212461,0.0492548,0.0425291,0.0425359,0.0425427,0.0425493,0.04,-2.84329,-2.79132,93,354.2
1775443286381,3164,1,0.0216691,0.0455081,0.040115,0.0401206,0.0401262,0.0401316,0.04,-2.79132,-2.71962,93,353.978
1775443286501,3165,1,0.0218994,0.0421463,0.0392993,0.0393043,0.0393092,0.039314,0.04,-2.71962,-2.64477,94,353.533
1775443286619,3166,1,0.0220424,0.0391941,0.035612,0.0356158,0.0356195,0.0356232,0.04,-2.64477,-2.57542,94,353.397
1775443286783,3167,1,0.0219135,0.037763,0.0349497,0.0349532,0.0349567,0.0349601,0.04,-2.57542,-2.52794,94,353.125
1775443286941,3168,1,0.0216978,0.0334574,0.0361147,0.0361181,0.0361214,0.0361245,0.04,-2.52794,-2.39649,94,352.438
1775443287077,3169,1,0.021796,0.0312844,0.0364387,0.0364419,0.036445,0.036448,0.04,-2.39649,-2.34446,94,352.395
1775443287253,3170,1,0.0219038,0.0284167,0.0390505,0.0390538,0.039057,0.0390601,0.04,-2.34446,-2.27397,94,352.042
1775443287430,3171,1,0.0224613,0.0228721,0.0263051,0.0263064,0.0263075,0.0263087,0.04,-2.27397,-2.1646,94,351.709
1775443287566,3172,1,0.022154,0.0199077,0.0279896,0.0279908,0.0279919,0.027993,0.04,-2.1646,-2.06298,94,351.421
1775443287683,3173,1,0.0223297,0.0150074,0.0204572,0.0204577,0.0204581,0.0204586,0.04,-2.06298,-1.94384,95,351.176
1775443287813,3174,1,0.021785,0.0142922,0.0222181,0.0222186,0.0222191,0.0222196,0.04,-1.94384,-1.88661,95,351.181
1775443287974,3175,1,0.0219821,0.0113963,0.017293,0.0172932,0.0172935,0.0172937,0.04,-1.88661,-1.82272,95,351.016
1775443288100,3176,1,0.0221314,0.00701651,0.00477055,0.00477057,0.00477058,0.00477059,0.04,-1.82272,-1.71662,95,351.036
1775443288229,3177,1,0.0219946,0.00463165,0.00547404,0.00547405,0.00547406,0.00547407,0.04,-1.71662,-1.64259,95,351.386
1775443288355,3178,1,0.0216797,0.00112119,0.00802373,0.00802372,0.00802371,0.00802371,0.04,-1.64259,-1.52556,95,352.061
1775443288502,3179,1,0.024063,-0.0115908,0.0493028,0.0493049,0.0493067,0.0493083,0.04,-1.52556,-1.33991,95,352.777
1775443288625,3180,1,0.0220659,-0.0071738,0.0230211,0.0230214,0.0230216,0.0230219,0.04,-1.33991,-1.32558,95,352.711
1775443288754,3181,1,0.0223007,-0.0118491,0.0437337,0.0437354,0.0437369,0.0437383,0.04,-1.32558,-1.21214,96,352.941
1775443288915,3182,1,0.023845,-0.0220098,0.096628,0.0966432,0.0966565,0.0966679,0.04,-1.21214,-1.03568,96,354.083
1775443289096,3183,1,0.025371,-0.0343767,0.177738,0.177817,0.177885,0.177941,0.04,-1.03568,-0.79384,96,354.978
1775443289271,3184,1,0.0273227,-0.050874,0.299967,0.300298,0.300574,0.300795,0.04,-0.79384,-0.463155,96,355.989
1775443289444,3185,1,0.0319881,-0.0799555,0.516891,0.518428,0.519686,0.520662,0.04,-0.463155,0.0357745,97,357.941
1775443289605,3186,1,0.0318057,-0.0840333,0.569314,0.571267,0.572847,0.57405,0.04,0.0357745,0.166991,97,358.191
1775443289715,3187,1,0.0324023,-0.0906132,0.625426,0.627966,0.630013,0.631557,0.04,0.166991,0.31273,97,357.757
1775443289845,3188,1,0.0323849,-0.0923706,0.645076,0.647828,0.650039,0.651699,0.04,0.31273,0.364624,97,357.843
1775443289995,3189,1,0.0304597,-0.084872,0.616583,0.618881,0.620705,0.622049,0.04,0.364624,0.290184,97,356.877
1775443290107,3190,1,0.0241427,-0.0561339,0.451545,0.452348,0.452963,0.453391,0.04,0.290184,-0.07723,97,353.405
1775443290232,3191,1,0.0101464,0.0125053,0.0224657,0.0224652,0.0224647,0.0224642,0.04,-0.07723,-1.03487,96,346.411
1775443290374,3192,1,0.00696815,0.0282025,0.0982744,0.0982947,0.0983131,0.0983295,0.04,-1.03487,-1.22778,96,343.943
1775443290502,3193,1,0.00280556,0.0475432,0.217896,0.218062,0.218207,0.218331,0.04,-1.22778,-1.44425,95,342.252
1775443290641,3194,1,0.00242359,0.0497684,0.250934,0.251163,0.25136,0.251525,0.04,-1.44425,-1.47278,95,342.317
1775443290760,3195,1,0.00233591,0.0488657,0.265048,0.265298,0.26551,0.265684,0.04,-1.47278,-1.44009,95,342.801
1775443290881,3196,1,0.00385111,0.0404928,0.25914,0.259335,0.259495,0.259619,0.04,-1.44009,-1.31929,95,343.604
1775443290977,3197,1,0.00645385,0.026528,0.207534,0.207614,0.207676,0.207719,0.04,-1.31929,-1.12967,96,345.451
1775443291087,3198,1,0.00709084,0.0203927,0.188327,0.188376,0.188413,0.188435,0.04,-1.12967,-1.01087,96,345.781
1775443291218,3199,1,0.00894795,0.0104355,0.153918,0.153934,0.153942,0.153943,0.04,-1.01087,-0.875362,96,346.263
1775443291333,3200,1,0.00834396,0.00968588,0.14907,0.149084,0.14909,0.14909,0.04,-0.875362,-0.814158,96,346.911
1775443291444,3201,1,0.0103122,-0.000455733,0.107637,0.107636,0.107632,0.107625,0.04,-0.814158,-0.682463,96,347.32
1775443291561,3202,1,0.012194,-0.0115414,0.0608769,0.0608733,0.0608693,0.0608648,0.04,-0.682463,-0.520109,96,348.292
1775443291767,3203,1,0.0134742,-0.0196637,0.0269098,0.0269086,0.0269075,0.0269062,0.04,-0.520109,-0.394294,97,348.801
1775443291912,3204,1,0.0182252,-0.0500053,0.11506,0.11511,0.115157,0.115201,0.04,-0.394294,0.112004,97,349.983
1775443292059,3205,1,0.0198868,-0.0709122,0.228746,0.229025,0.229279,0.22951,0.04,0.112004,0.580593,98,349.64
1775443292197,3206,1,0.0127056,-0.0421445,0.104175,0.104209,0.104241,0.104271,0.04,0.580593,0.27878,97,345.404
1775443292367,3207,1,0.00879765,-0.0229676,0.0122149,0.0122152,0.0122155,0.0122157,0.04,0.27878,0.0155305,97,342.635
1775443292485,3208,1,0.00152086,0.00873797,0.129263,0.129273,0.129278,0.129278,0.04,0.0155305,-0.32068,97,333.933
1775443292623,3209,1,-0.000324567,0.0180095,0.180409,0.180449,0.180477,0.180493,0.04,-0.32068,-0.435805,96,327.776
1775443292763,3210,1,-0.00253769,0.0288462,0.237762,0.237875,0.237962,0.238021,0.04,-0.435805,-0.566863,96,321.654
1775443292892,3211,1,-0.000307078,0.0216648,0.220554,0.220625,0.220675,0.220702,0.04,-0.566863,-0.529449,96,321.863
1775443293006,3212,1,0.0152256,-0.0325688,0.0511511,0.0511443,0.0511372,0.0511299,0.04,-0.529449,-0.162451,97,337.383
1775443293117,3213,1,0.0127597,-0.0319149,0.0273798,0.0273779,0.027376,0.027374,0.04,-0.162451,-0.0137173