timestamp_ms,frame_id,is_valid,lateral_deviation,yaw_angle,curvature_0,curvature_1,curvature_2,curvature_3,velocity,prev_steering,expert_steering,servo_command,lane_width_px
1775441644233,0,1,-0.00729583,-0.0627434,0.0108058,0.0108052,0.0108047,0.0108041,0.04,0,2.20145,100,352.923
1775441644403,1,1,-0.00729583,-0.0627434,0.0108058,0.0108052,0.0108047,0.0108041,0.04,2.20145,2.20145,100,352.923
1775441644627,2,1,-0.00729583,-0.0627434,0.0108058,0.0108052,0.0108047,0.0108041,0.04,2.20145,2.20145,100,352.923
1775441644805,3,1,-0.00724021,-0.0631288,0.00889612,0.00889573,0.00889534,0.00889494,0.04,2.20145,2.20772,100,352.712
1775441644992,4,1,-0.00746021,-0.0624117,0.0110134,0.0110128,0.0110122,0.0110116,0.04,2.20772,2.20386,100,352.86
1775441645174,5,1,-0.00729583,-0.0627434,0.0108058,0.0108052,0.0108047,0.0108041,0.04,2.20386,2.20145,100,352.689
1775441645371,6,1,-0.00751602,-0.062026,0.0129234,0.0129226,0.0129218,0.012921,0.04,2.20145,2.19759,100,352.763
1775441645533,7,1,-0.00746021,-0.0624117,0.0110134,0.0110128,0.0110122,0.0110116,0.04,2.19759,2.20386,100,352.749
1775441645697,8,1,-0.00724021,-0.0631288,0.00889612,0.00889573,0.00889534,0.00889494,0.04,2.20386,2.20773,100,352.69
1775441645890,9,1,-0.00756083,-0.0614677,0.0178854,0.0178839,0.0178823,0.0178808,0.04,2.20773,2.18638,100,352.738
1775441646084,10,1,-0.00729583,-0.0627434,0.0108058,0.0108052,0.0108047,0.0108041,0.04,2.18638,2.20145,100,352.669
1775441646262,11,1,-0.00746021,-0.0624117,0.0110134,0.0110128,0.0110122,0.0110116,0.04,2.20145,2.20386,100,352.723
1775441646490,12,1,-0.00769261,-0.0611874,0.0173515,0.0173501,0.0173486,0.0173472,0.04,2.20386,2.18782,100,352.913
1775441646665,13,1,-0.00763678,-0.0615733,0.0154399,0.0154388,0.0154376,0.0154364,0.04,2.18782,2.19409,100,352.757
1775441646856,14,1,-0.00772522,-0.0611359,0.0180934,0.0180919,0.0180903,0.0180887,0.04,2.19409,2.18879,100,352.699
1775441647033,15,1,-0.00763678,-0.0615733,0.0154399,0.0154388,0.0154376,0.0154364,0.04,2.18879,2.19409,100,352.785
1775441647192,16,1,-0.00772522,-0.0611359,0.0180934,0.0180919,0.0180903,0.0180887,0.04,2.19409,2.18879,100,352.805
1775441647415,17,1,-0.00772522,-0.0611359,0.0180934,0.0180919,0.0180903,0.0180887,0.04,2.18879,2.18879,100,352.709
1775441647628,18,1,-0.00772522,-0.0611359,0.0180934,0.0180919,0.0180903,0.0180887,0.04,2.18879,2.18879,100,352.927
1775441647834,19,1,-0.00746021,-0.0624117,0.0110134,0.0110128,0.0110122,0.0110116,0.04,2.18879,2.20386,100,352.771
1775441648025,20,1,-0.00772522,-0.0611359,0.0180934,0.0180919,0.0180903,0.0180887,0.04,2.20386,2.18879,100,352.829
1775441648181,21,1,-0.00774003,-0.0610378,0.0192246,0.0192229,0.0192211,0.0192193,0.04,2.18879,2.18734,100,352.773
1775441648362,22,1,-0.00778102,-0.0607502,0.0200045,0.0200026,0.0200006,0.0199987,0.04,2.18734,2.18252,100,352.744
1775441648556,23,1,-0.00763678,-0.0615733,0.0154399,0.0154388,0.0154376,0.0154364,0.04,2.18252,2.19409,100,352.74
1775441648738,24,1,-0.0074724,-0.0619049,0.015233,0.0152319,0.0152307,0.0152296,0.04,2.19409,2.19167,100,352.587
1775441648924,25,1,-0.00772522,-0.0611359,0.0180934,0.0180919,0.0180903,0.0180887,0.04,2.19167,2.18879,100,352.724
1775441649057,26,1,-0.00779586,-0.0606519,0.0211367,0.0211346,0.0211324,0.0211303,0.04,2.18879,2.18107,100,352.777
1775441649175,27,1,-0.00757545,-0.0613698,0.0190166,0.0190148,0.0190131,0.0190113,0.04,2.18107,2.18492,100,352.714
1775441649304,28,1,-0.00772522,-0.0611359,0.0180934,0.0180919,0.0180903,0.0180887,0.04,2.18492,2.18879,100,352.981
1775441649433,29,1,-0.00772522,-0.0611359,0.0180934,0.0180919,0.0180903,0.0180887,0.04,2.18879,2.18879,100,352.884
1775441649565,30,1,-0.00772522,-0.0611359,0.0180934,0.0180919,0.0180903,0.0180887,0.04,2.18879,2.18879,100,352.804
1775441649686,31,1,-0.00772522,-0.0611359,0.0180934,0.0180919,0.0180903,0.0180887,0.04,2.18879,2.18879,100,352.857
1775441649806,32,1,-0.00772522,-0.0611359,0.0180934,0.0180919,0.0180903,0.0180887,0.04,2.18879,2.18879,100,352.815
1775441649931,33,1,-0.00763678,-0.0615733,0.0154399,0.0154388,0.0154376,0.0154364,0.04,2.18879,2.19409,100,352.888
1775441650069,34,1,-0.00774003,-0.0610378,0.0192246,0.0192229,0.0192211,0.0192193,0.04,2.19409,2.18734,100,352.809
1775441650187,35,1,-0.00774003,-0.0610378,0.0192246,0.0192229,0.0192211,0.0192193,0.04,2.18734,2.18734,100,352.872
1775441650300,36,1,-0.00772522,-0.0611359,0.0180934,0.0180919,0.0180903,0.0180887,0.04,2.18734,2.18879,100,352.916
1775441650435,37,1,-0.00774003,-0.0610378,0.0192246,0.0192229,0.0192211,0.0192193,0.04,2.18879,2.18734,100,352.793
1775441650565,38,1,-0.00774003,-0.0610378,0.0192246,0.0192229,0.0192211,0.0192193,0.04,2.18734,2.18734,100,352.783
1775441650687,39,1,-0.00774003,-0.0610378,0.0192246,0.0192229,0.0192211,0.0192193,0.04,2.18734,2.18734,100,352.903
1775441650795,40,1,-0.00759806,-0.0617592,0.0166696,0.0166682,0.0166669,0.0166655,0.04,2.18734,2.19663,100,352.933
1775441650909,41,1,-0.00774003,-0.0610378,0.0192246,0.0192229,0.0192211,0.0192193,0.04,2.19663,2.18734,100,352.832
1775441651033,42,1,-0.00779586,-0.0606519,0.0211367,0.0211346,0.0211324,0.0211303,0.04,2.18734,2.18107,100,352.79
1775441651171,43,1,-0.00774003,-0.0610378,0.0192246,0.0192229,0.0192211,0.0192193,0.04,2.18107,2.18734,100,352.796
1775441651304,44,1,-0.00774003,-0.0610378,0.0192246,0.0192229,0.0192211,0.0192193,0.04,2.18734,2.18734,100,352.778
1775441651444,45,1,-0.00772522,-0.0611359,0.0180934,0.0180919,0.0180903,0.0180887,0.04,2.18734,2.18879,100,352.782
1775441651569,46,1,-0.00763678,-0.0615733,0.0154399,0.0154388,0.0154376,0.0154364,0.04,2.18879,2.19409,100,352.761
1775441651683,47,1,-0.00779586,-0.0606519,0.0211367,0.0211346,0.0211324,0.0211303,0.04,2.19409,2.18107,100,352.758
1775441651833,48,1,-0.00772522,-0.0611359,0.0180934,0.0180919,0.0180903,0.0180887,0.04,2.18107,2.18879,100,352.669
1775441651961,49,1,-0.00772522,-0.0611359,0.0180934,0.0180919,0.0180903,0.0180887,0.04,2.18879,2.18879,100,352.887
1775441652088,50,1,-0.00772522,-0.0611359,0.0180934,0.0180919,0.0180903,0.0180887,0.04,2.18879,2.18879,100,352.769
1775441652213,51,1,-0.00772522,-0.0611359,0.0180934,0.0180919,0.0180903,0.0180887,0.04,2.18879,2.18879,100,352.766
1775441652355,52,1,-0.00774003,-0.0610378,0.0192246,0.0192229,0.0192211,0.0192193,0.04,2.18879,2.18734,100,352.727
1775441652466,53,1,-0.00774003,-0.0610378,0.0192246,0.0192229,0.0192211,0.0192193,0.04,2.18734,2.18734,100,352.786
1775441652605,54,1,-0.00774003,-0.0610378,0.0192246,0.0192229,0.0192211,0.0192193,0.04,2.18734,2.18734,100,352.772
1775441652726,55,1,-0.00764237,-0.0615804,0.0168053,0.0168039,0.0168025,0.0168011,0.04,2.18734,2.19488,100,352.739
1775441652845,56,1,-0.00762772,-0.0616782,0.0156742,0.015673,0.0156718,0.0156706,0.04,2.19488,2.19634,100,352.755
1775441652972,57,1,-0.00716376,-0.0635079,0.0107292,0.0107286,0.010728,0.0107274,0.04,2.19634,2.21298,100,352.686
1775441653102,58,1,-0.00769548,-0.0612171,0.0190879,0.0190862,0.0190844,0.0190826,0.04,2.21298,2.1891,100,352.735
1775441653222,59,1,-0.0074724,-0.0619049,0.015233,0.0152319,0.0152307,0.0152296,0.04,2.1891,2.19167,100,352.703
1775441653381,60,1,-0.00774003,-0.0610378,0.0192246,0.0192229,0.0192211,0.0192193,0.04,2.19167,2.18734,100,352.945
1775441653491,61,1,-0.00774003,-0.0610378,0.0192246,0.0192229,0.0192211,0.0192193,0.04,2.18734,2.18734,100,352.604
1775441653625,62,1,-0.00774003,-0.0610378,0.0192246,0.0192229,0.0192211,0.0192193,0.04,2.18734,2.18734,100,352.744
1775441653751,63,1,-0.00736561,-0.0629837,0.0103312,0.0103307,0.0103301,0.0103296,0.04,2.18734,2.21268,100,352.785
1775441653897,64,1,-0.00764237,-0.0615804,0.0168053,0.0168039,0.0168025,0.0168011,0.04,2.21268,2.19489,100,352.88
1775441654015,65,1,-0.00827547,-0.0592093,0.0249869,0.024984,0.0249811,0.0249781,0.04,2.19489,2.17579,100,353.4
1775441654138,66,1,-0.00763385,-0.0593769,0.0221548,0.0221525,0.0221502,0.0221478,0.04,2.17579,2.13559,100,353.216
1775441654297,67,1,-0.00717551,-0.0624778,0.0164931,0.0164918,0.0164905,0.0164891,0.04,2.13559,2.18685,100,352.231
1775441654423,68,1,-0.00407562,-0.0612623,0.0211383,0.0211361,0.0211339,0.0211317,0.04,2.18685,1.94077,99,352.586
1775441654568,69,1,0.0042797,-0.0565528,0.0349846,0.0349791,0.0349736,0.0349679,0.04,1.94077,1.2389,98,349.339
1775441654694,70,1,0.00200005,-0.0484729,0.0648606,0.0648444,0.0648277,0.0648104,0.04,1.2389,1.18258,98,350.68
1775441654831,71,1,0.00251162,-0.0512088,0.0536366,0.0536249,0.053613,0.0536007,0.04,1.18258,1.21944,98,350.983
1775441654960,72,1,0.00286205,-0.05112,0.0554849,0.0554724,0.0554596,0.0554465,0.04,1.21944,1.19315,98,351.143
1775441655109,73,1,0.00357653,-0.0519587,0.0498971,0.0498869,0.0498764,0.0498656,0.04,1.19315,1.16562,98,351.617
1775441655234,74,1,0.00334941,-0.0497266,0.0532672,0.053256,0.0532446,0.0532328,0.04,1.16562,1.1215,98,351.646
1775441655360,75,1,0.000790677,-0.0476875,0.0663543,0.0663376,0.0663203,0.0663024,0.04,1.1215,1.24506,98,351.178
1775441655493,76,1,-0.00771917,-0.0504566,0.0510934,0.051083,0.0510723,0.0510613,0.04,1.24506,1.90492,99,353.224
1775441655623,77,1,-0.00781982,-0.0499484,0.0641696,0.0641532,0.0641364,0.0641189,0.04,1.90492,1.9002,99,354.601
1775441655792,78,1,-0.0163389,-0.0440045,0.0819566,0.0819329,0.0819082,0.0818823,0.04,1.9002,2.33039,100,353.826
1775441655908,79,1,-0.0143222,-0.0416202,0.0977802,0.0977482,0.0977143,0.0976785,0.04,2.33039,2.12928,100,354.748
1775441656031,80,1,-0.0143556,-0.0393486,0.108043,0.108006,0.107967,0.107924,0.04,2.12928,2.07177,100,355.213
1775441656157,81,1,-0.0133223,-0.0415258,0.103472,0.103436,0.103398,0.103358,0.04,2.07177,2.05856,100,355.675
1775441656287,82,1,-0.0136526,-0.0405185,0.106234,0.106197,0.106158,0.106116,0.04,2.05856,2.05457,100,355.745
1775441656410,83,1,-0.0135599,-0.0410011,0.105338,0.105302,0.105263,0.105221,0.04,2.05457,2.06108,100,355.64
1775441656532,84,1,-0.0135449,-0.0404787,0.105665,0.105629,0.10559,0.105549,0.04,2.06108,2.04598,100,355.927
1775441656660,85,1,-0.0134026,-0.039671,0.10996,0.109921,0.10988,0.109836,0.04,2.04598,2.015,99,356.297
1775441656799,86,1,-0.0128199,-0.0414143,0.103064,0.103029,0.102991,0.102951,0.04,2.015,2.0208,99,356.795
1775441656917,87,1,-0.0128958,-0.0410844,0.10391,0.103874,0.103836,0.103796,0.04,2.0208,2.01726,99,357.357
1775441657041,88,1,-0.0126437,-0.0423502,0.0992204,0.0991868,0.0991513,0.0991138,0.04,2.01726,2.03333,100,357.753
1775441657181,89,1,-0.0118156,-0.0466691,0.0849225,0.0848956,0.0848675,0.0848381,0.04,2.03333,2.09064,100,358.027
1775441657304,90,1,-0.0114473,-0.0465561,0.0869378,0.0869097,0.0868802,0.0868494,0.04,2.09064,2.0625,100,358.392
1775441657413,91,1,-0.0108409,-0.0496372,0.0757078,0.0756852,0.0756616,0.0756372,0.04,2.0625,2.10214,100,358.039
1775441657539,92,1,-0.0101373,-0.0531185,0.0624186,0.0624022,0.0623853,0.0623679,0.04,2.10214,2.14558,100,358.086
1775441657655,93,1,-0.00896396,-0.0579652,0.0384275,0.0384207,0.0384139,0.0384069,0.04,2.14558,2.1918,100,358.294
1775441657762,94,1,-0.00788826,-0.0622857,0.0209281,0.0209259,0.0209237,0.0209216,0.04,2.1918,2.23157,100,357.786
1775441657879,95,1,-0.00729352,-0.0656512,0.00450193,0.00450182,0.00450172,0.00450161,0.04,2.23157,2.27888,100,357.812
1775441658000,96,1,-0.00619414,-0.0706346,0.0247437,0.0247471,0.0247504,0.0247537,0.04,2.27888,2.34092,100,357.938
1775441658120,97,1,-0.00497888,-0.0765369,0.0549056,0.0549236,0.0549412,0.0549584,0.04,2.34092,2.42138,100,357.884
1775441658236,98,1,-0.00455496,-0.0798789,0.0774134,0.0774504,0.0774866,0.0775218,0.04,2.42138,2.48604,100,358.054
1775441658356,99,1,-0.00368618,-0.0853754,0.106914,0.10699,0.107063,0.107133,0.04,2.48604,2.57934,100,358.009
1775441658476,100,1,-0.00241092,-0.09196,0.146828,0.14698,0.147127,0.147267,0.04,2.57934,2.6757,100,358.355
1775441658591,101,1,-0.00211805,-0.0936338,0.164893,0.165089,0.165275,0.165453,0.04,2.6757,2.7036,101,358.704
1775441658698,102,1,-0.00122177,-0.0982106,0.197475,0.197769,0.198047,0.19831,0.04,2.7036,2.77065,101,358.627
1775441658816,103,1,-0.000483307,-0.103473,0.239089,0.239541,0.239966,0.240364,0.04,2.77065,2.86858,101,358.802
1775441658948,104,1,0.000398206,-0.109087,0.278888,0.279535,0.280139,0.2807,0.04,2.86858,2.96587,101,358.451
1775441659058,105,1,0.00138359,-0.114645,0.324233,0.32515,0.325999,0.326781,0.04,2.96587,3.05539,101,358.794
1775441659175,106,1,0.00265416,-0.120207,0.358726,0.359902,0.360988,0.361981,0.04,3.05539,3.12361,101,358.896
1775441659289,107,1,0.00384623,-0.126913,0.407649,0.40925,0.410719,0.412051,0.04,3.12361,3.23048,101,359.49
1775441659423,108,1,0.00469898,-0.132341,0.454974,0.457052,0.458944,0.460647,0.04,3.23048,3.32603,102,359.656
1775441659568,109,1,0.00578025,-0.139662,0.513054,0.515839,0.518359,0.520608,0.04,3.32603,3.45871,102,359.605
1775441659667,110,1,0.00624402,-0.145492,0.571223,0.574813,0.578039,0.580889,0.04,3.45871,3.59377,102,359.829
1775441659771,111,1,0.00669905,-0.148276,0.608051,0.612191,0.615892,0.619139,0.04,3.59377,3.64364,102,359.762
1775441659948,112,1,0.0073655,-0.151933,0.647353,0.652158,0.656432,0.660157,0.04,3.64364,3.70294,102,359.625
1775441660081,113,1,0.00741622,-0.152705,0.679482,0.68479,0.689485,0.693542,0.04,3.70294,3.72556,102,358.976
1775441660195,114,1,0.00728536,-0.155358,0.739357,0.745731,0.751314,0.756072,0.04,3.72556,3.81607,102,358.059
1775441660311,115,1,0.00611674,-0.153585,0.761018,0.767673,0.773463,0.778352,0.04,3.81607,3.85232,103,357.806
1775441660434,116,1,0.00565245,-0.151193,0.792332,0.799402,0.805492,0.810561,0.04,3.85232,3.82478,103,357.438
1775441660556,117,1,0.00665567,-0.156121,0.872662,0.881493,0.889013,0.89516,0.04,3.82478,3.90193,103,355.672
1775441660668,118,1,0.00638735,-0.153568,0.903378,0.912643,0.920448,0.926727,0.04,3.90193,3.85641,103,354.92
1775441660771,119,1,0.0058626,-0.151101,0.94023,0.950053,0.958223,0.964667,0.04,3.85641,3.83188,103,353.282
1775441660879,120,1,0.00457242,-0.142686,0.949028,0.958397,0.966059,0.971941,0.04,3.83188,3.69468,102,352.45
1775441660988,121,1,0.00362385,-0.134731,0.952103,0.960935,0.968036,0.973338,0.04,3.69468,3.54538,102,352.015
1775441661093,122,1,0.00224482,-0.124826,0.967426,0.97577,0.982288,0.986918,0.04,3.54538,3.37499,102,350.595
1775441661210,123,1,0.00147148,-0.120732,0.989181,0.997557,1.00398,1.00837,0.04,3.37499,3.32106,102,349.869
1775441661310,124,1,0.00118409,-0.114387,1.0174,1.0257,1.03186,1.03582,0.04,3.32106,3.17375,101,348.429
1775441661430,125,1,0.000955725,-0.108576,1.03471,1.04276,1.04857,1.05206,0.04,3.17375,3.03498,101,347.626
1775441661543,126,1,-0.000950583,-0.0947354,1.03522,1.04209,1.0467,1.049,0.04,3.03498,2.79203,101,347.462
1775441661658,127,1,-0.00224869,-0.0854625,1.038,1.0441,1.04792,1.04942,0.04,2.79203,2.6311,100,346.896
1775441661781,128,1,-0.00386875,-0.07198,1.03611,1.04105,1.04371,1.04407,0.04,2.6311,2.37772,100,345.878
1775441661896,129,1,-0.0055713,-0.0576702,1.03669,1.04041,1.04186,1.04101,0.04,2.37772,2.10805,100,344.703
1775441662040,130,1,-0.00847526,-0.0383274,1.01435,1.01637,1.01626,1.01403,0.04,2.10805,1.78151,99,343.448
1775441662162,131,1,-0.0113083,-0.0177195,0.984958,0.985329,0.983763,0.980274,0.04,1.78151,1.41481,99,342.218
1775441662283,132,1,-0.013391,0.000551313,0.966589,0.965634,0.962858,0.958287,0.04,1.41481,1.06141,98,341.134
1775441662405,133,1,-0.0158832,0.0206873,0.930948,0.928735,0.924908,0.919501,0.04,1.06141,0.683016,98,340.77
1775441662525,134,1,-0.01824,0.0407691,0.898172,0.894876,0.890146,0.884019,0.04,0.683016,0.297332,97,341.318
1775441662632,135,1,-0.0193679,0.0551013,0.884637,0.880574,0.875153,0.868416,0.04,0.297332,-0.0145651,97,342.357
1775441662752,136,1,-0.0205362,0.0693843,0.856797,0.852184,0.84635,0.839336,0.04,-0.0145651,-0.324576,97,342.442
1775441662888,137,1,-0.0200487,0.0812538,0.849557,0.844354,0.837971,0.830454,0.04,-0.324576,-0.680427,96,342.183
1775441663017,138,1,-0.0202615,0.093976,0.835648,0.829922,0.823086,0.815185,0.04,-0.680427,-1.01202,96,342.872
1775441663132,139,1,-0.0187649,0.100487,0.845275,0.839041,0.831665,0.823199,0.04,-1.01202,-1.29004,95,343.133
1775441663277,140,1,-0.0173484,0.106508,0.853898,0.847182,0.839296,0.830298,0.04,-1.29004,-1.54941,95,344.365
1775441663391,141,1,-0.0161054,0.116793,0.854464,0.847139,0.838656,0.829076,0.04,-1.54941,-1.91335,95,346.499
1775441663520,142,1,-0.0152645,0.123271,0.858336,0.85056,0.841619,0.831578,0.04,-1.91335,-2.14611,94,347.813
1775441663643,143,1,-0.0155559,0.135975,0.847885,0.839568,0.830147,0.819687,0.04,-2.14611,-2.47123,94,349.315
1775441663766,144,1,-0.0155468,0.148069,0.835219,0.826473,0.816687,0.805929,0.04,-2.47123,-2.80091,93,350.221
1775441663891,145,1,-0.0155906,0.160769,0.815717,0.806695,0.796722,0.785862,0.04,-2.80091,-3.14436,93,351.037
1775441664005,146,1,-0.0153596,0.172692,0.803061,0.793689,0.783426,0.772337,0.04,-3.14436,-3.48472,92,352.217
1775441664111,147,1,-0.0131145,0.176172,0.820537,0.810548,0.799616,0.787812,0.04,-3.48472,-3.73129,92,353.233
1775441664258,148,1,-0.013462,0.187196,0.799075,0.789025,0.778121,0.766428,0.04,-3.73129,-4.00868,91,353.751
1775441664403,149,1,-0.0121807,0.197317,0.789346,0.779013,0.767871,0.755988,0.04,-4.00868,-4.37232,90,354.356
1775441664517,150,1,-0.0112068,0.20593,0.78043,0.769887,0.758577,0.746564,0.04,-4.37232,-4.67385,90,355.166
1775441664650,151,1,-0.00962989,0.212803,0.769485,0.758893,0.747575,0.735596,0.04,-4.67385,-4.97025,89,355.624
1775441664778,152,1,-0.0084183,0.220607,0.758225,0.747557,0.736209,0.72424,0.04,-4.97025,-5.26663,88,355.97
1775441664946,153,1,-0.0070536,0.226558,0.745558,0.734962,0.723727,0.711912,0.04,-5.26663,-5.52367,87,356.175
1775441665070,154,1,-0.00551852,0.239121,0.70635,0.696304,0.68573,0.674677,0.04,-5.52367,-5.97515,86,357.103
1775441665196,155,1,-0.0042385,0.240784,0.709509,0.699298,0.688554,0.677328,0.04,-5.97515,-6.10809,85,357.558
1775441665302,156,1,-0.00162232,0.242216,0.722132,0.711484,0.700276,0.688565,0.04,-6.10809,-6.32556,85,357.702
1775441665429,157,1,-0.000179384,0.243517,0.718764,0.708156,0.696999,0.685347,0.04,-6.32556,-6.46086,84,358.116
1775441665557,158,1,0.000805989,0.24818,0.716766,0.706004,0.694705,0.682923,0.04,-6.46086,-6.65529,83,358.714
1775441665698,159,1,0.00389063,0.242526,0.762325,0.750424,0.73787,0.724731,0.04,-6.65529,-6.70869,83,359.422
1775441665813,160,1,0.00630789,0.239568,0.793296,0.780558,0.767081,0.752945,0.04,-6.70869,-6.791,83,360.7
1775441665925,161,1,0.00853724,0.234564,0.848302,0.834023,0.818834,0.802837,0.04,-6.791,-6.8016,83,362.136
1775441666099,162,1,0.00968342,0.232686,0.866685,0.851894,0.836129,0.819501,0.04,-6.8016,-6.82728,83,363.48
1775441666217,163,1,0.0125325,0.227379,0.93111,0.914395,0.896467,0.877468,0.04,-6.82728,-6.87112,83,365.479
1775441666351,164,1,0.0127931,0.230486,0.930226,0.91331,0.895193,0.87602,0.04,-6.87112,-6.97331,82,366.599
1775441666493,165,1,0.0138883,0.230166,0.965424,0.947204,0.927646,0.90692,0.04,-6.97331,-7.03525,82,368.107
1775441666625,166,1,0.015176,0.232862,0.972351,0.953641,0.933576,0.912332,0.04,-7.03525,-7.19608,81,369.887
1775441666764,167,1,0.0150729,0.237185,0.949475,0.93131,0.911895,0.891393,0.04,-7.19608,-7.30921,81,370.971
1775441666890,168,1,0.0132852,0.250372,0.85868,0.843012,0.826446,0.809093,0.04,-7.30921,-7.55552,80,372.541
1775441667023,169,1,0.0131856,0.256941,0.817869,0.803281,0.787929,0.771906,0.04,-7.55552,-7.7322,79,373.417
1775441667180,170,1,0.0123414,0.267156,0.747652,0.734972,0.721722,0.70797,0.04,-7.7322,-7.96035,78,375.089
1775441667302,171,1,0.0122352,0.272433,0.715038,0.703205,0.69088,0.678121,0.04,-7.96035,-8.10052,77,376.174
1775441667412,172,1,0.0121859,0.275553,0.703403,0.691813,0.67976,0.667298,0.04,-8.10052,-8.18321,77,376.739
1775441667551,173,1,0.0122729,0.277209,0.671525,0.660903,0.649878,0.638495,0.04,-8.18321,-8.23862,76,376.948
1775441667679,174,1,0.0117356,0.280802,0.638645,0.628911,0.618833,0.608449,0.04,-8.23862,-8.30352,76,377.436
1775441667833,175,1,0.0123191,0.277171,0.653425,0.643374,0.632951,0.622197,0.04,-8.30352,-8.24346,76,377.69
1775441667961,176,1,0.0118148,0.275695,0.658069,0.647933,0.637414,0.626556,0.04,-8.24346,-8.16805,77,377.741
1775441668091,177,1,0.0126779,0.269011,0.691309,0.680406,0.669052,0.657296,0.04,-8.16805,-8.04202,77,377.296
1775441668212,178,1,0.013674,0.26273,0.741505,0.729257,0.716443,0.70313,0.04,-8.04202,-7.93358,78,377.403
1775441668362,179,1,0.0136537,0.259483,0.773681,0.760508,0.74669,0.732302,0.04,-7.93358,-7.83971,78,377.382
1775441668481,180,1,0.0158572,0.244885,0.892339,0.875788,0.858215,0.83975,0.04,-7.83971,-7.57988,80,376.822
1775441668618,181,1,0.016151,0.240355,0.925339,0.907862,0.889236,0.869608,0.04,-7.57988,-7.47288,80,377.096
1775441668772,182,1,0.0160101,0.238197,0.927114,0.909732,0.891187,0.871627,0.04,-7.47288,-7.40449,80,376.808
1775441668897,183,1,0.0158685,0.2349,0.945259,0.927437,0.908373,0.888224,0.04,-7.40449,-7.30293,81,376.23
1775441669006,184,1,0.0145818,0.236561,0.939537,0.921805,0.902858,0.882852,0.04,-7.30293,-7.25986,81,376.238
1775441669123,185,1,0.0141519,0.235178,0.947992,0.930043,0.910842,0.890549,0.04,-7.25986,-7.19158,81,375.787
1775441669240,186,1,0.0143134,0.232352,0.947963,0.930237,0.91125,0.891159,0.04,-7.19158,-7.12626,82,374.786
1775441669357,187,1,0.0140759,0.230741,0.957161,0.939211,0.919959,0.899568,0.04,-7.12626,-7.06494,82,374.266
1775441669477,188,1,0.0136583,0.23179,0.948024,0.93034,0.911392,0.891338,0.04,-7.06494,-7.06578,82,374.009
1775441669601,189,1,0.0138065,0.230038,0.949104,0.931517,0.912655,0.892676,0.04,-7.06578,-7.02847,82,373.039
1775441669719,190,1,0.0128922,0.232806,0.932261,0.915093,0.896725,0.877304,0.04,-7.02847,-7.04265,82,372.127
1775441669856,191,1,0.0116685,0.237707,0.906504,0.889935,0.872274,0.853655,0.04,-7.04265,-7.09445,82,371.983
1775441670005,192,1,0.0109323,0.240849,0.883754,0.867804,0.850848,0.833009,0.04,-7.09445,-7.1319,82,372.336
1775441670146,193,1,0.0111009,0.2404,0.887264,0.871216,0.854149,0.836188,0.04,-7.1319,-7.13088,82,372.312
1775441670261,194,1,0.0108269,0.242773,0.868318,0.8528,0.836332,0.819029,0.04,-7.13088,-7.17888,81,372.83
1775441670380,195,1,0.0109115,0.241807,0.859592,0.844453,0.828388,0.811507,0.04,-7.17888,-7.15984,81,372.651
1775441670505,196,1,0.0107473,0.242385,0.85422,0.839235,0.823342,0.80665,0.04,-7.15984,-7.16491,81,372.857
1775441670627,197,1,0.0105351,0.243941,0.821778,0.807833,0.79308,0.777612,0.04,-7.16491,-7.19701,81,372.794
1775441670726,198,1,0.0116412,0.239919,0.837317,0.823081,0.807982,0.792118,0.04,-7.19701,-7.16235,81,372.249
1775441670861,199,1,0.0121804,0.238356,0.837522,0.823375,0.808361,0.792578,0.04,-7.16235,-7.15724,81,371.834
1775441670977,200,1,0.0135579,0.232554,0.874364,0.859313,0.843264,0.82633,0.04,-7.15724,-7.09008,82,371.31
1775441671094,201,1,0.0141026,0.229483,0.899886,0.884146,0.86731,0.849508,0.04,-7.09008,-7.04091,82,371.575
1775441671210,202,1,0.0147212,0.225421,0.927878,0.911428,0.893769,0.875043,0.04,-7.04091,-6.9697,82,372.001
1775441671338,203,1,0.0144074,0.226386,0.91863,0.902442,0.885082,0.866687,0.04,-6.9697,-6.97547,82,372.167
1775441671453,204,1,0.0155437,0.219477,0.972684,0.955059,0.936028,0.915758,0.04,-6.97547,-6.85926,83,372.532
1775441671580,205,1,0.0149579,0.221636,0.962127,0.944719,0.925955,0.905997,0.04,-6.85926,-6.87873,83,372.692
1775441671711,206,1,0.0163816,0.214402,1.03658,1.01697,0.995661,0.972848,0.04,-6.87873,-6.7707,83,372.644
1775441671826,207,1,0.0161583,0.215719,1.01708,0.998106,0.977519,0.955514,0.04,-6.7707,-6.79366,83,373.122
1775441671942,208,1,0.0149483,0.220889,0.983699,0.965547,0.945948,0.925076,0.04,-6.79366,-6.85478,83,373.417
1775441672059,209,1,0.0146658,0.222326,0.954649,0.937461,0.91895,0.899273,0.04,-6.85478,-6.87829,83,374.113
1775441672169,210,1,0.0140078,0.226436,0.880999,0.86613,0.850222,0.833392,0.04,-6.87829,-6.9546,82,374.843
1775441672278,211,1,0.015575,0.217439,1.02321,1.00385,0.982851,0.960422,0.04,-6.9546,-6.79912,83,376.461
1775441672389,212,1,0.0152808,0.218706,1.02808,1.00842,0.987098,0.964335,0.04,-6.79912,-6.81238,83,377.042
1775441672497,213,1,0.0142261,0.225879,0.862371,0.848171,0.832993,0.816944,0.04,-6.81238,-6.95727,82,378.106
1775441672614,214,1,0.0140337,0.226636,0.848013,0.834242,0.819542,0.804012,0.04,-6.95727,-6.96656,82,378.531
1775441672728,215,1,0.014139,0.226058,0.821956,0.809066,0.795327,0.780824,0.04,-6.96656,-6.96197,82,379.028
1775441672826,216,1,0.0136366,0.228781,0.796165,0.783934,0.770934,0.757241,0.04,-6.96197,-7.00467,82,380.136
1775441672922,217,1,0.0114118,0.241256,0.511366,0.506091,0.500612,0.494941,0.04,-7.00467,-7.23049,81,380.337
1775441673039,218,1,0.0122768,0.236503,0.548496,0.542545,0.536341,0.529899,0.04,-7.23049,-7.15618,81,380.546
1775441673149,219,1,0.0118352,0.239897,0.319814,0.317779,0.315692,0.313556,0.04,-7.15618,-7.25207,81,380.845
1775441673298,220,1,0.0105597,0.248555,0.0668165,0.0669075,0.0669979,0.0670879,0.04,-7.25207,-7.43733,80,380.91
1775441673411,221,1,0.0123239,0.238409,0.192422,0.193139,0.193843,0.194535,0.04,-7.43733,-7.26475,81,381.204
1775441673528,222,1,0.0150458,0.221341,0.0655624,0.0656395,0.0657161,0.0657922,0.04,-7.26475,-7.01163,82,381.033
1775441673646,223,1,0.0141939,0.226287,1.06735,1.08728,1.10494,1.12011,0.04,-7.01163,-6.92145,82,380.37
1775441673758,224,1,0.0218501,0.242841,0.825952,0.811929,0.797084,0.78151,0.04,-6.92145,-7.94773,78,350
1775441673868,225,1,0.0231948,0.238954,0.853039,0.838317,0.822681,0.806238,0.04,-7.94773,-7.93148,78,350
1775441673979,226,1,0.0250266,0.23255,0.905373,0.889217,0.871956,0.853722,0.04,-7.93148,-7.87718,78,350
1775441674090,227,1,0.02755,0.222845,0.978134,0.960029,0.940508,0.919743,0.04,-7.87718,-7.7784,79,350
1775441674200,228,1,0.0284862,0.220831,1.01044,0.991274,0.970541,0.94844,0.04,-7.7784,-7.7839,79,350
1775441674313,229,1,0.031134,0.210954,1.10095,1.07913,1.05526,1.02961,0.04,-7.7839,-7.68664,79,350
1775441674414,230,1,0.0329123,0.203381,1.17813,1.15395,1.12723,1.09832,0.04,-7.68664,-7.59357,80,350
1775441674515,231,1,0.0341111,0.197348,1.24016,1.21407,1.185,1.15335,0.04,-7.59357,-7.50436,80,350
1775441674618,232,1,0.0362532,0.187513,1.36125,1.33115,1.29707,1.25958,0.04,-7.50436,-7.36922,81,350
1775441674739,233,1,0.036706,0.184996,1.42174,1.38923,1.35218,1.31127,0.04,-7.36922,-7.32404,81,350
1775441674863,234,1,0.0374798,0.180302,1.50164,1.46611,1.4252,1.37977,0.04,-7.32404,-7.23944,81,350
1775441674990,235,1,0.0389231,0.172077,1.62436,1.58429,1.53738,1.48476,0.04,-7.23944,-7.09976,82,350
1775441675109,236,1,0.039293,0.16959,1.71902,1.67451,1.62192,1.56267,0.04,-7.09976,-7.04531,82,350
1775441675219,237,1,0.0418315,0.158041,1.88359,1.83297,1.77163,1.70153,0.04,-7.04531,-6.88589,83,350
1775441675334,238,1,0.0421884,0.156034,1.97554,1.92018,1.8525,1.77489,0.04,-6.88589,-6.84419,83,350
1775441675474,239,1,0.0428849,0.153944,2.08584,2.02445,1.94865,1.86138,0.04,-6.84419,-6.82151,83,350
1775441675592,240,1,0.0437799,0.151735,2.2294,2.15954,2.07224,1.97135,0.04,-6.82151,-6.80537,83,350
1775441675704,241,1,0.0425397,0.159068,2.29905,2.22136,2.125,2.01443,0.04,-6.80537,-6.9103,82,350
1775441675842,242,1,0.0417687,0.16478,2.32048,2.23878,2.13819,2.02344,0.04,-6.9103,-7.00961,82,350
1775441675949,243,1,0.0396768,0.178317,2.35131,2.26126,2.15233,2.02968,0.04,-7.00961,-7.22922,81,350
1775441676089,244,1,0.0388403,0.188401,2.35061,2.2561,2.14327,2.01741,0.04,-7.22922,-7.44547,80,350
1775441676236,245,1,0.036414,0.209602,2.30716,2.20702,2.09062,1.96313,0.04,-7.44547,-7.859,78,350
1775441676355,246,1,0.0317463,0.241914,2.14615,2.04751,1.93701,1.81886,0.04,-7.859,-8.43314,75,350
1775441676473,247,1,0.0265549,0.276154,1.93427,1.84345,1.745,1.64189,0.04,-8.43314,-9.02912,72,350
1775441676591,248,1,0.0194142,0.321086,1.62722,1.55242,1.474,1.3936,0.04,-9.02912,-9.79185,72,350
1775441676709,249,1,0.0169803,0.344376,1.44447,1.38099,1.31533,1.24858,0.04,-9.79185,-10.2774,72,350
1775441676830,250,1,0.0109118,0.385546,1.12336,1.07976,1.03549,0.990993,0.04,-10.2774,-11.0143,72,350
1775441676946,251,1,0.00480217,0.427083,0.784347,0.760274,0.736123,0.712009,0.04,-11.0143,-11.7615,72,350
1775441677077,252,1,-0.0011892,0.468921,0.439355,0.43081,0.422283,0.413788,0.04,-11.7615,-12.5277,72,350
1775441677213,253,1,-0.00496382,0.501079,0.160069,0.158822,0.157578,0.156336,0.04,-12.5277,-13.1778,72,350
1775441677332,254,1,-0.00551392,0.516238,0.00372937,0.00373008,0.00373079,0.0037315,0.04,-13.1778,-13.574,72,350
1775441677464,255,1,-0.00386452,0.520109,0.103609,0.104162,0.104716,0.105271,0.04,-13.574,-13.7764,72,350
1775441677585,256,1,0.000163913,0.511394,0.127344,0.128159,0.128975,0.129792,0.04,-13.7764,-13.8151,72,350
1775441677710,257,1,0.00446508,0.5004,0.132299,0.133151,0.134003,0.134857,0.04,-13.8151,-13.814,72,350
1775441677820,258,1,0.0104912,0.481644,0.0776433,0.0779207,0.0781981,0.0784757,0.04,-13.814,-13.7319,72,350
1775441677929,259,1,0.0142195,0.47068,0.0700701,0.0702888,0.0705074,0.0707261,0.04,-13.7319,-13.6941,72,350
1775441678045,260,1,0.017922,0.457859,0.0532324,0.0533538,0.0534752,0.0535966,0.04,-13.6941,-13.6058,72,350
1775441678161,261,1,0.0215609,0.448149,0.0807832,0.0810547,0.0813261,0.0815973,0.04,-13.6058,-13.59,72,350
1775441678290,262,1,0.0243302,0.439037,0.0633302,0.0634925,0.0636546,0.0638167,0.04,-13.59,-13.5377,72,350
1775441678400,263,1,0.0277282,0.427565,0.0635606,0.0637184,0.063876,0.0640335,0.04,-13.5377,-13.4621,72,350
1775441678537,264,1,0.0305781,0.416284,0.052358,0.0524613,0.0525646,0.0526677,0.04,-13.4621,-13.3557,72,350
1775441678662,265,1,0.0337316,0.402892,0.0386551,0.0387091,0.0387631,0.038817,0.04,-13.3557,-13.2135,72,350
1775441678773,266,1,0.0356648,0.394308,0.0496853,0.049772,0.0498587,0.0499452,0.04,-13.2135,-13.1131,72,350
1775441678897,267,1,0.0373723,0.387883,0.0673568,0.0675129,0.0676687,0.0678243,0.04,-13.1131,-13.0545,72,350
1775441679045,268,1,0.0399074,0.378094,0.0817788,0.0820016,0.0822238,0.0824455,0.04,-13.0545,-12.9626,72,350
1775441679163,269,1,0.0429411,0.363046,0.0909141,0.0911757,0.0914365,0.0916966,0.04,-12.9626,-12.7637,72,350
1775441679300,270,1,0.0454891,0.34935,0.0603755,0.0604856,0.0605955,0.0607052,0.04,-12.7637,-12.5743,72,350
1775441679430,271,1,0.0462183,0.341866,0.083568,0.0837734,0.0839781,0.0841821,0.04,-12.5743,-12.4186,72,350
1775441679537,272,1,0.0483858,0.328704,0.0926568,0.0928976,0.0931375,0.0933763,0.04,-12.4186,-12.2109,72,350
1775441679653,273,1,0.0494218,0.321394,0.0913164,0.0915442,0.0917709,0.0919967,0.04,-12.2109,-12.085,72,350
1775441679771,274,1,0.0498107,0.315661,0.108669,0.108984,0.109298,0.10961,0.04,-12.085,-11.9541,72,350
1775441679972,275,1,0.0517046,0.299691,0.0745113,0.074651,0.0747902,0.0749288,0.04,-11.9541,-11.6587,72,350
1775441680085,276,1,0.0534387,0.282389,0.093063,0.0932665,0.0934688,0.0936699,0.04,-11.6587,-11.3077,72,350
1775441680213,277,1,0.0542421,0.273462,0.0941013,0.0943019,0.0945012,0.0946992,0.04,-11.3077,-11.1216,72,350
1775441680363,278,1,0.0540637,0.265905,0.106449,0.106697,0.106944,0.107189,0.04,-11.1216,-10.9031,72,350
1775441680477,279,1,0.056381,0.240955,0.0719348,0.0720367,0.0721379,0.0722385,0.04,-10.9031,-10.3942,72,350
1775441680590,280,1,0.0568599,0.23084,0.0606754,0.0607445,0.0608133,0.0608817,0.04,-10.3942,-10.1555,72,350
1775441680700,281,1,0.0572248,0.219868,0.0583055,0.058366,0.0584262,0.0584861,0.04,-10.1555,-9.88449,72,350
1775441680812,282,1,0.0583033,0.205995,0.0280937,0.0281068,0.0281199,0.028133,0.04,-9.88449,-9.58875,72,350
1775441680932,283,1,0.0586691,0.192569,0.0163852,0.0163893,0.0163935,0.0163976,0.04,-9.58875,-9.25293,72,350
1775441681074,284,1,0.0582169,0.182385,0.0117853,0.0117873,0.0117893,0.0117913,0.04,-9.25293,-8.94712,72,350
1775441681195,285,1,0.0583208,0.169468,0.00366323,0.00366304,0.00366286,0.00366268,0.04,-8.94712,-8.60642,74,350
1775441681304,286,1,0.0584363,0.155573,0.0165988,0.0165954,0.016592,0.0165886,0.04,-8.60642,-8.23672,76,350
1775441681399,287,1,0.0589719,0.13665,0.0669141,0.0668653,0.066816,0.0667661,0.04,-8.23672,-7.75423,79,350
1775441681492,288,1,0.0608887,0.114221,0.149526,0.149321,0.14911,0.148893,0.04,-7.75423,-7.26719,81,350
1775441681588,289,1,0.0619318,0.0956714,0.212227,0.211879,0.211513,0.211127,0.04,-7.26719,-6.82784,83,350
1775441681713,290,1,0.0640132,0.0740744,0.290464,0.28995,0.289387,0.288777,0.04,-6.82784,-6.37536,84,350
1775441681810,291,1,0.0654585,0.0520021,0.372212,0.371597,0.370879,0.370059,0.04,-6.37536,-5.86557,86,350
1775441681920,292,1,0.0663715,0.0364967,0.433017,0.432401,0.431622,0.430681,0.04,-5.86557,-5.49979,87,350
1775441682071,293,1,0.0675229,0.0228882,0.484942,0.484407,0.483642,0.48265,0.04,-5.49979,-5.20315,88,350
1775441682181,294,1,0.0691511,0.00303419,0.57442,0.574149,0.573496,0.572461,0.04,-5.20315,-4.76467,89,350
1775441682299,295,1,0.0703206,-0.0109861,0.641006,0.641091,0.640642,0.63966,0.04,-4.76467,-4.45575,90,350
1775441682406,296,1,0.0707408,-0.0202279,0.689194,0.689612,0.689365,0.688454,0.04,-4.45575,-4.22722,91,350
1775441682512,297,1,0.0715878,-0.0318809,0.756098,0.757082,0.757188,0.756413,0.04,-4.22722,-3.95998,91,350
1775441682620,298,1,0.0719562,-0.0360546,0.778641,0.779869,0.780137,0.779442,0.04,-3.95998,-3.86893,91,350
1775441682738,299,1,0.0724168,-0.0442436,0.830574,0.832379,0.833016,0.832482,0.04,-3.86893,-3.67105,92,350
1775441682854,300,1,0.0724026,-0.0483792,0.874909,0.877125,0.877977,0.877457,0.04,-3.67105,-3.55118,92,350
1775441682978,301,1,0.0719831,-0.0506815,0.910313,0.912833,0.913814,0.91325,0.04,-3.55118,-3.45436,92,350
1775441683091,302,1,0.0702742,-0.0478739,0.922229,0.924617,0.925406,0.924589,0.04,-3.45436,-3.41048,92,350
1775441683190,303,1,1.80052,-1.48267,0.0273913,0.0365341,0.0502274,0.0716792,0.04,-3.41048,-28,72,380.37
1775441683304,304,1,2.75946,-1.5123,0.011412,0.0149783,0.0201973,0.0281466,0.04,-28,-28,72,380.37
1775441683430,305,1,0.485727,-1.0475,0.65661,0.786993,0.949775,1.15363,0.04,-28,-5.02975,89,380.37
1775441683536,306,1,0.464655,-1.02545,0.712272,0.852557,1.02689,1.24387,0.04,-5.02975,-4.15815,91,380.37
1775441683637,307,1,0.425692,-0.96551,0.83295,0.984642,1.16875,1.39164,0.04,-4.15815,-3.06889,93,380.37
1775441683746,308,1,0.405691,-0.936825,0.890207,1.046,1.23294,1.45625,0.04,-3.06889,-2.45491,94,380.37
1775441683845,309,1,0.38756,-0.915027,0.942063,1.10351,1.29584,1.52358,0.04,-2.45491,-1.78314,95,380.37
1775441683955,310,1,0.272867,-0.729304,1.36596,1.5506,1.75523,1.9778,0.04,-1.78314,1.17729,98,380.37
1775441684069,311,1,0.220047,-0.604541,1.5455,1.70657,1.87492,2.04654,0.04,1.17729,1.46132,99,380.37
1775441684171,312,1,0.273763,-0.738237,1.38355,1.57862,1.79618,2.03415,0.04,1.46132,1.36501,99,380.37
1775441684273,313,1,0.292941,-0.783487,1.31388,1.51713,1.74895,2.00884,0.04,1.36501,1.26116,98,380.37
1775441684395,314,1,0.288447,-0.774001,1.3468,1.55412,1.78981,2.05289,0.04,1.26116,1.32107,99,380.37
1775441684525,315,1,0.274517,-0.742337,1.42838,1.63946,1.87617,2.13606,0.04,1.32107,1.43828,99,380.37
1775441684642,316,1,0.24991,-0.68208,1.55537,1.76291,1.989,2.22908,0.04,1.43828,1.52114,99,380.37
1775441684778,317,1,0.227146,-0.627212,1.68132,1.88629,2.10358,2.32695,0.04,1.52114,1.62344,99,380.37
1775441684903,318,1,0.218247,-0.605216,1.75883,1.96861,2.18849,2.41119,0.04,1.62344,1.6552,99,380.37
1775441685051,319,1,0.199455,-0.556527,1.87776,2.08347,2.29317,2.4984,0.04,1.6552,1.64919,99,380.37
1775441685169,320,1,0.189354,-0.52744,1.97095,2.17783,2.38483,2.58252,0.04,1.64919,1.57253,99,380.37
1775441685297,321,1,0.173006,-0.477402,2.05987,2.25221,2.43825,2.6086,0.04,1.57253,1.35337,99,380.37
1775441685412,322,1,0.158651,-0.43429,2.15163,2.33323,2.50301,2.65161,0.04,1.35337,1.1862,98,496.799
1775441685550,323,1,0.139439,-0.368319,2.19398,2.34313,2.47502,2.58221,0.04,1.1862,0.721501,98,471.726
1775441685670,324,1,0.114544,-0.280559,2.17336,2.27547,2.35759,2.41537,0.04,0.721501,0.0467083,97,440.802
1775441685787,325,1,0.0944653,-0.203239,2.09864,2.16231,2.20692,2.23035,0.04,0.0467083,-0.682097,96,417.264
1775441685911,326,1,0.0799833,-0.142944,2.01447,2.05245,2.07338,2.07637,0.04,-0.682097,-1.33363,95,398.247
1775441686038,327,1,0.0694905,-0.0968759,1.91465,1.93551,1.9418,1.93329,0.04,-1.33363,-1.87521,95,386.493
1775441686166,328,1,0.0534403,-0.0262962,1.7184,1.71931,1.70994,1.69059,0.04,-1.87521,-2.71116,93,370.99
1775441686265,329,1,0.0293543,0.0861442,1.25879,1.24613,1.22972,1.20982,0.04,-2.71116,-4.1623,91,349.951
1775441686379,330,1,0.0268712,0.102008,1.20627,1.1929,1.17628,1.15664,0.04,-4.1623,-4.42799,90,347.669
1775441686495,331,1,0.0262343,0.117309,1.18447,1.1699,1.15231,1.13194,0.04,-4.42799,-4.80141,89,345.464
1775441686617,332,1,0.0271901,0.126138,1.19979,1.18381,1.16473,1.14282,0.04,-4.80141,-5.10422,88,344.397
1775441686738,333,1,0.0261698,0.141652,1.1796,1.16244,1.14241,1.11975,0.04,-5.10422,-5.45668,87,342.251
1775441686854,334,1,0.0264341,0.150768,1.16989,1.15202,1.13137,1.10823,0.04,-5.45668,-5.72313,87,340.727
1775441686977,335,1,0.0255003,0.162637,1.12871,1.11089,1.09062,1.06815,0.04,-5.72313,-5.98584,86,339.309
1775441687088,336,1,0.0252725,0.174919,1.10736,1.08899,1.06836,1.0457,0.04,-5.98584,-6.30561,85,337.592
1775441687207,337,1,0.024753,0.182682,1.08613,1.06772,1.0472,1.0248,0.04,-6.30561,-6.48293,84,337.16
1775441687312,338,1,0.0247526,0.191146,1.05762,1.0394,1.01926,0.997419,0.04,-6.48293,-6.71602,83,336.136
1775441687446,339,1,0.0240701,0.20265,1.00332,0.985995,0.967063,0.946705,0.04,-6.71602,-6.98798,82,335.409
1775441687566,340,1,0.0231942,0.214188,0.95778,0.94112,0.923096,0.903862,0.04,-6.98798,-7.24626,81,334.55
1775441687688,341,1,0.0222119,0.223563,0.891465,0.876431,0.860316,0.843238,0.04,-7.24626,-7.44164,80,333.898
1775441687812,342,1,0.0219783,0.230311,0.855372,0.841122,0.82593,0.809898,0.04,-7.44164,-7.6133,79,333.77
1775441687937,343,1,0.0211226,0.239656,0.780719,0.768383,0.755342,0.741669,0.04,-7.6133,-7.81781,78,333.725
1775441688060,344,1,0.0196936,0.248749,0.718067,0.707239,0.695873,0.684022,0.04,-7.81781,-7.97425,78,333.852
1775441688179,345,1,0.0194521,0.251315,0.683796,0.673882,0.663504,0.652707,0.04,-7.97425,-8.03202,77,333.769
1775441688288,346,1,0.0199347,0.251275,0.662467,0.65317,0.64345,0.633346,0.04,-8.03202,-8.06739,77,333.7
1775441688414,347,1,0.0198919,0.252335,0.630899,0.622439,0.613612,0.604452,0.04,-8.06739,-8.09774,77,334.44
1775441688538,348,1,0.0189652,0.254236,0.599964,0.592259,0.58424,0.575934,0.04,-8.09774,-8.08976,77,335.321
1775441688663,349,1,0.0189316,0.252612,0.573446,0.566462,0.559201,0.551687,0.04,-8.08976,-8.04746,77,336.696
1775441688777,350,1,0.0180436,0.253167,0.536142,0.530031,0.523693,0.517145,0.04,-8.04746,-8.0067,78,337.507
1775441688907,351,1,0.0172554,0.253718,0.519157,0.513417,0.507471,0.501334,0.04,-8.0067,-7.96974,78,338.804
1775441689034,352,1,0.017668,0.249075,0.52802,0.522197,0.516155,0.509908,0.04,-7.96974,-7.87136,78,340.097
1775441689180,353,1,0.0167079,0.247652,0.524132,0.518431,0.512514,0.506396,0.04,-7.87136,-7.76719,79,341.234
1775441689323,354,1,0.0158243,0.246564,0.522907,0.517259,0.511396,0.505333,0.04,-7.76719,-7.67695,79,342.946
1775441689477,355,1,0.0164043,0.238673,0.574238,0.567646,0.560764,0.553615,0.04,-7.67695,-7.49595,80,345.138
1775441689594,356,1,0.0162547,0.234298,0.603342,0.596197,0.588714,0.580919,0.04,-7.49595,-7.36297,81,346.761
1775441689721,357,1,0.0162737,0.230719,0.611431,0.604208,0.596631,0.588726,0.04,-7.36297,-7.26629,81,347.693
1775441689864,358,1,0.0172151,0.217064,0.720124,0.710677,0.700639,0.690058,0.04,-7.26629,-6.94592,82,349.159
1775441689980,359,1,0.018897,0.204435,0.787034,0.776388,0.764953,0.752795,0.04,-6.94592,-6.71056,83,349.763
1775441690095,360,1,0.0191924,0.19908,0.826474,0.815022,0.80265,0.789437,0.04,-6.71056,-6.58032,84,350.642
1775441690248,361,1,0.0189517,0.190292,0.894707,0.881834,0.86778,0.852651,0.04,-6.58032,-6.31603,85,352.009
1775441690379,362,1,0.0205648,0.178805,0.97618,0.961704,0.945671,0.928225,0.04,-6.31603,-6.10475,85,352.926
1775441690513,363,1,0.0215776,0.172726,1.01321,0.9981,0.981234,0.962777,0.04,-6.10475,-6.00478,86,353.974
1775441690642,364,1,0.0224403,0.168544,1.06494,1.04859,1.03019,1.00995,0.04,-6.00478,-5.9437,86,354.899
1775441690779,365,1,0.0226036,0.16709,1.10125,1.08387,1.06423,1.04256,0.04,-5.9437,-5.91041,86,356.075
1775441690904,366,1,0.0224931,0.168394,1.1154,1.09742,1.0771,1.05468,0.04,-5.91041,-5.93605,86,356.836
1775441691035,367,1,0.0235733,0.164458,1.15547,1.13656,1.11504,1.09118,0.04,-5.93605,-5.89836,86,357.361
1775441691165,368,1,0.0237761,0.165881,1.17954,1.15965,1.13699,1.11186,0.04,-5.89836,-5.94745,86,358.071
1775441691295,369,1,0.0230311,0.172042,1.17268,1.15233,1.12929,1.10386,0.04,-5.94745,-6.06377,86,358.974
1775441691417,370,1,0.0221653,0.178002,1.16863,1.14775,1.12424,1.0984,0.04,-6.06377,-6.16595,85,359.387
1775441691531,371,1,0.0220623,0.181451,1.16733,1.14611,1.12229,1.09617,0.04,-6.16595,-6.25239,85,359.702
1775441691644,372,1,0.0214839,0.186043,1.16918,1.14736,1.12296,1.09629,0.04,-6.25239,-6.33652,85,360.473
1775441691779,373,1,0.0202419,0.194074,1.14592,1.12411,1.0999,1.07359,0.04,-6.33652,-6.47145,84,361.018
1775441691901,374,1,0.0194362,0.199962,1.12813,1.10638,1.08237,1.05638,0.04,-6.47145,-6.57775,84,362.233
1775441692032,375,1,0.0198065,0.201841,1.13831,1.11595,1.09128,1.06459,0.04,-6.57775,-6.65275,83,363.328
1775441692186,376,1,0.0192936,0.208057,1.10111,1.07959,1.05599,1.0306,0.04,-6.65275,-6.79081,83,364.566
1775441692336,377,1,0.0192155,0.213533,1.11608,1.09337,1.06854,1.04187,0.04,-6.79081,-6.93156,82,365.997
1775441692470,378,1,0.0187779,0.219632,1.08907,1.06685,1.04269,1.01684,0.04,-6.93156,-7.07023,82,368.205
1775441692604,379,1,0.0184155,0.224609,1.09481,1.07183,1.04691,1.02032,0.04,-7.07023,-7.17914,81,369.474
1775441692735,380,1,0.0176928,0.236343,1.01696,0.996145,0.973804,0.95015,0.04,-7.17914,-7.45771,80,370.734
1775441692851,381,1,0.0178036,0.239059,1.02855,1.00699,0.983876,0.959421,0.04,-7.45771,-7.53728,80,371.991
1775441692970,382,1,0.0175862,0.246114,0.971719,0.951933,0.930849,0.908647,0.04,-7.53728,-7.72117,79,372.799
1775441693106,383,1,0.018064,0.249043,0.967699,0.947836,0.926701,0.904476,0.04,-7.72117,-7.83399,78,373.814
1775441693234,384,1,0.0164799,0.258043,0.911118,0.892876,0.873596,0.853423,0.04,-7.83399,-7.97614,78,374.617
1775441693354,385,1,0.0163703,0.258915,0.88527,0.868001,0.849779,0.830735,0.04,-7.97614,-7.99588,78,375.212
1775441693475,386,1,0.0162722,0.26173,0.869358,0.852521,0.834788,0.816281,0.04,-7.99588,-8.06752,77,375.407
1775441693615,387,1,0.0164143,0.261375,0.900672,0.882608,0.863551,0.843643,0.04,-8.06752,-8.0633,77,376.61
1775441693718,388,1,0.0170036,0.260465,0.918258,0.899541,0.879771,0.8591,0.04,-8.0633,-8.07687,77,377.787
1775441693846,389,1,0.0170525,0.260384,0.910794,0.89239,0.872957,0.852643,0.04,-8.07687,-8.0791,77,378.51
1775441693984,390,1,0.0170888,0.259747,0.914925,0.8964,0.87683,0.856365,0.04,-8.0791,-8.06379,77,379.711
1775441694110,391,1,0.0159518,0.262578,0.941625,0.921759,0.900771,0.87883,0.04,-8.06379,-8.05814,77,381.008
1775441694218,392,1,0.0168211,0.25634,1.00853,0.986265,0.962603,0.937763,0.04,-8.05814,-7.94001,78,381.706
1775441694331,393,1,0.0176424,0.25091,1.07404,1.04929,1.02284,0.994968,0.04,-7.94001,-7.84062,78,382.535
1775441694430,394,1,0.0174063,0.248688,1.12288,1.09603,1.06724,1.03683,0.04,-7.84062,-7.75743,79,383.313
1775441694529,395,1,0.0175509,0.245382,1.16516,1.13661,1.10587,1.07333,0.04,-7.75743,-7.67212,79,384.082
1775441694636,396,1,0.0183913,0.240924,1.20214,1.17227,1.13999,1.1057,0.04,-7.67212,-7.60437,79,384.677
1775441694763,397,1,0.0174208,0.243422,1.20442,1.17412,1.14141,1.10671,0.04,-7.60437,-7.6047,79,384.952
1775441694891,398,1,0.0172493,0.241183,1.25083,1.21841,1.18328,1.14593,0.04,-7.6047,-7.52594,80,385.311
1775441695032,399,1,0.0178152,0.237673,1.32254,1.28673,1.24773,1.20613,0.04,-7.52594,-7.46028,80,385.355
1775441695182,400,1,0.0153272,0.247491,1.25466,1.22116,1.18498,1.14665,0.04,-7.46028,-7.56351,80,384.855
1775441695279,401,1,0.0152902,0.247187,1.24849,1.21537,1.17961,1.14171,0.04,-7.56351,-7.55358,80,385.351
1775441695388,402,1,0.0134348,0.253294,1.21272,1.18071,1.14633,1.11001,0.04,-7.55358,-7.5957,80,385.401
1775441695502,403,1,0.013522,0.251427,1.22011,1.18794,1.15335,1.11678,0.04,-7.5957,-7.5502,80,385.239
1775441695632,404,1,0.0134293,0.251419,1.23125,1.19849,1.16323,1.12595,0.04,-7.5502,-7.54207,80,385.384
1775441695760,405,1,0.0123574,0.257736,1.17083,1.14049,1.10803,1.07386,0.04,-7.54207,-7.64727,79,385.808
1775441695861,406,1,0.0125334,0.256519,1.16768,1.13765,1.10552,1.07166,0.04,-7.64727,-7.62695,79,385.891
1775441695998,407,1,0.0120878,0.25685,1.17642,1.14589,1.11321,1.07878,0.04,-7.62695,-7.60394,79,386.571
1775441696095,408,1,0.01085,0.261864,1.1269,1.09836,1.06796,1.03602,0.04,-7.60394,-7.66098,79,387.076
1775441696216,409,1,0.0105918,0.262172,1.12172,1.09341,1.06326,1.03161,0.04,-7.66098,-7.65221,79,387.668
1775441696318,410,1,0.00998405,0.265436,1.08576,1.05892,1.03042,1.00056,0.04,-7.65221,-7.70354,79,388.669
1775441696440,411,1,0.00935803,0.267122,1.08812,1.06098,1.03219,1.00203,0.04,-7.70354,-7.70565,79,389.502
1775441696548,412,1,0.00827488,0.271712,1.05621,1.0302,1.00269,0.973956,0.04,-7.70565,-7.75951,79,390.469
1775441696666,413,1,0.00813629,0.272263,1.0637,1.03726,1.00929,0.980082,0.04,-7.75951,-7.76383,79,390.936
1775441696784,414,1,0.00719795,0.276328,1.04191,1.01616,0.988984,0.960658,0.04,-7.76383,-7.81206,78,391.723
1775441696894,415,1,0.0069674,0.277529,1.03215,1.00677,0.98001,0.952133,0.04,-7.81206,-7.83001,78,392.679
1775441697034,416,1,0.0053372,0.284193,0.993738,0.969624,0.944314,0.918027,0.04,-7.83001,-7.90312,78,393.334
1775441697141,417,1,0.00456931,0.288355,0.966839,0.943668,0.91941,0.894265,0.04,-7.90312,-7.96648,78,394.308
1775441697263,418,1,0.00392073,0.291691,0.943289,0.920969,0.89765,0.873516,0.04,-7.96648,-8.01527,77,394.958
1775441697374,419,1,0.00348909,0.2947,0.928916,0.907036,0.884212,0.860619,0.04,-8.01527,-8.06888,77,395.562
1775441697484,420,1,0.00292728,0.298529,0.916682,0.895076,0.872579,0.849358,0.04,-8.06888,-8.13541,77,396.198
1775441697609,421,1,0.00343912,0.2946,0.961631,0.938172,0.913672,0.888333,0.04,-8.13541,-8.05823,77,396.335
1775441697734,422,1,0.00415649,0.292221,1.01206,0.986273,0.959271,0.931298,0.04,-8.05823,-8.03641,77,396.421
1775441697882,423,1,0.00531313,0.285425,1.10183,1.07196,1.04051,1.00779,0.04,-8.03641,-7.92007,78,396.278
1775441697994,424,1,0.00631222,0.28142,1.19005,1.15565,1.11925,1.08128,0.04,-7.92007,-7.86869,78,396.448
1775441698109,425,1,0.0070613,0.278832,1.25195,1.21419,1.17409,1.1322,0.04,-7.86869,-7.84205,78,397.01
1775441698229,426,1,0.00838259,0.271721,1.36837,1.32433,1.2772,1.22775,0.04,-7.84205,-7.72533,79,397.199
1775441698397,427,1,0.0094726,0.265384,1.50747,1.4551,1.3986,1.33906,0.04,-7.72533,-7.61084,79,397.735
1775441698538,428,1,0.0112963,0.256978,1.67015,1.60765,1.53948,1.46724,0.04,-7.61084,-7.48822,80,397.901
1775441698648,429,1,0.00672311,0.286651,1.23115,1.19356,1.15383,1.11246,0.04,-7.48822,-8.0332,77,396.118
1775441698755,430,1,0.0025481,0.310259,0.912944,0.890584,0.867396,0.843549,0.04,-8.0332,-8.42721,75,394.908
1775441698872,431,1,0.000557423,0.321512,0.784717,0.767569,0.749914,0.731848,0.04,-8.42721,-8.61212,74,394.116
1775441698989,432,1,0.000843067,0.32311,0.75709,0.741047,0.72455,0.707683,0.04,-8.61212,-8.67901,74,393.277
1775441699115,433,1,-0.000607848,0.330793,0.683555,0.67014,0.656401,0.642395,0.04,-8.67901,-8.79711,73,392.719
1775441699239,434,1,-0.0017387,0.336501,0.641924,0.629867,0.617548,0.605013,0.04,-8.79711,-8.87942,73,393.081
1775441699366,435,1,-0.00428452,0.349604,0.543578,0.534553,0.525378,0.51608,0.04,-8.87942,-9.07224,72,394.217
1775441699488,436,1,-0.00673774,0.359575,0.487951,0.480437,0.472823,0.465124,0.04,-9.07224,-9.18068,72,394.883
1775441699598,437,1,-0.0088574,0.370275,0.405751,0.400375,0.394944,0.389467,0.04,-9.18068,-9.3358,72,396.173
1775441699741,438,1,-0.0112938,0.379467,0.339466,0.33559,0.331686,0.327756,0.04,-9.3358,-9.42604,72,396.83
1775441699869,439,1,-0.0117091,0.374818,0.378901,0.374143,0.369344,0.364508,0.04,-9.42604,-9.26584,72,397.964
1775441700011,440,1,-0.0121155,0.373365,0.355143,0.350985,0.346791,0.342566,0.04,-9.26584,-9.20203,72,397.984
1775441700144,441,1,-0.0132684,0.374382,0.311528,0.308319,0.305086,0.301832,0.04,-9.20203,-9.15648,72,397.375
1775441700267,442,1,-0.0125987,0.368895,0.286774,0.284104,0.281415,0.278707,0.04,-9.15648,-9.05811,72,396.715
1775441700369,443,1,-0.013418,0.368131,0.260268,0.258075,0.255868,0.253646,0.04,-9.05811,-8.98491,72,395.632
1775441700468,444,1,-0.0131283,0.362131,0.26985,0.267539,0.265211,0.262867,0.04,-8.98491,-8.84125,73,394.566
1775441700595,445,1,-0.0132421,0.35922,0.253376,0.251359,0.249328,0.247282,0.04,-8.84125,-8.75719,73,393.696
1775441700717,446,1,-0.0141256,0.35978,0.185151,0.184073,0.182989,0.1819,0.04,-8.75719,-8.72179,74,390.437
1775441700839,447,1,-0.015849,0.365283,0.081334,0.0811224,0.0809104,0.0806979,0.04,-8.72179,-8.76771,73,386.632
1775441700944,448,1,-0.0138834,0.351584,0.104486,0.104153,0.103818,0.103483,0.04,-8.76771,-8.5295,75,385.591
1775441701062,449,1,-0.0128658,0.343457,0.106225,0.10589,0.105554,0.105216,0.04,-8.5295,-8.37976,76,383.945
1775441701255,450,1,-0.0135996,0.343285,0.0552731,0.0551825,0.0550918,0.0550009,0.04,-8.37976,-8.33243,76,381.697
1775441701429,451,1,-0.0131943,0.332957,0.00968757,0.00968489,0.00968221,0.00967953,0.04,-8.33243,-8.08847,77,378.227
1775441701575,452,1,-0.0123773,0.323061,0.00710503,0.00710642,0.00710781,0.0071092,0.04,-8.08847,-7.87773,78,375.724
1775441701808,453,1,-0.0120652,0.313705,0.0256242,0.0256416,0.025659,0.0256765,0.04,-7.87773,-7.64341,79,373.781
1775441702007,454,1,-0.011532,0.295085,0.0404927,0.0405333,0.0405738,0.0406142,0.04,-7.64341,-7.17457,81,370.61
1775441702130,455,1,-0.0113138,0.284936,0.0530224,0.0530892,0.0531559,0.0532222,0.04,-7.17457,-6.91322,82,369.466
1775441702336,456,1,-0.00983642,0.272869,0.0438679,0.0439115,0.0439549,0.0439982,0.04,-6.91322,-6.69044,83,368.502
1775441702544,457,1,-0.00904705,0.260876,0.0379294,0.0379604,0.0379912,0.038022,0.04,-6.69044,-6.42171,84,367.155
1775441702683,458,1,-0.0061447,0.241308,0.000468803,0.000468799,0.000468794,0.00046879,0.04,-6.42171,-6.09897,85,366.517
1775441702818,459,1,-0.00451757,0.230622,0.0161451,0.0161402,0.0161353,0.0161304,0.04,-6.09897,-5.91997,86,365.936
1775441702981,460,1,-0.00240084,0.218581,0.04499,0.044954,0.0449178,0.0448815,0.04,-5.91997,-5.736,87,364.837
1775441703229,461,1,0.000179028,0.20295,0.0915282,0.0913903,0.091251,0.0911103,0.04,-5.736,-5.48416,87,363.771
1775441703411,462,1,0.002831,0.191093,0.100109,0.0999538,0.0997971,0.0996386,0.04,-5.48416,-5.34534,88,362.537
1775441703640,463,1,0.007141,0.169758,0.188156,0.187669,0.187171,0.18666,0.04,-5.34534,-5.05228,89,362.945
1775441703789,464,1,0.0125427,0.142952,0.330226,0.328955,0.327617,0.326214,0.04,-5.05228,-4.6783,90,363.15
1775441704003,465,1,0.0151119,0.131524,0.391905,0.390249,0.38848,0.386601,0.04,-4.6783,-4.53715,90,362.892
1775441704186,466,1,0.0187749,0.114326,0.508882,0.50642,0.503709,0.500754,0.04,-4.53715,-4.30693,90,362.5
1775441704389,467,1,0.0233546,0.0942698,0.677264,0.673562,0.669265,0.664392,0.04,-4.30693,-4.05487,91,362.552
1775441704601,468,1,0.0252368,0.0875746,0.733299,0.729215,0.724373,0.718798,0.04,-4.05487,-3.99511,91,361.563
1775441704795,469,1,0.0306201,0.0621332,0.996355,0.990546,0.982814,0.973235,0.04,-3.99511,-3.63865,92,361.916
1775441705023,470,1,0.0336215,0.0519895,1.13252,1.12586,1.11637,1.10416,0.04,-3.63865,-3.55082,92,361
1775441705229,471,1,0.0367083,0.037725,1.40607,1.39746,1.38342,1.36422,0.04,-3.55082,-3.33717,92,360.352
1775441705462,472,1,0.0412254,0.0176062,1.67705,1.66844,1.65053,1.62384,0.04,-3.33717,-3.06435,93,360.592
1775441705662,473,1,0.0474647,-0.0148041,2.34364,2.33694,2.30464,2.24848,0.04,-3.06435,-2.52144,94,360.544
1775441705858,474,1,0.0481006,-0.0146368,2.63311,2.62255,2.57592,2.49639,0.04,-2.52144,-2.53056,94,358.673
1775441706062,475,1,0.0500121,-0.0235958,3.26067,3.24512,3.16163,3.0187,0.04,-2.53056,-2.33788,94,357.949
1775441706189,476,1,0.05098,-0.0250431,4.07638,4.04035,3.87492,3.60542,0.04,-2.33788,-2.26916,94,357.046
1775441706315,477,1,0.0432447,0.0247533,4.20785,4.10035,3.86239,3.53058,0.04,-2.26916,-3.08323,93,354.324
1775441706435,478,1,0.0368305,0.0684184,3.93415,3.79325,3.55274,3.24408,0.04,-3.08323,-3.86261,91,352.88
1775441706553,479,1,0.0182721,0.185366,2.59491,2.48012,2.3412,2.18594,0.04,-3.86261,-5.91483,86,349.196
1775441706681,480,1,0.0149299,0.212121,2.38028,2.27221,2.14662,2.0094,0.04,-5.91483,-6.43586,84,349.479
1775441706793,481,1,0.0125135,0.234708,2.20952,2.10775,1.9928,1.86927,0.04,-6.43586,-6.90245,82,349.834
1775441706929,482,1,0.00268996,0.30241,0.469475,0.463788,0.457973,0.452041,0.04,-6.90245,-8.2884,76,349.086
1775441707038,483,1,-0.0112871,0.403497,2.39134,2.59208,2.77222,2.91935,0.04,-8.2884,-9.69257,72,349.018
1775441707161,484,1,0.246342,-0.826547,0.0204468,0.0203946,0.0203425,0.0202906,0.04,-9.69257,5.34258,106,348.438
1775441707275,485,1,0.0548733,0.106108,0.0139943,0.0139959,0.0139975,0.0139992,0.04,5.34258,-6.65394,83,350
1775441707382,486,1,0.0544906,0.0985626,0.00791457,0.00791506,0.00791554,0.00791602,0.04,-6.65394,-6.42457,84,350
1775441707497,487,1,0.0532272,0.0881573,2.96343e-06,2.96343e-06,2.96343e-06,2.96343e-06,0.04,-6.42457,-6.05736,86,350
1775441707604,488,1,0.0512076,0.0816324,0.003816,0.00381609,0.00381618,0.00381628,0.04,-6.05736,-5.74095,87,350
1775441707712,489,1,0.161947,-0.910302,18.0014,40.5102,3.06232,0.66401,0.04,-5.74095,15.3984,122,363.966
1775441707828,490,1,0.047908,0.0709824,0.00734305,0.00734335,0.00734365,0.00734394,0.04,15.3984,-5.22466,88,350
1775441707925,491,1,0.0477091,0.0642319,0.00446216,0.00446206,0.00446196,0.00446186,0.04,-5.22466,-5.02894,89,350
1775441708041,492,1,0.0475707,0.0602246,0.00475645,0.00475634,0.00475623,0.00475613,0.04,-5.02894,-4.911,89,350
1775441708177,493,1,0.0466792,0.0585816,0.00213001,0.00213003,0.00213005,0.00213007,0.04,-4.911,-4.80546,89,350
1775441708281,494,1,0.0464332,0.0544191,0.00241649,0.00241647,0.00241644,0.00241642,0.04,-4.80546,-4.67592,90,350
1775441708415,495,1,0.0459964,0.052844,0.00243329,0.00243331,0.00243334,0.00243336,0.04,-4.67592,-4.60317,90,350
1775441708526,496,1,0.0448014,0.0523536,0.0131644,0.0131651,0.0131658,0.0131665,0.04,-4.60317,-4.50573,90,350
1775441708621,497,1,0.0447266,0.0478156,0.00815944,0.00815969,0.00815994,0.00816018,0.04,-4.50573,-4.3787,90,350
1775441708716,498,1,0.0437144,0.0477917,0.0171056,0.0171067,0.0171078,0.0171089,0.04,-4.3787,-4.30674,90,350
1775441708812,499,1,0.0438999,0.0422777,0.00631557,0.0063157,0.00631584,0.00631597,0.04,-4.30674,-4.17222,91,350
1775441708921,500,1,0.0430456,0.0425171,0.0150376,0.0150383,0.0150391,0.0150398,0.04,-4.17222,-4.11832,91,350
1775441709043,501,1,0.0428212,0.0391383,0.0104383,0.0104387,0.010439,0.0104393,0.04,-4.11832,-4.01223,91,350
1775441709154,502,1,0.0424926,0.0355298,0.0114694,0.0114697,0.0114701,0.0114704,0.04,-4.01223,-3.89184,91,350
1775441709284,503,1,0.0422098,0.0307297,0.00597999,0.00598007,0.00598016,0.00598024,0.04,-3.89184,-3.74343,92,350
1775441709383,504,1,0.0415423,0.0274205,0.0103991,0.0103993,0.0103995,0.0103998,0.04,-3.74343,-3.6072,92,350
1775441709508,505,1,0.0412586,0.0238579,0.0040495,0.00404953,0.00404956,0.00404959,0.04,-3.6072,-3.49231,92,350
1775441709620,506,1,0.0404875,0.0227677,0.0111189,0.0111192,0.0111194,0.0111196,0.04,-3.49231,-3.40849,92,350
1775441709724,507,1,0.0397972,0.0193483,0.00804636,0.00804646,0.00804656,0.00804665,0.04,-3.40849,-3.2689,93,350
1775441709821,508,1,0.0395597,0.0142751,0.00378071,0.00378069,0.00378068,0.00378066,0.04,-3.2689,-3.11605,93,350
1775441709957,509,1,0.0387778,0.0122427,0.000590592,0.000590591,0.000590591,0.000590591,0.04,-3.11605,-3.00763,93,350
1775441710065,510,1,0.0384227,0.00835362,0.00778741,0.00778737,0.00778732,0.00778728,0.04,-3.00763,-2.87685,93,350
1775441710161,511,1,0.0380381,0.00499543,0.0167693,0.0167692,0.0167691,0.0167689,0.04,-2.87685,-2.75809,93,350
1775441710264,512,1,0.0384295,0.00125808,0.0241233,0.0241232,0.0241231,0.024123,0.04,-2.75809,-2.6829,94,350
1775441710375,513,1,0.0378322,0.000360073,0.0197062,0.0197062,0.0197062,0.0197061,0.04,-2.6829,-2.6181,94,350
1775441710486,514,1,0.0378467,-0.00415581,0.0248448,0.024845,0.0248451,0.0248453,0.04,-2.6181,-2.49621,94,350
1775441710606,515,1,0.0379866,-0.0112597,0.0484585,0.0484605,0.0484622,0.0484637,0.04,-2.49621,-2.3101,94,350
1775441710710,516,1,0.0364407,-0.00697187,0.027354,0.0273544,0.0273547,0.027355,0.04,-2.3101,-2.32261,94,350
1775441710819,517,1,0.0363479,-0.007966,0.0248434,0.0248438,0.0248441,0.0248444,0.04,-2.32261,-2.28974,94,350
1775441710927,518,1,0.0347309,-0.00312412,4.13125e-06,4.13125e-06,4.13125e-06,4.13125e-06,0.04,-2.28974,-2.31294,94,350
1775441711043,519,1,0.0346628,-0.00520131,0.00399358,0.00399359,0.00399359,0.0039936,0.04,-2.31294,-2.25147,94,350
1775441711150,520,1,0.034584,-0.0080627,0.0224596,0.0224599,0.0224602,0.0224604,0.04,-2.25147,-2.16576,94,350
1775441711270,521,1,0.0339358,-0.00899349,0.0244272,0.0244276,0.024428,0.0244283,0.04,-2.16576,-2.09553,94,350
1775441711380,522,1,0.031755,0.00108725,0.0851098,0.0851098,0.0851086,0.085106,0.04,-2.09553,-2.20784,94,350
1775441711493,523,1,0.0344955,-0.0242194,0.0167731,0.0167726,0.016772,0.0167715,0.04,-2.20784,-1.72388,95,350
1775441711612,524,1,0.0362457,-0.0467104,0.0969897,0.0970231,0.0970547,0.0970845,0.04,-1.72388,-1.22397,96,350
1775441711755,525,1,0.0328644,-0.0418931,0.0950042,0.0950329,0.0950598,0.0950851,0.04,-1.22397,-1.12101,96,350
1775441711854,526,1,0.0279644,-0.0287713,0.0475118,0.0475168,0.0475215,0.047526,0.04,-1.12101,-1.14502,96,350
1775441711952,527,1,0.0257943,-0.0231301,0.0266174,0.0266187,0.0266199,0.0266211,0.04,-1.14502,-1.15103,96,350
1775441712062,528,1,-0.165395,-0.787177,2.36967,3.07747,3.95446,4.94896,0.04,-1.15103,28,122,363.966
1775441712178,529,1,24.2229,-1.56193,0.000184384,0.000222643,0.000272262,0.000337791,0.04,28,-28,72,363.966
1775441712302,530,1,-0.303643,-0.107838,1.32968,1.34235,1.35021,1.3531,0.04,-28,24.0877,122,363.966
1775441712411,531,1,-0.326004,0.00663748,0.58036,0.579988,0.57922,0.578061,0.04,24.0877,22.416,122,363.966
1775441712520,532,1,0.341766,-0.881704,0.982034,1.13782,1.32017,1.53203,0.04,22.416,0.47749,98,363.966
1775441712628,533,1,0.370823,-0.963624,0.885473,1.05668,1.26664,1.52326,0.04,0.47749,0.688357,98,363.966
1775441712741,534,1,0.166057,-0.383992,0.970555,1.00215,1.03271,1.06194,0.04,0.688357,-0.916904,96,363.966
1775441712865,535,1,0.135975,-0.27321,0.614185,0.622568,0.630573,0.638167,0.04,-0.916904,-1.90004,95,363.966
1775441712981,536,1,0.2617,-0.718643,1.26114,1.41267,1.57858,1.75745,0.04,-1.90004,1.62804,99,363.966
1775441713099,537,1,0.162105,-0.380968,0.909911,0.937421,0.964076,0.989648,0.04,1.62804,-0.736845,96,363.966
1775441713225,538,1,0.225327,-0.626079,1.3395,1.46824,1.60363,1.74349,0.04,-0.736845,1.63517,99,363.966
1775441713339,539,1,0.285875,-0.847304,1.27097,1.50698,1.78733,2.11512,0.04,1.63517,3.49101,102,363.966
1775441713454,540,1,0.199973,-0.565487,1.36596,1.47732,1.59147,1.70627,0.04,3.49101,1.74259,99,363.966
1775441713575,541,1,0.245319,-0.754009,1.4759,1.71048,1.97636,2.27085,0.04,1.74259,3.78851,102,363.966
1775441713726,542,1,0.344517,-1.07883,0.905403,1.20793,1.64151,2.26757,0.04,3.78851,5.76372,107,363.966
1775441713850,543,1,0.280236,-0.932409,1.32118,1.67411,2.13273,2.7187,0.04,5.76372,6.27483,109,363.966
1775441713990,544,1,0.345626,-1.15035,0.797421,1.13939,1.68403,2.57493,0.04,6.27483,7.71571,115,363.966
1775441714096,545,1,0.2084,-0.71676,1.65031,1.91206,2.20462,2.52192,0.04,7.71571,5.36472,106,363.966
1775441714223,546,1,-0.0217963,0.399707,3.45911,3.86475,4.19059,4.38591,0.04,5.36472,-8.67015,74,432.375
1775441714331,547,1,-0.0187824,0.331932,2.93993,3.16717,3.3437,3.45126,0.04,-8.67015,-7.16343,81,413.678
1775441714457,548,1,0.0148014,0.174512,2.3124,2.37512,2.41185,2.42048,0.04,-7.16343,-5.36517,88,430.161
1775441714578,549,1,0.498454,-1.18598,0.427373,0.535826,0.681662,0.88086,0.04,-5.36517,-2.19587,94,430.161
1775441714694,550,1,0.492783,-1.1756,0.436674,0.543284,0.685018,0.876106,0.04,-2.19587,-2.0881,94,430.161
1775441714810,551,1,0.409984,-1.06265,0.614794,0.736462,0.888552,1.07944,0.04,-2.0881,0.596963,98,430.161
1775441714966,552,1,0.335945,-0.930426,0.795925,0.916277,1.05733,1.22211,0.04,0.596963,2.15025,100,430.161
1775441715109,553,1,0.311769,-0.887543,0.844039,0.960198,1.09375,1.24656,0.04,2.15025,2.66266,100,430.161
1775441715235,554,1,0.297338,-0.868394,0.878951,0.997006,1.13192,1.28523,0.04,2.66266,3.14681,101,430.161
1775441715358,555,1,0.266593,-0.808995,0.952075,1.06585,1.19293,1.33378,0.04,3.14681,3.67028,102,430.161
1775441715488,556,1,0.25219,-0.781325,0.984976,1.09644,1.21966,1.35474,0.04,3.67028,3.91964,103,430.161
1775441715618,557,1,0.228205,-0.732277,1.03783,1.14399,1.25926,1.38323,0.04,3.91964,4.25363,103,430.161
1775441715734,558,1,0.210264,-0.693557,1.07688,1.1784,1.28714,1.40237,0.04,4.25363,4.44846,104,430.161
1775441715884,559,1,0.193088,-0.651851,1.1033,1.19723,1.29632,1.39967,0.04,4.44846,4.50655,104,430.161
1775441716008,560,1,0.160391,-0.567073,1.11877,1.19362,1.27023,1.34772,0.04,4.50655,4.46487,104,430.161
1775441716131,561,1,0.137093,-0.501622,1.0919,1.15031,1.20882,1.26672,0.04,4.46487,4.29232,104,488.505
1775441716249,562,1,0.105434,-0.402146,0.980152,1.01442,1.04776,1.07982,0.04,4.29232,3.76109,102,451.412
1775441716375,563,1,0.0785727,-0.316008,0.83188,0.850058,0.867372,0.883697,0.04,3.76109,3.25721,101,420.527
1775441716497,564,1,0.0588269,-0.246462,0.661013,0.669615,0.677715,0.685275,0.04,3.25721,2.70971,101,396.585
1775441716614,565,1,0.0434635,-0.189869,0.496446,0.500097,0.50352,0.506705,0.04,2.70971,2.21251,100,377.851
1775441716727,566,1,0.0234097,-0.114884,0.240827,0.241339,0.241823,0.24228,0.04,2.21251,1.52811,99,356.83
1775441716873,567,1,0.00971506,-0.0500204,5.00899e-06,5.00899e-06,5.00899e-06,5.00899e-06,0.04,1.52811,0.681577,98,344.709
1775441716990,568,1,0.00870952,-0.040868,0.0248064,0.0248044,0.0248024,0.0248004,0.04,0.681577,0.507547,98,345.516
1775441717124,569,1,0.00928462,-0.0394549,0.0133772,0.0133766,0.0133761,0.0133755,0.04,0.507547,0.427814,97,345.459
1775441717228,570,1,0.0105565,-0.0408691,0.0329324,0.0329358,0.0329391,0.0329424,0.04,0.427814,0.381347,97,344.953
1775441717350,571,1,0.0120436,-0.0457679,0.060525,0.0605379,0.0605503,0.0605623,0.04,0.381347,0.415485,97,345.903
1775441717472,572,1,0.0116168,-0.0393375,0.0240246,0.0240264,0.0240281,0.0240298,0.04,0.415485,0.26536,97,346.063
1775441717602,573,1,0.0122436,-0.0400992,0.0247237,0.0247256,0.0247275,0.0247293,0.04,0.26536,0.242767,97,345.422
1775441717722,574,1,0.0134851,-0.0407513,0.0240632,0.0240651,0.0240669,0.0240686,0.04,0.242767,0.174607,97,345.293
1775441717832,575,1,0.0133996,-0.0399645,0.0220639,0.0220654,0.0220669,0.0220684,0.04,0.174607,0.158906,97,345.122
1775441717976,576,1,0.0140661,-0.039783,0.017615,0.017616,0.017617,0.0176179,0.04,0.158906,0.107293,97,345.945
1775441718121,577,1,0.0145791,-0.0394268,0.0174226,0.0174236,0.0174245,0.0174254,0.04,0.107293,0.0622227,97,346.526
1775441718245,578,1,0.0148721,-0.0393164,0.0168154,0.0168163,0.0168171,0.016818,0.04,0.0622227,0.0389145,97,346.616
1775441718369,579,1,0.0155646,-0.0401707,0.0209995,0.0210008,0.0210022,0.0210035,0.04,0.0389145,0.0148702,97,346.409
1775441718483,580,1,0.0151152,-0.0367648,0.00892158,0.0089218,0.00892203,0.00892226,0.04,0.0148702,-0.048088,97,346.508
1775441718604,581,1,0.0153614,-0.035527,0.00509705,0.00509712,0.0050972,0.00509727,0.04,-0.048088,-0.0991539,97,346.527
1775441718730,582,1,0.0153148,-0.033358,7.96138e-05,7.96138e-05,7.96138e-05,7.96138e-05,0.04,-0.0991539,-0.155364,97,346.556
1775441718860,583,1,0.0153705,-0.0322606,0.00180011,0.00180011,0.00180012,0.00180013,0.04,-0.155364,-0.18861,97,346.423
1775441718980,584,1,0.0152022,-0.0300972,0.00446347,0.00446343,0.00446338,0.00446333,0.04,-0.18861,-0.235048,97,346.062
1775441719111,585,1,0.0157157,-0.0295696,0.00638187,0.00638177,0.00638168,0.00638158,0.04,-0.235048,-0.284452,97,345.758
1775441719230,586,1,0.0162783,-0.030498,0.000800861,0.000800859,0.000800858,0.000800856,0.04,-0.284452,-0.299086,97,345.444
1775441719356,587,1,0.0167665,-0.0296954,0.00324313,0.00324311,0.00324308,0.00324306,0.04,-0.299086,-0.354083,97,345.067
1775441719466,588,1,0.0160591,-0.0235124,0.0265162,0.0265149,0.0265135,0.0265121,0.04,-0.354083,-0.468686,96,345.218
1775441719586,589,1,0.0164635,-0.0226868,0.0281222,0.0281208,0.0281193,0.0281178,0.04,-0.468686,-0.518685,96,344.456
1775441719706,590,1,0.0162355,-0.0208654,0.0342101,0.0342082,0.0342061,0.034204,0.04,-0.518685,-0.551215,96,344.484
1775441719827,591,1,0.0163483,-0.0190821,0.0411663,0.0411637,0.041161,0.0411581,0.04,-0.551215,-0.6061,96,344.127
1775441719943,592,1,0.0166896,-0.0161128,0.0483386,0.0483355,0.0483322,0.0483287,0.04,-0.6061,-0.708778,96,343.496
1775441720052,593,1,0.0171661,-0.0185717,0.0405915,0.0405891,0.0405865,0.0405838,0.04,-0.708778,-0.676464,96,343.073
1775441720164,594,1,0.0173769,-0.0192537,0.0380619,0.0380596,0.0380573,0.0380548,0.04,-0.676464,-0.672974,96,342.886
1775441720279,595,1,0.0178013,-0.0188837,0.0398456,0.0398432,0.0398406,0.039838,0.04,-0.672974,-0.711979,96,342.795
1775441720393,596,1,0.0189253,-0.0238438,0.0229795,0.0229785,0.0229775,0.0229764,0.04,-0.711979,-0.658178,96,342.163
1775441720497,597,1,0.0191724,-0.0251205,0.0212367,0.0212359,0.0212349,0.021234,0.04,-0.658178,-0.640992,96,342.001
1775441720613,598,1,0.0187483,-0.0230028,0.0274275,0.0274261,0.0274247,0.0274233,0.04,-0.640992,-0.667967,96,342.089
1775441720730,599,1,0.0188949,-0.0225526,0.0308947,0.030893,0.0308913,0.0308894,0.04,-0.667967,-0.689707,96,341.936
1775441720839,600,1,0.0197807,-0.0244046,0.0258592,0.0258579,0.0258566,0.0258552,0.04,-0.689707,-0.701589,96,341.493
1775441720966,601,1,0.019795,-0.0244948,0.026378,0.0263767,0.0263753,0.0263739,0.04,-0.701589,-0.700059,96,341.594
1775441721082,602,1,0.0200527,-0.0236657,0.0327552,0.0327532,0.0327511,0.032749,0.04,-0.700059,-0.739244,96,341.418
1775441721196,603,1,0.0198953,-0.0225657,0.0381765,0.0381739,0.0381712,0.0381683,0.04,-0.739244,-0.757255,96,341.84
1775441721329,604,1,0.020109,-0.0228855,0.0356434,0.0356411,0.0356387,0.0356362,0.04,-0.757255,-0.763771,96,341.546
1775441721445,605,1,0.0200466,-0.0218134,0.0437289,0.0437256,0.0437221,0.0437184,0.04,-0.763771,-0.787155,96,341.701
1775441721559,606,1,0.0206511,-0.0236185,0.0378387,0.037836,0.0378332,0.0378303,0.04,-0.787155,-0.781029,96,341.584
1775441721697,607,1,0.0211062,-0.0248833,0.035676,0.0356735,0.0356709,0.0356682,0.04,-0.781029,-0.778591,96,341.192
1775441721842,608,1,0.0206817,-0.0225233,0.0469302,0.0469262,0.046922,0.0469176,0.04,-0.778591,-0.811294,96,340.962
1775441721946,609,1,0.0205941,-0.0220252,0.0481055,0.0481014,0.0480971,0.0480926,0.04,-0.811294,-0.818534,96,340.637
1775441722069,610,1,0.0204342,-0.0201336,0.0576864,0.057681,0.0576752,0.057669,0.04,-0.818534,-0.857104,96,340.313
1775441722190,611,1,0.0203813,-0.0197998,0.0580985,0.0580931,0.0580873,0.058081,0.04,-0.857104,-0.862418,96,339.853
1775441722306,612,1,0.0204044,-0.0195813,0.0619292,0.0619231,0.0619165,0.0619094,0.04,-0.862418,-0.869311,96,339.366
1775441722408,613,1,0.0201151,-0.0173102,0.0699099,0.0699029,0.0698953,0.069887,0.04,-0.869311,-0.909462,96,339.316
1775441722557,614,1,0.0201004,-0.017212,0.071047,0.0710398,0.071032,0.0710234,0.04,-0.909462,-0.910928,96,339.014
1775441722674,615,1,0.0206924,-0.0178794,0.0762245,0.076216,0.0762065,0.0761962,0.04,-0.910928,-0.932925,96,338.481
1775441722810,616,1,0.0208021,-0.0175652,0.081627,0.0816173,0.0816065,0.0815946,0.04,-0.932925,-0.948139,96,338.302
1775441722930,617,1,0.0208509,-0.0169109,0.0883573,0.0883463,0.0883339,0.0883201,0.04,-0.948139,-0.968123,96,337.748
1775441723048,618,1,0.021313,-0.0202765,0.0827987,0.0827873,0.0827748,0.082761,0.04,-0.968123,-0.909941,96,337.551
1775441723186,619,1,0.0215032,-0.0204873,0.0834011,0.0833894,0.0833765,0.0833625,0.04,-0.909941,-0.917258,96,337.138
1775441723300,620,1,0.0210961,-0.0190776,0.0940546,0.0940406,0.0940249,0.0940075,0.04,-0.917258,-0.925582,96,336.94
1775441723420,621,1,0.0213206,-0.0194012,0.0975723,0.097557,0.0975398,0.0975206,0.04,-0.925582,-0.931769,96,337.016
1775441723546,622,1,0.021684,-0.0210695,0.0969732,0.0969568,0.0969386,0.0969185,0.04,-0.931769,-0.911856,96,337.051
1775441723679,623,1,0.021571,-0.0200449,0.107536,0.107516,0.107494,0.10747,0.04,-0.911856,-0.930071,96,336.761
1775441723795,624,1,0.0208545,-0.0160135,0.134465,0.13444,0.13441,0.134375,0.04,-0.930071,-0.985313,96,336.397
1775441723913,625,1,0.0210318,-0.0159551,0.144845,0.144816,0.14478,0.144739,0.04,-0.985313,-0.997499,96,336.044
1775441724012,626,1,0.0211572,-0.016473,0.144431,0.144401,0.144365,0.144323,0.04,-0.997499,-0.992225,96,335.99
1775441724128,627,1,0.0211572,-0.016473,0.144431,0.144401,0.144365,0.144323,0.04,-0.992225,-0.992224,96,335.999
1775441724243,628,1,0.0211943,-0.0166848,0.145897,0.145866,0.145829,0.145785,0.04,-0.992224,-0.988829,96,335.585
1775441724360,629,1,0.0223274,-0.021823,0.0867239,0.0867105,0.0866957,0.0866796,0.04,-0.988829,-0.93753,96,336.128
1775441724471,630,1,0.0232088,-0.0266166,0.0378587,0.0378557,0.0378525,0.0378493,0.04,-0.93753,-0.876544,96,336.426
1775441724585,631,1,0.0240238,-0.0317116,0.0183188,0.0183196,0.0183204,0.0183212,0.04,-0.876544,-0.798171,96,336.889
1775441724697,632,1,0.0247071,-0.0358836,0.0585305,0.0585399,0.0585488,0.0585574,0.04,-0.798171,-0.726171,96,337.018
1775441724803,633,1,0.0250517,-0.0376914,0.0979526,0.0979799,0.0980053,0.0980288,0.04,-0.726171,-0.694819,96,337.592
1775441724966,634,1,0.0253028,-0.037556,0.0934043,0.0934291,0.0934522,0.0934736,0.04,-0.694819,-0.716523,96,337.238
1775441725090,635,1,0.0244987,-0.0346756,0.0924257,0.092448,0.0924688,0.0924879,0.04,-0.716523,-0.739039,96,337.475
1775441725245,636,1,0.0248337,-0.0356976,0.084101,0.0841201,0.084138,0.0841547,0.04,-0.739039,-0.735862,96,337.85
1775441725370,637,1,0.025237,-0.0386686,0.105651,0.105683,0.105713,0.105741,0.04,-0.735862,-0.679975,96,337.741
1775441725505,638,1,0.0256261,-0.0410398,0.128953,0.129004,0.129051,0.129093,0.04,-0.679975,-0.639029,96,337.939
1775441725623,639,1,0.0233406,-0.0281318,0.048777,0.0487717,0.0487661,0.0487603,0.04,-0.639029,-0.842892,96,337.087
1775441725741,640,1,0.0231468,-0.0271494,0.0552727,0.055266,0.0552591,0.0552517,0.04,-0.842892,-0.855079,96,336.98
1775441725865,641,1,0.0230673,-0.0265233,0.0584626,0.0584553,0.0584476,0.0584395,0.04,-0.855079,-0.866011,96,337.06
1775441725980,642,1,0.023241,-0.0271255,0.0579033,0.057896,0.0578883,0.0578803,0.04,-0.866011,-0.861818,96,337.126
1775441726085,643,1,0.0233656,-0.0281848,0.0552252,0.0552183,0.0552111,0.0552036,0.04,-0.861818,-0.842213,96,337.208
1775441726197,644,1,0.0230436,-0.0266276,0.0599901,0.0599824,0.0599743,0.0599657,0.04,-0.842213,-0.861312,96,337.547
1775441726308,645,1,0.0234508,-0.0281146,0.0528024,0.0527962,0.0527896,0.0527827,0.04,-0.861312,-0.850373,96,337.746
1775441726467,646,1,0.023734,-0.0299817,0.0444797,0.044475,0.0444701,0.044465,0.04,-0.850373,-0.820774,96,337.959
1775441726589,647,1,0.0253433,-0.040886,3.73367e-05,3.73367e-05,3.73367e-05,3.73366e-05,0.04,-0.820774,-0.644172,96,338.416
1775441726698,648,1,0.0265453,-0.049093,0.0393289,0.0393347,0.0393405,0.0393461,0.04,-0.644172,-0.499043,96,338.686
1775441726799,649,1,0.028144,-0.0572018,0.080256,0.0802843,0.0803116,0.0803378,0.04,-0.499043,-0.383682,97,338.5
1775441726908,650,1,0.0280568,-0.0567577,0.076984,0.0770099,0.0770348,0.0770588,0.04,-0.383682,-0.390158,97,338.496
1775441727017,651,1,0.0290606,-0.0641345,0.117141,0.117208,0.117272,0.117333,0.04,-0.390158,-0.253686,97,338.178
1775441727125,652,1,0.028489,-0.0613005,0.104968,0.10502,0.105069,0.105116,0.04,-0.253686,-0.292736,97,338.052
1775441727237,653,1,0.030307,-0.066768,0.123428,0.123506,0.12358,0.12365,0.04,-0.292736,-0.267499,97,339.523
1775441727343,654,1,0.0363738,-0.0870231,0.193407,0.193656,0.19389,0.194109,0.04,-0.267499,-0.127566,97,344.497
1775441727469,655,1,0.031661,-0.071323,0.145017,0.145131,0.14524,0.145342,0.04,-0.127566,-0.23439,97,339.341
1775441727574,656,1,0.0352532,-0.0884439,0.254404,0.254837,0.255238,0.255605,0.04,-0.23439,-0.0021146,97,339.07
1775441727684,657,1,0.0357161,-0.0935017,0.296767,0.297388,0.297957,0.298473,0.04,-0.0021146,0.109466,97,336.67
1775441727793,658,1,0.0430111,-0.11897,0.386516,0.387863,0.389095,0.390212,0.04,0.109466,0.308902,97,341.632
1775441727908,659,1,0.0436239,-0.125675,0.435804,0.43761,0.439253,0.44073,0.04,0.308902,0.455781,98,342.328
1775441728016,660,1,0.0495594,-0.15078,0.55291,0.556414,0.559588,0.562424,0.04,0.455781,0.743814,98,346.961
1775441728133,661,1,0.0471388,-0.144994,0.561375,0.564833,0.567944,0.5707,0.04,0.743814,0.75587,98,343.565
1775441728264,662,1,0.0476734,-0.148783,0.601727,0.605799,0.609445,0.612652,0.04,0.75587,0.82796,98,343.503
1775441728377,663,1,0.0468167,-0.146983,0.62002,0.624279,0.628072,0.631382,0.04,0.82796,0.84141,98,343.071
1775441728503,664,1,0.0470456,-0.149593,0.652987,0.65779,0.662048,0.665741,0.04,0.84141,0.90153,98,342.805
1775441728632,665,1,0.0437292,-0.140076,0.655482,0.659983,0.663928,0.6673,0.04,0.90153,0.873487,98,339.256
1775441728748,666,1,0.0427215,-0.13642,0.667112,0.671635,0.67557,0.6789,0.04,0.873487,0.846055,98,339.477
1775441728871,667,1,0.0420774,-0.13481,0.686207,0.690921,0.694995,0.698408,0.04,0.846055,0.850055,98,338.11
1775441728976,668,1,0.0498566,-0.155512,0.753356,0.759974,0.765754,0.77066,0.04,0.850055,0.883962,98,346.723
1775441729090,669,1,0.060388,-0.189468,0.855483,0.866055,0.875426,0.883525,0.04,0.883962,1.0924,98,357.565
1775441729222,670,1,0.0533922,-0.167784,0.836625,0.845452,0.853136,0.859621,0.04,1.0924,0.98552,98,349.876
1775441729346,671,1,0.0529784,-0.168289,0.885366,0.895249,0.903773,0.910868,0.04,0.98552,1.0357,98,348.684
1775441729444,672,1,0.0495262,-0.158493,0.897442,0.906922,0.914976,0.921536,0.04,1.0357,1.01092,98,345.379
1775441729558,673,1,0.0534898,-0.174349,0.973357,0.985708,0.996254,1.00489,0.04,1.01092,1.17881,98,348.214
1775441729661,674,1,0.0509729,-0.166759,0.9845,0.996501,1.00662,1.01476,0.04,1.17881,1.14899,98,346.391
1775441729775,675,1,0.0469332,-0.152599,0.974452,0.985089,0.993886,1.00076,0.04,1.14899,1.043,98,344.318
1775441729907,676,1,0.0467296,-0.151677,1.01277,1.02414,1.03344,1.04057,0.04,1.043,1.0383,98,345.066
1775441730038,677,1,0.0434069,-0.140245,1.02368,1.03429,1.04275,1.04897,0.04,1.0383,0.960032,98,343.148
1775441730154,678,1,0.0406396,-0.130265,1.04467,1.0548,1.06263,1.06808,0.04,0.960032,0.884329,98,343.511
1775441730278,679,1,0.0376092,-0.116712,1.03774,1.04656,1.0531,1.05731,0.04,0.884329,0.725594,98,343.272
1775441730401,680,1,0.0341135,-0.103009,1.03792,1.04554,1.05088,1.05389,0.04,0.725594,0.596022,98,343.016
1775441730515,681,1,0.0307809,-0.0896224,1.04968,1.05628,1.06051,1.06234,0.04,0.596022,0.465609,98,343.888
1775441730636,682,1,0.0270859,-0.0742155,1.05637,1.06167,1.06456,1.06502,0.04,0.465609,0.304727,97,344.898
1775441730738,683,1,0.0263987,-0.0700785,1.1028,1.10812,1.1107,1.11051,0.04,0.304727,0.247475,97,345.268
1775441730843,684,1,0.0257354,-0.0648187,1.12037,1.12531,1.12739,1.12656,0.04,0.247475,0.153645,97,345.57
1775441730967,685,1,0.0273924,-0.068438,1.16583,1.17151,1.17395,1.17312,0.04,0.153645,0.144351,97,343.353
1775441731091,686,1,0.036833,-0.0973538,1.30216,1.31293,1.31917,1.32078,0.04,0.144351,0.297102,97,334.085
1775441731255,687,1,0.0457555,-0.124517,1.43165,1.44892,1.46017,1.46517,0.04,0.297102,0.437547,98,324.898
1775441731370,688,1,0.0432141,-0.109298,1.4609,1.47617,1.48503,1.48728,0.04,0.437547,0.205284,97,326.847
1775441731504,689,1,0.041206,-0.0965209,1.47276,1.48602,1.4927,1.49265,0.04,0.205284,-0.000481725,97,327.619
1775441731607,690,1,0.0373674,-0.0770106,1.47402,1.48391,1.48721,1.48385,0.04,-0.000481725,-0.263971,97,329.104
1775441731710,691,1,0.0366069,-0.068479,1.48454,1.49305,1.49484,1.48987,0.04,-0.263971,-0.441049,96,329.91
1775441731822,692,1,0.0342959,-0.0529043,1.48608,1.49189,1.49098,1.48337,0.04,-0.441049,-0.703288,96,331.779
1775441731927,693,1,0.0314145,-0.0344864,1.48106,1.48367,1.47967,1.46914,0.04,-0.703288,-1.00419,96,333.353
1775441732028,694,1,0.0292411,-0.0203527,1.47905,1.47924,1.47289,1.46013,0.04,-1.00419,-1.23743,96,334.459
1775441732149,695,1,0.0282191,-0.00927851,1.48274,1.48103,1.47276,1.45811,0.04,-1.23743,-1.46638,95,335.66
1775441732268,696,1,0.0264857,0.00793756,1.47412,1.46954,1.45857,1.44146,0.04,-1.46638,-1.81443,95,337.821
1775441732368,697,1,0.0227292,0.0332749,1.4396,1.43123,1.41701,1.39723,0.04,-1.81443,-2.24661,94,339.785
1775441732478,698,1,0.0213175,0.0456051,1.43561,1.42532,1.40928,1.38783,0.04,-2.24661,-2.48381,94,341.587
1775441732604,699,1,0.0217721,0.0520917,1.45975,1.44798,1.43021,1.40683,0.04,-2.48381,-2.68742,94,343.068
1775441732722,700,1,0.0210043,0.0641746,1.47666,1.46253,1.44227,1.41631,0.04,-2.68742,-2.95931,93,345.626
1775441732856,701,1,0.0211327,0.0734107,1.48162,1.4658,1.44385,1.41624,0.04,-2.95931,-3.2177,93,347.572
1775441732971,702,1,0.0199178,0.0896554,1.50355,1.48434,1.45885,1.42763,0.04,-3.2177,-3.57082,92,350.407
1775441733096,703,1,0.017818,0.111813,1.46072,1.43894,1.41157,1.37913,0.04,-3.57082,-4.03218,91,351.82
1775441733220,704,1,0.0180364,0.121308,1.50445,1.47956,1.44865,1.41237,0.04,-4.03218,-4.29844,90,353.936
1775441733362,705,1,0.0159772,0.142906,1.4419,1.41557,1.38409,1.34808,0.04,-4.29844,-4.75008,89,355.274
1775441733472,706,1,0.0170727,0.152153,1.49315,1.46315,1.42755,1.38709,0.04,-4.75008,-5.06918,89,357.9
1775441733596,707,1,0.0153387,0.169037,1.4304,1.40017,1.36515,1.32601,0.04,-5.06918,-5.41551,88,359.409
1775441733715,708,1,0.0143536,0.186877,1.36606,1.33585,1.30159,1.26389,0.04,-5.41551,-5.83954,86,361.034
1775441733837,709,1,0.0138841,0.197786,1.35281,1.32153,1.28643,1.24809,0.04,-5.83954,-6.10444,85,362.276
1775441733959,710,1,0.0138342,0.208649,1.34433,1.3118,1.27562,1.23638,0.04,-6.10444,-6.39637,84,364.006
1775441734080,711,1,0.0136733,0.221608,1.32979,1.29603,1.25885,1.21886,0.04,-6.39637,-6.73821,83,366.09
1775441734262,712,1,0.0144771,0.228851,1.35635,1.32004,1.28021,1.23749,0.04,-6.73821,-6.98629,82,368.87
1775441734371,713,1,0.0133973,0.246576,1.26559,1.23162,1.19491,1.15597,0.04,-6.98629,-7.40397,80,372.313
1775441734494,714,1,0.0137589,0.249254,1.33981,1.30121,1.25944,1.21513,0.04,-7.40397,-7.4916,80,373.826
1775441734607,715,1,0.0149115,0.252509,1.3109,1.2735,1.23313,1.19041,0.04,-7.4916,-7.66315,79,376.021
1775441734738,716,1,0.0137231,0.264007,1.23537,1.20067,1.16356,1.12456,0.04,-7.66315,-7.9026,78,376.936
1775441734878,717,1,0.0164382,0.257657,1.30795,1.26994,1.22904,1.18587,0.04,-7.9026,-7.90841,78,377.758
1775441735021,718,1,0.0183348,0.252768,1.36153,1.32107,1.27733,1.231,0.04,-7.90841,-7.89979,78,378.481
1775441735142,719,1,0.0195568,0.250696,1.43777,1.39293,1.34422,1.29254,0.04,-7.89979,-7.91797,78,378.546
1775441735274,720,1,0.0212621,0.240323,1.59402,1.54092,1.48249,1.42001,0.04,-7.91797,-7.73436,79,379.438
1775441735385,721,1,0.0224502,0.23312,1.69423,1.63582,1.57094,1.50119,0.04,-7.73436,-7.6083,79,380.87
1775441735495,722,1,0.0236404,0.227034,1.80688,1.74188,1.66898,1.59024,0.04,-7.6083,-7.5112,80,382.256
1775441735611,723,1,0.0187985,0.254945,1.51819,1.46719,1.41179,1.35308,0.04,-7.5112,-7.9703,78,381.146
1775441735737,724,1,0.0144878,0.277457,1.3252,1.28303,1.23811,1.19111,0.04,-7.9703,-8.30776,76,381.275
1775441735857,725,1,0.013726,0.280811,1.34338,1.29947,1.25275,1.20395,0.04,-8.30776,-8.34362,76,382.429
1775441735977,726,1,0.0137112,0.280495,1.42687,1.37729,1.32438,1.26908,0.04,-8.34362,-8.32322,76,384.069
1775441736103,727,1,0.00867249,0.307551,1.14544,1.1104,1.07379,1.03602,0.04,-8.32322,-8.74507,74,385.444
1775441736202,728,1,0.00566623,0.321113,1.11713,1.0822,1.04592,1.00867,0.04,-8.74507,-8.90847,73,387.425
1775441736315,729,1,0.00576184,0.320696,1.125,1.08962,1.05287,1.01512,0.04,-8.90847,-8.90276,73,388.258
1775441736426,730,1,0.00449615,0.32643,1.20767,1.16603,1.12278,1.07846,0.04,-8.90276,-8.95973,72,390.284
1775441736542,731,1,0.00171294,0.342313,1.08939,1.05371,1.01696,0.979504,0.04,-8.95973,-9.21317,72,391.066
1775441736665,732,1,0.000450727,0.345627,1.09846,1.06178,1.02404,0.985607,0.04,-9.21317,-9.21463,72,392.133
1775441736782,733,1,-0.00195853,0.357737,1.01926,0.986434,0.952833,0.918746,0.04,-9.21463,-9.38661,72,392.936
1775441736929,734,1,-0.00633467,0.380397,0.777708,0.75721,0.736424,0.715453,0.04,-9.38661,-9.73051,72,392.567
1775441737053,735,1,-0.00904843,0.391694,0.63391,0.619816,0.605579,0.591249,0.04,-9.73051,-9.86881,72,392.122
1775441737176,736,1,-0.0102559,0.395257,0.591678,0.579265,0.566741,0.554142,0.04,-9.86881,-9.88785,72,392.447
1775441737294,737,1,-0.00887622,0.384118,0.704563,0.687552,0.670331,0.652969,0.04,-9.88785,-9.66595,72,393.548
1775441737399,738,1,-0.00959537,0.386147,0.668326,0.652927,0.63735,0.621653,0.04,-9.66595,-9.67622,72,393.493
1775441737549,739,1,-0.010689,0.389801,0.642726,0.628322,0.613766,0.599109,0.04,-9.67622,-9.70316,72,393.76
1775441737691,740,1,-0.0112276,0.392257,0.58947,0.577266,0.564946,0.552546,0.04,-9.70316,-9.73996,72,393.512
1775441737812,741,1,-0.0113297,0.39228,0.556576,0.545698,0.534721,0.523673,0.04,-9.73996,-9.73824,72,393.279
1775441737932,742,1,-0.010448,0.385397,0.63804,0.624043,0.609886,0.595619,0.04,-9.73824,-9.60137,72,393.664
1775441738068,743,1,-0.0093115,0.375593,0.770075,0.750285,0.730195,0.709905,0.04,-9.60137,-9.39616,72,394.986
1775441738247,744,1,-0.00884751,0.370282,0.828641,0.806099,0.783168,0.759979,0.04,-9.39616,-9.27638,72,395.908
1775441738370,745,1,-0.00901454,0.364789,0.962018,0.932121,0.901608,0.870713,0.04,-9.27638,-9.09814,72,397.391
1775441738486,746,1,-0.00785374,0.356904,1.05392,1.0189,0.983031,0.946636,0.04,-9.09814,-8.95259,72,398.064
1775441738599,747,1,-0.00952328,0.362287,1.0367,1.00223,0.966987,0.931287,0.04,-8.95259,-8.9853,72,398.468
1775441738714,748,1,-0.0101221,0.364658,1.02671,0.99264,0.957845,0.922621,0.04,-8.9853,-9.00948,72,399.194
1775441738827,749,1,-0.012776,0.377354,0.811838,0.78971,0.767244,0.744564,0.04,-9.00948,-9.19881,72,399.007
1775441738949,750,1,-0.0134092,0.377095,0.855287,0.830735,0.805796,0.780619,0.04,-9.19881,-9.14221,72,399.61
1775441739143,751,1,-0.0168571,0.392093,0.798141,0.775738,0.753078,0.73028,0.04,-9.14221,-9.31777,72,399.772
1775441739253,752,1,-0.0183117,0.399611,0.694188,0.676853,0.659363,0.641785,0.04,-9.31777,-9.43509,72,399.948
1775441739370,753,1,-0.0209679,0.414633,0.410198,0.403869,0.397512,0.391136,0.04,-9.43509,-9.69857,72,399.701
1775441739514,754,1,-0.0249184,0.436511,0.0441601,0.0440818,0.0440035,0.0439251,0.04,-9.69857,-10.0729,72,397.836
1775441739624,755,1,-0.0197039,0.402382,0.616317,0.602544,0.588661,0.574714,0.04,-10.0729,-9.42489,72,400.005
1775441739749,756,1,-0.0199775,0.403414,0.594432,0.58158,0.568631,0.555623,0.04,-9.42489,-9.43701,72,400.371
1775441739893,757,1,-0.0167776,0.382618,0.939212,0.909059,0.878453,0.84761,0.04,-9.43701,-9.04792,72,400.96
1775441740038,758,1,-0.0163038,0.381774,0.887827,0.860967,0.833709,0.806228,0.04,-9.04792,-9.06459,72,401.254
1775441740168,759,1,-0.014117,0.364916,1.19021,1.14431,1.09735,1.04986,0.04,-9.06459,-8.71948,74,403.694
1775441740271,760,1,-0.0172838,0.382272,0.991735,0.958135,0.924013,0.889638,0.04,-8.71948,-8.99647,72,403.774
1775441740398,761,1,-0.0143888,0.365059,1.00991,0.976916,0.943225,0.909118,0.04,-8.99647,-8.72811,74,405.866
1775441740521,762,1,-0.00320996,0.294319,2.22503,2.09598,1.95723,1.81402,0.04,-8.72811,-7.4343,80,409.909
1775441740617,763,1,-0.000542119,0.275378,2.79456,2.60171,2.38975,2.17076,0.04,-7.4343,-7.04272,82,411.132
1775441740743,764,1,0.00683757,0.228237,3.60087,3.32587,3.00468,2.66699,0.04,-7.04272,-6.18842,85,412.826
1775441740855,765,1,-0.0204496,0.395826,0.941736,0.910148,0.878203,0.846125,0.04,-6.18842,-9.15148,72,407.558
1775441740971,766,1,-0.0326433,0.470756,0.0939624,0.0935692,0.0931761,0.0927832,0.04,-9.15148,-10.4577,72,404.547
1775441741086,767,1,-0.0332579,0.482482,0.104975,0.104467,0.103959,0.103452,0.04,-10.4577,-10.7305,72,405.252
1775441741195,768,1,-0.0312157,0.475771,0.340281,0.33505,0.32983,0.324626,0.04,-10.7305,-10.6546,72,406.117
1775441741306,769,1,-0.030565,0.480151,0.279463,0.275889,0.272322,0.268763,0.04,-10.6546,-10.8269,72,406.186
1775441741407,770,1,-0.0330412,0.496102,0.0570154,0.0571715,0.0573276,0.0574839,0.04,-10.8269,-11.121,72,405.361
1775441741512,771,1,-0.0382388,0.529187,0.716532,0.74383,0.771385,0.799069,0.04,-11.121,-11.5414,72,404.208
1775441741628,772,1,-0.0419827,0.555052,1.21489,1.30009,1.38699,1.47436,0.04,-11.5414,-11.8808,72,402.888
1775441741732,773,1,-0.0320441,0.501268,1.27377,1.35321,1.4326,1.51061,0.04,-11.8808,-11.107,72,410.086
1775441741837,774,1,0.0567454,0.0254447,0.126344,0.12631,0.126273,0.126231,0.04,-11.107,-4.58482,90,451.452
1775441741938,775,1,0.141262,-0.440104,1.59434,1.69658,1.79518,1.88734,0.04,-4.58482,2.43427,100,484.539
1775441742052,776,1,0.18481,-0.704638,1.66581,1.92245,2.20725,2.51376,0.04,2.43427,6.66425,111,484.539
1775441742190,777,1,0.186672,-0.737271,1.64499,1.92291,2.2378,2.58398,0.04,6.66425,7.42746,114,484.539
1775441742302,778,1,-0.0105007,0.306519,0.962562,0.938011,0.912479,0.886174,0.04,7.42746,-7.4184,80,350
1775441742422,779,1,-0.00998518,0.316658,0.928059,0.904412,0.879931,0.854799,0.04,-7.4184,-7.73306,79,350
1775441742544,780,1,-0.00914238,0.326006,0.907919,0.884545,0.86043,0.835748,0.04,-7.73306,-8.04699,77,350
1775441742645,781,1,-0.00712965,0.336085,0.882991,0.860114,0.836598,0.812603,0.04,-8.04699,-8.46206,75,350
1775441742745,782,1,-0.00392605,0.354788,0.830759,0.809216,0.787211,0.764874,0.04,-8.46206,-9.19638,72,350
1775441742845,783,1,-0.00284334,0.364485,0.802397,0.781659,0.76054,0.739155,0.04,-9.19638,-9.53751,72,350
1775441742955,784,1,-0.00122839,0.367315,0.788369,0.768169,0.747616,0.726818,0.04,-9.53751,-9.72754,72,350
1775441743078,785,1,-0.00117119,0.372965,0.745358,0.726979,0.708316,0.689456,0.04,-9.72754,-9.89031,72,350
1775441743222,786,1,-0.000766907,0.378569,0.694218,0.677994,0.661552,0.644957,0.04,-9.89031,-10.077,72,350
1775441743334,787,1,-0.000765756,0.383464,0.628388,0.614895,0.601246,0.587485,0.04,-10.077,-10.2187,72,350
1775441743439,788,1,0.00109448,0.377989,0.641315,0.627504,0.613514,0.599396,0.04,-10.2187,-10.1973,72,350
1775441743556,789,1,0.00115606,0.384048,0.573374,0.562125,0.550756,0.539297,0.04,-10.1973,-10.375,72,350
1775441743686,790,1,0.00128695,0.388554,0.502933,0.49416,0.485307,0.476394,0.04,-10.375,-10.5161,72,350
1775441743802,791,1,0.00124178,0.395499,0.412457,0.40643,0.400361,0.39426,0.04,-10.5161,-10.714,72,350
1775441743907,792,1,0.0021557,0.395618,0.36778,0.362988,0.358166,0.353319,0.04,-10.714,-10.7869,72,350
1775441744012,793,1,0.00130968,0.40386,0.278851,0.276026,0.273188,0.270341,0.04,-10.7869,-10.9646,72,350
1775441744133,794,1,0.00149678,0.405109,0.244483,0.242303,0.240116,0.237921,0.04,-10.9646,-11.0165,72,350
1775441744259,795,1,0.00141108,0.410449,0.150422,0.149584,0.148743,0.147901,0.04,-11.0165,-11.1693,72,350
1775441744399,796,1,0.00300268,0.407556,0.141146,0.140414,0.139681,0.138947,0.04,-11.1693,-11.2025,72,350
1775441744516,797,1,0.00395513,0.407987,0.0855781,0.0853089,0.0850394,0.0847695,0.04,-11.2025,-11.2885,72,350
1775441744629,798,1,0.00539007,0.403272,0.0555141,0.0554025,0.0552909,0.0551791,0.04,-11.2885,-11.2648,72,350
1775441744737,799,1,0.00643231,0.400236,0.0280521,0.0280239,0.0279957,0.0279674,0.04,-11.2648,-11.259,72,350
1775441744848,800,1,0.00693228,0.400491,0.0290805,0.0291108,0.0291411,0.0291714,0.04,-11.259,-11.3002,72,350
1775441744962,801,1,0.00782216,0.397172,0.0569689,0.0570839,0.0571989,0.0573137,0.04,-11.3002,-11.2675,72,350
1775441745078,802,1,0.00921978,0.39227,0.0899514,0.0902337,0.0905154,0.0907965,0.04,-11.2675,-11.2262,72,350
1775441745181,803,1,0.0124225,0.377054,0.0936474,0.0939384,0.0942286,0.0945181,0.04,-11.2262,-11.0353,72,350
1775441745340,804,1,0.0133019,0.371617,0.110203,0.110599,0.110993,0.111386,0.04,-11.0353,-10.9464,72,350
1775441745475,805,1,0.0168216,0.35724,0.106959,0.107314,0.107668,0.10802,0.04,-10.9464,-10.8012,72,350
1775441745588,806,1,0.0218354,0.341517,0.0984964,0.0987814,0.0990652,0.0993478,0.04,-10.8012,-10.7236,72,350
1775441745707,807,1,0.0203906,0.330422,0.106115,0.106433,0.106749,0.107064,0.04,-10.7236,-10.3228,72,350
1775441745814,808,1,0.0223571,0.317256,0.104783,0.105078,0.105372,0.105664,0.04,-10.3228,-10.1028,72,350
1775441745931,809,1,0.022914,0.312809,0.115582,0.115935,0.116286,0.116635,0.04,-10.1028,-10.0193,72,350
1775441746046,810,1,0.0252467,0.297273,0.0965971,0.0968296,0.0970609,0.0972909,0.04,-10.0193,-9.76344,72,350
1775441746163,811,1,0.0257686,0.288925,0.0930568,0.0932656,0.0934733,0.0936799,0.04,-9.76344,-9.57435,72,350
1775441746293,812,1,0.0280662,0.270683,0.0707368,0.0708489,0.0709605,0.0710716,0.04,-9.57435,-9.24342,72,350
1775441746409,813,1,0.0294517,0.257297,0.0625272,0.06261,0.0626924,0.0627744,0.04,-9.24342,-8.97851,72,350
1775441746561,814,1,0.0298779,0.247093,0.0668175,0.0669079,0.0669977,0.0670871,0.04,-8.97851,-8.7314,74,350
1775441746692,815,1,0.0316422,0.226522,0.0461499,0.0461891,0.0462282,0.046267,0.04,-8.7314,-8.30045,76,350
1775441746804,816,1,0.0330986,0.209442,0.0199187,0.0199254,0.0199321,0.0199388,0.04,-8.30045,-7.94341,78,350
1775441746912,817,1,0.0344784,0.193477,0.000515343,0.000515347,0.000515351,0.000515356,0.04,-7.94341,-7.61015,79,350
1775441747030,818,1,0.0333283,0.189042,0.00832432,0.00832537,0.00832642,0.00832747,0.04,-7.61015,-7.40962,80,350
1775441747141,819,1,0.0337842,0.17607,0.00279036,0.00279047,0.00279058,0.00279069,0.04,-7.40962,-7.09132,82,350
1775441747240,820,1,0.0336312,0.166224,0.00682488,0.00682426,0.00682364,0.00682302,0.04,-7.09132,-6.81394,83,350
1775441747371,821,1,0.0332509,0.158551,0.0104403,0.010439,0.0104376,0.0104362,0.04,-6.81394,-6.57969,84,350
1775441747479,822,1,0.0326385,0.146545,0.0134546,0.0134524,0.0134503,0.0134482,0.04,-6.57969,-6.21242,85,350
1775441747609,823,1,0.0327459,0.139886,0.0175631,0.0175596,0.0175562,0.0175528,0.04,-6.21242,-6.03912,86,350
1775441747729,824,1,0.0323887,0.131769,0.0227255,0.0227201,0.0227147,0.0227093,0.04,-6.03912,-5.79423,86,350
1775441747848,825,1,0.0326652,0.122219,0.0308802,0.030871,0.0308617,0.0308523,0.04,-5.79423,-5.55387,87,350
1775441747970,826,1,0.0328102,0.115718,0.036008,0.0359961,0.0359841,0.0359721,0.04,-5.55387,-5.38731,88,350
1775441748077,827,1,0.0334988,0.108371,0.0463222,0.0463038,0.0462852,0.0462664,0.04,-5.38731,-5.23458,88,350
1775441748176,828,1,0.0329358,0.106358,0.0397261,0.0397129,0.0396995,0.0396859,0.04,-5.23458,-5.14236,88,350
1775441748287,829,1,0.031336,0.106132,0.0246841,0.024679,0.0246739,0.0246687,0.04,-5.14236,-5.0282,89,350
1775441748389,830,1,0.0308054,0.101221,0.0199166,0.0199134,0.0199102,0.019907,0.04,-5.0282,-4.85958,89,350
1775441748497,831,1,0.0303625,0.0983722,0.021692,0.0216883,0.0216847,0.021681,0.04,-4.85958,-4.7517,89,350
1775441748608,832,1,0.0322857,0.0886375,0.0455447,0.0455302,0.0455154,0.0455005,0.04,-4.7517,-4.61752,90,350
1775441748721,833,1,0.0319374,0.0889441,0.0365953,0.0365859,0.0365764,0.0365668,0.04,-4.61752,-4.60316,90,350
1775441748824,834,1,0.0323277,0.0837283,0.0451446,0.0451311,0.0451174,0.0451036,0.04,-4.60316,-4.48777,90,350
1775441748945,835,1,0.0322029,0.0810072,0.0517785,0.0517613,0.0517439,0.0517262,0.04,-4.48777,-4.40454,90,350
1775441749053,836,1,0.0322275,0.0743941,0.0603684,0.0603469,0.060325,0.0603027,0.04,-4.40454,-4.22613,91,350
1775441749191,837,1,0.0323882,0.0710403,0.0687405,0.0687139,0.0686866,0.0686587,0.04,-4.22613,-4.14521,91,350
1775441749289,838,1,0.0332477,0.0617384,0.1036,0.103547,0.103492,0.103435,0.04,-4.14521,-3.94759,91,350
1775441749398,839,1,0.0337355,0.0578889,0.116571,0.116508,0.116442,0.116373,0.04,-3.94759,-3.87512,91,350
1775441749517,840,1,0.0344635,0.051954,0.139056,0.138975,0.138888,0.138796,0.04,-3.87512,-3.76139,92,350
1775441749632,841,1,0.0345324,0.0476554,0.153953,0.153861,0.153762,0.153655,0.04,-3.76139,-3.64759,92,350
1775441749752,842,1,0.0352566,0.0399465,0.181117,0.181009,0.180888,0.180756,0.04,-3.64759,-3.48489,92,350
1775441749922,843,1,0.035769,0.0334465,0.207877,0.207755,0.207615,0.207457,0.04,-3.48489,-3.34031,92,350
1775441750073,844,1,0.036334,0.0270561,0.239605,0.23947,0.239307,0.239116,0.04,-3.34031,-3.20154,93,350
1775441750170,845,1,0.0365756,0.0234846,0.259217,0.259076,0.2589,0.258689,0.04,-3.20154,-3.11855,93,350
1775441750282,846,1,0.0371373,0.0189366,0.280486,0.280348,0.280165,0.279937,0.04,-3.11855,-3.03101,93,350
1775441750386,847,1,0.0371352,0.0166989,0.292913,0.292776,0.292588,0.29235,0.04,-3.03101,-2.96839,93,350
1775441750485,848,1,0.0382309,0.00977102,0.325503,0.325388,0.325202,0.324947,0.04,-2.96839,-2.8516,93,350
1775441750598,849,1,0.0378749,0.0104536,0.325591,0.32547,0.325278,0.325017,0.04,-2.8516,-2.84544,93,350
1775441750723,850,1,0.0376035,0.00812446,0.337826,0.337715,0.337525,0.337258,0.04,-2.84544,-2.76182,93,350
1775441750836,851,1,0.0381991,0.00308712,0.36891,0.368827,0.368641,0.368354,0.04,-2.76182,-2.66183,94,350
1775441750955,852,1,0.0385889,-0.000557393,0.39602,0.395964,0.395782,0.395475,0.04,-2.66183,-2.58591,94,350
1775441751077,853,1,0.0389003,-0.00415534,0.427816,0.427796,0.427617,0.42728,0.04,-2.58591,-2.50511,94,350
1775441751177,854,1,0.0393085,-0.00762178,0.46217,0.462197,0.462024,0.461651,0.04,-2.50511,-2.43414,94,350
1775441751295,855,1,0.0399488,-0.0131658,0.496017,0.496145,0.496027,0.495661,0.04,-2.43414,-2.32309,94,350
1775441751395,856,1,0.0398456,-0.0167266,0.528895,0.52911,0.529025,0.52864,0.04,-2.32309,-2.2145,94,350
1775441751493,857,1,0.0398081,-0.0169933,0.544678,0.544908,0.544809,0.544383,0.04,-2.2145,-2.20218,94,350
1775441751610,858,1,0.0401033,-0.0216333,0.572878,0.573241,0.573223,0.572822,0.04,-2.20218,-2.09266,94,350
1775441751712,859,1,0.0395214,-0.0210612,0.588294,0.588656,0.588605,0.58814,0.04,-2.09266,-2.06552,94,350
1775441751837,860,1,0.0392337,-0.0202094,0.600329,0.600678,0.600588,0.600058,0.04,-2.06552,-2.06679,94,350
1775441751951,861,1,0.039702,-0.0231347,0.626582,0.627041,0.627001,0.626461,0.04,-2.06679,-2.01587,95,350
1775441752083,862,1,0.0378655,-0.0169323,0.614559,0.614823,0.614615,0.613937,0.04,-2.01587,-2.05871,94,350
1775441752204,863,1,0.0383627,-0.0206906,0.638875,0.63927,0.639135,0.63847,0.04,-2.05871,-1.98759,95,350
1775441752325,864,1,0.224875,-0.901801,0.250953,0.2612,0.271915,0.283118,0.04,-1.98759,8.89952,121,324.573
1775441752445,865,1,0.093036,-0.311446,1.4735,1.52848,1.57806,1.62108,0.04,8.89952,2.24797,100,426.061
1775441752569,866,1,0.0986297,-0.334968,1.54631,1.61262,1.673,1.72586,0.04,2.24797,2.51296,100,431.853
1775441752711,867,1,0.0868966,-0.297313,1.53108,1.58697,1.63656,1.67858,0.04,2.51296,2.29864,100,419.651
1775441752875,868,1,0.0729822,-0.24976,1.48545,1.52798,1.56432,1.59361,0.04,2.29864,1.96155,99,405.642
1775441753024,869,1,0.0556309,-0.185046,1.39412,1.42045,1.44138,1.45647,0.04,1.96155,1.38992,99,388.871
1775441753149,870,1,0.0344935,-0.103272,1.23093,1.24139,1.24803,1.25075,0.04,1.38992,0.60759,98,370.486
1775441753275,871,1,0.0236026,-0.0613936,1.13714,1.14186,1.14358,1.14227,0.04,0.60759,0.210753,97,360.428
1775441753400,872,1,0.0201347,-0.0425,1.11712,1.11985,1.11974,1.11679,0.04,0.210753,-0.0644351,97,358.908
1775441753535,873,1,0.0185632,-0.0288508,1.11038,1.11177,1.11037,1.10621,0.04,-0.0644351,-0.326417,97,357.232
1775441753659,874,1,0.0164833,-0.0151316,1.11526,1.11532,1.11257,1.10705,0.04,-0.326417,-0.553461,96,356.142
1775441753778,875,1,0.0168768,-0.00609015,1.14052,1.13963,1.13575,1.12893,0.04,-0.553461,-0.821493,96,355.73
1775441753921,876,1,0.0172418,-0.00281512,1.16732,1.166,1.16149,1.15383,0.04,-0.821493,-0.931287,96,355.609
1775441754069,877,1,0.016651,0.0101759,1.18655,1.18375,1.1776,1.16819,0.04,-0.931287,-1.23924,96,354.844
1775441754198,878,1,0.0157589,0.0257921,1.18473,1.18023,1.17243,1.16145,0.04,-1.23924,-1.6007,95,354.61
1775441754323,879,1,0.0167638,0.0324766,1.20903,1.20355,1.19458,1.18225,0.04,-1.6007,-1.84742,95,354.81
1775441754452,880,1,0.0170359,0.0413894,1.23122,1.22445,1.21402,1.20009,0.04,-1.84742,-2.10419,94,354.701
1775441754594,881,1,0.0173088,0.050292,1.25733,1.24913,1.23707,1.22133,0.04,-2.10419,-2.3602,94,354.8
1775441754714,882,1,0.0167085,0.0655895,1.26402,1.25382,1.23975,1.22202,0.04,-2.3602,-2.73198,93,355.543
1775441754829,883,1,0.00437384,0.127965,0.985887,0.975146,0.962665,0.948563,0.04,-2.73198,-3.60989,92,345.942
1775441754961,884,1,0.00342761,0.142312,0.953916,0.942834,0.930204,0.916138,0.04,-3.60989,-3.93742,91,346.364
1775441755088,885,1,0.0191867,0.0849408,1.35649,1.34179,1.32242,1.29872,0.04,-3.93742,-3.41372,92,356.574
1775441755279,886,1,0.0198528,0.0914865,1.37443,1.35833,1.33742,1.31207,0.04,-3.41372,-3.63435,92,356.728
1775441755386,887,1,0.0217901,0.102348,1.41111,1.39238,1.36851,1.33995,0.04,-3.63435,-4.05699,91,356.114
1775441755512,888,1,0.0221296,0.10612,1.43756,1.41745,1.39194,1.36154,0.04,-4.05699,-4.17894,91,356.155
1775441755637,889,1,0.0233247,0.110451,1.46791,1.44614,1.41868,1.38607,0.04,-4.17894,-4.37446,90,356.505
1775441755752,890,1,0.0237773,0.118274,1.48856,1.46476,1.43509,1.40018,0.04,-4.37446,-4.61475,90,356.644
1775441755876,891,1,0.0238089,0.125758,1.49845,1.47298,1.44159,1.40495,0.04,-4.61475,-4.81831,89,357.197
1775441756008,892,1,0.0240731,0.135476,1.5,1.47273,1.43961,1.40136,0.04,-4.81831,-5.09964,88,358.015
1775441756126,893,1,0.0238066,0.146928,1.51079,1.481,1.44537,1.40465,0.04,-5.09964,-5.39004,88,359.515
1775441756251,894,1,0.0242626,0.155842,1.51833,1.48657,1.44898,1.40636,0.04,-5.39004,-5.66201,87,360.721
1775441756376,895,1,0.023104,0.170563,1.51085,1.47668,1.43694,1.39244,0.04,-5.66201,-5.98191,86,362.301
1775441756507,896,1,0.0234858,0.178242,1.55842,1.52044,1.47647,1.42748,0.04,-5.98191,-6.20996,85,363.958
1775441756632,897,1,0.0244455,0.184539,1.58181,1.54133,1.4947,1.44297,0.04,-6.20996,-6.44374,84,365.639
1775441756750,898,1,0.0229736,0.201636,1.5394,1.49778,1.4507,1.39916,0.04,-6.44374,-6.81105,83,368.253
1775441756875,899,1,0.0227862,0.213282,1.49606,1.45463,1.40832,1.35806,0.04,-6.81105,-7.11945,82,370.227
1775441757000,900,1,0.0228617,0.221444,1.5192,1.47484,1.42551,1.37222,0.04,-7.11945,-7.34278,81,372.349
1775441757136,901,1,0.0226513,0.229569,1.56748,1.51846,1.46415,1.40573,0.04,-7.34278,-7.54214,80,370.609
1775441757302,902,1,0.0230373,0.235425,1.72436,1.6632,1.5953,1.5224,0.04,-7.54214,-7.70743,79,369.214
1775441757418,903,1,0.0178514,0.274024,1.31963,1.27836,1.23433,1.1882,0.04,-7.70743,-8.4477,75,377.171
1775441757534,904,1,0.017775,0.281043,1.27807,1.23836,1.1962,1.15218,0.04,-8.4477,-8.63796,74,379.024
1775441757650,905,1,0.0149195,0.30474,1.08618,1.05503,1.0225,0.988918,0.04,-8.63796,-9.10801,72,379.272
1775441757758,906,1,0.00781615,0.345011,0.636324,0.624128,0.611692,0.599061,0.04,-9.10801,-9.76997,72,377.605
1775441757875,907,1,0.00593042,0.354986,0.533712,0.524853,0.51586,0.506754,0.04,-9.76997,-9.92435,72,377.318
1775441757991,908,1,0.00487126,0.360363,0.468401,0.46146,0.454431,0.447327,0.04,-9.92435,-10.0062,72,377.201
1775441758109,909,1,0.00341882,0.369564,0.349484,0.345507,0.341495,0.337452,0.04,-10.0062,-10.1724,72,376.291
1775441758234,910,1,0.00470139,0.359342,0.408024,0.40278,0.397476,0.392119,0.04,-10.1724,-9.97584,72,377.079
1775441758355,911,1,0.00632293,0.347097,0.473345,0.466567,0.459686,0.452718,0.04,-9.97584,-9.74704,72,377.097
1775441758486,912,1,0.00663804,0.339705,0.503575,0.496091,0.488479,0.480756,0.04,-9.74704,-9.56442,72,377.486
1775441758611,913,1,0.00706287,0.331107,0.57571,0.566203,0.556498,0.546623,0.04,-9.56442,-9.3507,72,377.518
1775441758728,914,1,0.00817441,0.319311,0.659163,0.647188,0.634899,0.622345,0.04,-9.3507,-9.09635,72,377.455
1775441758847,915,1,0.00959783,0.307825,0.765529,0.749995,0.73395,0.717478,0.04,-9.09635,-8.86868,73,377.249
1775441758963,916,1,0.0118482,0.291427,0.919649,0.898467,0.876355,0.853477,0.04,-8.86868,-8.55869,75,377.91
1775441759079,917,1,0.0130492,0.278266,1.07139,1.04393,1.01495,0.984744,0.04,-8.55869,-8.26446,76,378.731
1775441759203,918,1,0.0148356,0.262315,1.30029,1.26203,1.22098,1.17775,0.04,-8.26446,-7.92502,78,379.657
1775441759336,919,1,0.016835,0.242708,1.49227,1.44543,1.39418,1.33953,0.04,-7.92502,-7.50664,80,380.797
1775441759457,920,1,0.0155931,0.240158,1.56411,1.51307,1.45697,1.39699,0.04,-7.50664,-7.34244,81,382.382
1775441759557,921,1,0.0163046,0.229965,1.74045,1.67953,1.61156,1.53832,0.04,-7.34244,-7.09272,82,384.031
1775441759669,922,1,0.0141221,0.23651,1.69359,1.63439,1.5688,1.49844,0.04,-7.09272,-7.12538,82,384.81
1775441759793,923,1,0.0129169,0.238927,1.76341,1.69843,1.62637,1.54916,0.04,-7.12538,-7.09893,82,386.803
1775441759986,924,1,0.00850943,0.264159,1.50411,1.45223,1.39622,1.33715,0.04,-7.09893,-7.51156,80,388.367
1775441760143,925,1,0.005331,0.285291,1.33456,1.29051,1.24375,1.19501,0.04,-7.51156,-7.88656,78,392.722
1775441760273,926,1,-0.00562258,0.343116,0.690194,0.675925,0.66135,0.646531,0.04,-7.88656,-8.78338,73,394.628
1775441760380,927,1,-0.0114201,0.377283,0.379601,0.374788,0.369933,0.365042,0.04,-8.78338,-9.3523,72,397.922
1775441760499,928,1,-0.0120283,0.38077,0.326167,0.322575,0.318957,0.315317,0.04,-9.3523,-9.41257,72,398.417
1775441760613,929,1,-0.0121745,0.379784,0.351996,0.347824,0.34362,0.339389,0.04,-9.41257,-9.37196,72,398.846
1775441760772,930,1,-0.0183214,0.412184,0.0613954,0.0615356,0.0616757,0.0618157,0.04,-9.37196,-9.86793,72,402.206
1775441760898,931,1,-0.0204082,0.420198,0.0618814,0.0620275,0.0621735,0.0623194,0.04,-9.86793,-9.94044,72,406.084
1775441761031,932,1,-0.020055,0.409534,0.125749,0.125165,0.124579,0.123993,0.04,-9.94044,-9.66676,72,408.498
1775441761136,933,1,-0.0184571,0.395953,0.288055,0.285114,0.282159,0.27919,0.04,-9.66676,-9.38512,72,409.824
1775441761254,934,1,-0.0163072,0.382222,0.46043,0.453228,0.445958,0.438633,0.04,-9.38512,-9.13663,72,410.294
1775441761371,935,1,-0.0109682,0.345531,0.879006,0.855602,0.831614,0.807199,0.04,-9.13663,-8.45334,75,412.209
1775441761493,936,1,-0.0104951,0.339478,0.980801,0.952202,0.922776,0.892761,0.04,-8.45334,-8.30836,76,411.922
1775441761628,937,1,-0.00941135,0.328179,1.1119,1.07645,1.03973,1.00212,0.04,-8.30836,-8.05978,77,410.729
1775441761752,938,1,-0.00746935,0.313626,1.25166,1.20882,1.16406,1.11796,0.04,-8.05978,-7.78139,79,410.294
1775441761870,939,1,-0.00622218,0.303985,1.30767,1.26242,1.21488,1.16571,0.04,-7.78139,-7.59905,79,409.862
1775441762008,940,1,-0.00419261,0.286238,1.58912,1.52604,1.45866,1.38839,0.04,-7.59905,-7.22246,81,409.563
1775441762120,941,1,-0.0060428,0.294227,1.46654,1.4114,1.35293,1.2922,0.04,-7.22246,-7.32659,81,408.45
1775441762231,942,1,-0.00725468,0.304971,1.27854,1.23517,1.18964,1.14258,0.04,-7.32659,-7.55818,80,408.365
1775441762347,943,1,-0.00476899,0.293094,1.4573,1.40309,1.34558,1.28581,0.04,-7.55818,-7.38506,80,409.258
1775441762459,944,1,-0.00957666,0.323778,1.08528,1.05203,1.01755,0.982191,0.04,-7.38506,-7.9327,78,408.167
1775441762584,945,1,-0.0126899,0.345471,0.847315,0.825583,0.803322,0.780669,0.04,-7.9327,-8.33713,76,407.474
1775441762728,946,1,-0.0135641,0.355035,0.767865,0.749461,0.730687,0.711635,0.04,-8.33713,-8.54664,75,407.375
1775441762847,947,1,-0.0187495,0.387897,0.40603,0.40033,0.394585,0.388804,0.04,-8.54664,-9.12945,72,408.023
1775441762958,948,1,-0.0235558,0.417988,0.0690874,0.0689063,0.0687252,0.0685438,0.04,-9.12945,-9.6623,72,407.514
1775441763082,949,1,-0.0267038,0.439385,0.105513,0.105964,0.106414,0.106864,0.04,-9.6623,-10.0174,72,408.123
1775441763217,950,1,-0.0308911,0.461808,0.309268,0.313415,0.317558,0.321692,0.04,-10.0174,-10.3008,72,408.015
1775441763349,951,1,-0.0330077,0.47277,0.424426,0.4325,0.440571,0.448625,0.04,-10.3008,-10.4313,72,408.447
1775441763463,952,1,-0.0346278,0.477817,0.440882,0.449729,0.458577,0.467411,0.04,-10.4313,-10.453,72,409.521
1775441763613,953,1,-0.0358088,0.480674,0.563283,0.577851,0.59242,0.606948,0.04,-10.453,-10.4271,72,411.082
1775441763735,954,1,-0.0336412,0.464663,0.434679,0.442941,0.451191,0.459414,0.04,-10.4271,-10.1668,72,414.335
1775441763871,955,1,-0.0275878,0.423454,0.0580715,0.0579414,0.0578112,0.057681,0.04,-10.1668,-9.53372,72,417.549
1775441763999,956,1,-0.0266632,0.415743,0.114827,0.11433,0.113832,0.113334,0.04,-9.53372,-9.38015,72,419.755
1775441764111,957,1,-0.0257953,0.408446,0.165955,0.16494,0.163923,0.162904,0.04,-9.38015,-9.23488,72,421.489
1775441764234,958,1,-0.0230183,0.390586,0.361675,0.357114,0.352523,0.347907,0.04,-9.23488,-8.91413,73,423.631
1775441764352,959,1,-0.0225566,0.384121,0.497934,0.489456,0.480895,0.472271,0.04,-8.91413,-8.75113,74,424.824
1775441764480,960,1,-0.0226111,0.381359,0.570132,0.559106,0.547957,0.536715,0.04,-8.75113,-8.66221,74,426.085
1775441764588,961,1,-0.0247727,0.390367,0.46837,0.46072,0.453005,0.445242,0.04,-8.66221,-8.77128,73,426.565
1775441764729,962,1,-0.0239393,0.383905,0.548588,0.538299,0.527902,0.517424,0.04,-8.77128,-8.64251,74,426.865
1775441764878,963,1,-0.0236361,0.379384,0.655993,0.641474,0.62677,0.611934,0.04,-8.64251,-8.52583,75,426.796
1775441765058,964,1,-0.0246184,0.38098,0.59411,0.582148,0.570048,0.557845,0.04,-8.52583,-8.50997,75,426.645
1775441765184,965,1,-0.0246775,0.378111,0.66709,0.652136,0.636984,0.621692,0.04,-8.50997,-8.41794,75,426.239
1775441765310,966,1,-0.0262876,0.386413,0.550612,0.540163,0.529609,0.518977,0.04,-8.41794,-8.54788,75,424.838
1775441765436,967,1,-0.0255261,0.38151,0.579695,0.56829,0.556755,0.545124,0.04,-8.54788,-8.46372,75,423.928
1775441765565,968,1,-0.0262636,0.385591,0.501713,0.493064,0.484333,0.475539,0.04,-8.46372,-8.53439,75,422.654
1775441765687,969,1,-0.0271874,0.387981,0.433407,0.426908,0.420356,0.413762,0.04,-8.53439,-8.54524,75,421.997
1775441765795,970,1,-0.0275387,0.388228,0.415581,0.409602,0.403576,0.397512,0.04,-8.54524,-8.5303,75,421.528
1775441765910,971,1,-0.0270865,0.384226,0.424196,0.418046,0.411843,0.405597,0.04,-8.5303,-8.45205,75,420.808
1775441766032,972,1,-0.0259528,0.378524,0.434425,0.428091,0.421697,0.415254,0.04,-8.45205,-8.37461,76,420.038
1775441766152,973,1,-0.0257909,0.375305,0.410256,0.404667,0.399026,0.39334,0.04,-8.37461,-8.3023,76,418.585
1775441766264,974,1,-0.0261428,0.377685,0.305266,0.302151,0.299015,0.295859,0.04,-8.3023,-8.35802,76,416.719
1775441766384,975,1,-0.0239059,0.364575,0.395602,0.390587,0.385519,0.380405,0.04,-8.35802,-8.14451,77,415.136
1775441766493,976,1,-0.0229227,0.357237,0.429994,0.42421,0.418353,0.412435,0.04,-8.14451,-8.00882,78,413.39
1775441766612,977,1,-0.021765,0.349092,0.472009,0.465223,0.458338,0.451366,0.04,-8.00882,-7.86229,78,412.087
1775441766728,978,1,-0.0214387,0.346585,0.458112,0.451776,0.445346,0.438836,0.04,-7.86229,-7.81907,78,410.594
1775441766859,979,1,-0.0213223,0.343678,0.439477,0.433705,0.427848,0.421918,0.04,-7.81907,-7.75126,79,408.575
1775441766980,980,1,-0.0216686,0.34427,0.402905,0.398047,0.393123,0.388142,0.04,-7.75126,-7.74878,79,407.028
1775441767089,981,1,-0.0212884,0.342935,0.378484,0.374219,0.369898,0.365528,0.04,-7.74878,-7.74256,79,406.297
1775441767217,982,1,-0.0216156,0.344872,0.345921,0.342336,0.338709,0.335045,0.04,-7.74256,-7.77724,79,405.631
1775441767332,983,1,-0.0217497,0.346852,0.29008,0.287544,0.284984,0.2824,0.04,-7.77724,-7.82993,78,404.22
1775441767456,984,1,-0.0207441,0.344431,0.256478,0.254513,0.252531,0.250532,0.04,-7.82993,-7.83904,78,402.014
1775441767572,985,1,-0.0196137,0.341778,0.227892,0.226356,0.224807,0.223247,0.04,-7.83904,-7.84972,78,400.273
1775441767706,986,1,-0.0193947,0.341991,0.173953,0.173058,0.172157,0.171252,0.04,-7.84972,-7.8789,78,397.903
1775441767826,987,1,-0.019068,0.341634,0.12066,0.120231,0.119799,0.119366,0.04,-7.8789,-7.90006,78,395.207
1775441767953,988,1,-0.0191033,0.343144,0.0632392,0.0631207,0.063002,0.0628829,0.04,-7.90006,-7.94742,78,392.823
1775441768080,989,1,-0.0187673,0.34184,0.0234553,0.0234391,0.0234229,0.0234066,0.04,-7.94742,-7.94167,78,390.934
1775441768211,990,1,-0.0181934,0.338013,0.0074962,0.00749457,0.00749294,0.0074913,0.04,-7.94167,-7.88035,78,389.314
1775441768333,991,1,-0.0169908,0.330965,0.0033996,0.00339927,0.00339894,0.00339861,0.04,-7.88035,-7.7735,79,387.835
1775441768479,992,1,-0.0162273,0.326335,0.00943627,0.00943875,0.00944123,0.00944371,0.04,-7.7735,-7.70009,79,386.638
1775441768604,993,1,-0.0153726,0.320876,0.0292231,0.0292464,0.0292697,0.029293,0.04,-7.70009,-7.60837,79,384.509
1775441768728,994,1,-0.0127858,0.305908,0.0107651,0.0107621,0.0107591,0.0107561,0.04,-7.60837,-7.38528,80,384.416
1775441768870,995,1,-0.00988546,0.291149,0.0474743,0.0474192,0.047364,0.0473086,0.04,-7.38528,-7.18068,81,383.881
1775441769013,996,1,-0.0105757,0.289897,0.0236506,0.023637,0.0236234,0.0236097,0.04,-7.18068,-7.10294,82,382.189
1775441769145,997,1,-0.00864588,0.279871,0.0347328,0.0347046,0.0346764,0.0346481,0.04,-7.10294,-6.96338,82,380.596
1775441769278,998,1,-0.00798222,0.272972,0.019929,0.01992,0.019911,0.019902,0.04,-6.96338,-6.82503,83,378.914
1775441769460,999,1,-0.00718912,0.265601,0.0186221,0.0186145,0.0186069,0.0185992,0.04,-6.82503,-6.68072,83,377.856
1775441769595,1000,1,-0.00615975,0.257215,0.00781438,0.00781308,0.00781178,0.00781049,0.04,-6.68072,-6.5268,84,376.207
1775441769711,1001,1,-0.0046985,0.249385,0.00703772,0.0070367,0.00703569,0.00703467,0.04,-6.5268,-6.41611,84,374.76
1775441769846,1002,1,-0.00412048,0.246304,0.00976651,0.00976844,0.00977036,0.00977229,0.04,-6.41611,-6.37227,84,374.083
1775441769985,1003,1,-0.00291806,0.238707,0.00748808,0.00748917,0.00749027,0.00749136,0.04,-6.37227,-6.25028,85,372.87
1775441770108,1004,1,-0.00226733,0.234082,0.016553,0.0165583,0.0165635,0.0165687,0.04,-6.25028,-6.16874,85,371.81
1775441770242,1005,1,-0.00187318,0.230425,0.0283467,0.0283617,0.0283768,0.0283918,0.04,-6.16874,-6.0952,85,371.077
1775441770397,1006,1,-0.00177521,0.226606,0.0410472,0.0410783,0.0411092,0.04114,0.04,-6.0952,-5.99672,86,370.388
1775441770530,1007,1,4.68493e-05,0.215667,0.0339651,0.0339852,0.0340053,0.0340253,0.04,-5.99672,-5.82793,86,368.638
1775441770667,1008,1,-9.72301e-05,0.214407,0.0610269,0.0610914,0.0611556,0.0612193,0.04,-5.82793,-5.77958,86,367.072
1775441770790,1009,1,0.00060568,0.211083,0.0738222,0.073915,0.0740071,0.0740985,0.04,-5.77958,-5.7362,87,366.092
1775441770928,1010,1,0.00145369,0.206709,0.0811601,0.0812698,0.0813784,0.0814862,0.04,-5.7362,-5.67534,87,365.067
1775441771093,1011,1,0.00288773,0.197729,0.0780637,0.0781604,0.0782562,0.0783512,0.04,-5.67534,-5.53208,87,363.438
1775441771236,1012,1,0.0032654,0.194916,0.0951924,0.0953338,0.0954738,0.0956121,0.04,-5.53208,-5.47935,87,363.019
1775441771368,1013,1,0.00410426,0.190096,0.103787,0.103951,0.104112,0.104272,0.04,-5.47935,-5.4056,88,362.071
1775441771509,1014,1,0.00510669,0.183554,0.108435,0.108607,0.108777,0.108944,0.04,-5.4056,-5.29721,88,361.149
1775441771642,1015,1,0.00600398,0.176212,0.103425,0.103575,0.103723,0.103868,0.04,-5.29721,-5.16147,88,360.562
1775441771783,1016,1,0.00640267,0.172541,0.111618,0.111789,0.111957,0.112122,0.04,-5.16147,-5.08845,89,360.375
1775441771927,1017,1,0.00825505,0.163186,0.10441,0.104551,0.104689,0.104826,0.04,-5.08845,-4.96457,89,359.441
1775441772050,1018,1,0.00899634,0.158181,0.109178,0.109327,0.109473,0.109617,0.04,-4.96457,-4.87968,89,359.413
1775441772169,1019,1,0.00982762,0.153861,0.118254,0.118424,0.118591,0.118754,0.04,-4.87968,-4.81884,89,359.273
1775441772308,1020,1,0.0117198,0.144628,0.0933656,0.0934649,0.0935627,0.0936589,0.04,-4.81884,-4.70385,90,358.865
1775441772433,1021,1,0.0124515,0.139611,0.100451,0.100562,0.100671,0.100777,0.04,-4.70385,-4.61759,90,358.725
1775441772577,1022,1,0.013742,0.133913,0.0931162,0.0932074,0.093297,0.0933851,0.04,-4.61759,-4.55381,90,358.817
1775441772712,1023,1,0.0154369,0.125375,0.0803556,0.0804191,0.0804816,0.080543,0.04,-4.55381,-4.44206,90,358.838
1775441772821,1024,1,0.0174596,0.11684,0.0633039,0.0633406,0.0633768,0.0634125,0.04,-4.44206,-4.35365,90,358.485
1775441772955,1025,1,0.0176817,0.114234,0.0701551,0.0701991,0.0702424,0.0702851,0.04,-4.35365,-4.29743,90,358.18
1775441773089,1026,1,0.0183037,0.112147,0.0837936,0.0838551,0.0839155,0.0839746,0.04,-4.29743,-4.28177,91,358.154
1775441773219,1027,1,0.0185616,0.108315,0.0774173,0.077468,0.0775178,0.0775666,0.04,-4.28177,-4.19702,91,357.969
1775441773371,1028,1,0.0200378,0.101141,0.0757896,0.0758348,0.0758793,0.0759228,0.04,-4.19702,-4.10526,91,357.846
1775441773486,1029,1,0.02126,0.0945674,0.0701016,0.0701378,0.0701733,0.0702081,0.04,-4.10526,-4.01282,91,357.946
1775441773628,1030,1,0.0222233,0.0899009,0.0653106,0.0653405,0.0653698,0.0653985,0.04,-4.01282,-3.95392,91,357.891
1775441773772,1031,1,0.0230014,0.0855177,0.062861,0.0628873,0.062913,0.0629383,0.04,-3.95392,-3.88954,91,357.91
1775441773907,1032,1,0.0241088,0.0797797,0.0604956,0.0605183,0.0605405,0.0605623,0.04,-3.88954,-3.81124,92,358.17
1775441774027,1033,1,0.0249975,0.0731741,0.0508306,0.0508453,0.0508597,0.0508739,0.04,-3.81124,-3.69557,92,358.196
1775441774168,1034,1,0.0251646,0.0695935,0.0530533,0.0530685,0.0530834,0.053098,0.04,-3.69557,-3.60994,92,357.812
1775441774304,1035,1,0.0257734,0.0652119,0.049522,0.0495344,0.0495465,0.0495584,0.04,-3.60994,-3.53409,92,357.772
1775441774443,1036,1,0.025635,0.0635484,0.0547167,0.0547315,0.0547459,0.0547599,0.04,-3.53409,-3.47874,92,357.78
1775441774571,1037,1,0.0265756,0.0571755,0.0465804,0.04659,0.0465994,0.0466086,0.04,-3.47874,-3.37269,92,357.561
1775441774702,1038,1,0.0263776,0.0549362,0.0466449,0.0466542,0.0466632,0.046672,0.04,-3.37269,-3.29847,92,357.444
1775441774866,1039,1,0.0267864,0.050521,0.0398362,0.0398424,0.0398485,0.0398545,0.04,-3.29847,-3.20842,93,356.995
1775441775035,1040,1,0.0274138,0.0458079,0.0366403,0.0366451,0.0366497,0.0366543,0.04,-3.20842,-3.12482,93,356.461
1775441775157,1041,1,0.0272999,0.0418906,0.037921,0.0379257,0.0379302,0.0379346,0.04,-3.12482,-3.01087,93,355.632
1775441775316,1042,1,0.0280197,0.0368674,0.0292211,0.0292235,0.0292259,0.0292282,0.04,-3.01087,-2.92614,93,355.486
1775441775451,1043,1,0.0276177,0.0357411,0.0399974,0.0400018,0.0400061,0.0400102,0.04,-2.92614,-2.86623,93,354.698
1775441775569,1044,1,0.0283021,0.0316402,0.0338077,0.0338105,0.0338132,0.0338158,0.04,-2.86623,-2.8036,93,354.751
1775441775699,1045,1,0.028266,0.0283484,0.0306404,0.0306424,0.0306444,0.0306463,0.04,-2.8036,-2.71263,93,354.105
1775441775818,1046,1,0.0281964,0.0268125,0.0373063,0.0373091,0.0373119,0.0373145,0.04,-2.71263,-2.66524,94,353.953
1775441775947,1047,1,0.0285336,0.0242767,0.0316122,0.0316141,0.0316159,0.0316176,0.04,-2.66524,-2.62087,94,353.711
1775441776082,1048,1,0.0280893,0.0230555,0.0387923,0.0387949,0.0387974,0.0387998,0.04,-2.62087,-2.55605,94,353.828
1775441776212,1049,1,0.0279985,0.0211426,0.0453862,0.0453895,0.0453926,0.0453955,0.04,-2.55605,-2.49703,94,353.821
1775441776339,1050,1,0.0287946,0.0142846,0.0245008,0.0245014,0.0245021,0.0245026,0.04,-2.49703,-2.36992,94,353.623
1775441776467,1051,1,0.0279891,0.0133931,0.0342792,0.0342804,0.0342815,0.0342825,0.04,-2.36992,-2.28866,94,353.373
1775441776582,1052,1,0.0276556,0.0126092,0.0375403,0.0375417,0.0375429,0.037544,0.04,-2.28866,-2.24392,94,353.194
1775441776712,1053,1,0.0292183,0.00283269,0.00955702,0.00955704,0.00955706,0.00955707,0.04,-2.24392,-2.09196,94,353.067
1775441776839,1054,1,0.0288333,0.00117431,0.0181092,0.0181092,0.0181092,0.0181092,0.04,-2.09196,-2.01919,95,352.725
1775441776975,1055,1,0.0271642,0.00427751,0.0305823,0.0305826,0.0305828,0.030583,0.04,-2.01919,-1.98587,95,352.786
1775441777105,1056,1,0.0265642,0.00259774,0.0329289,0.0329291,0.0329292,0.0329293,0.04,-1.98587,-1.89868,95,352.605
1775441777243,1057,1,0.0268519,-0.00317056,0.0227249,0.0227248,0.0227246,0.0227244,0.04,-1.89868,-1.76424,95,352.583
1775441777371,1058,1,0.0274847,-0.00904068,0.00756373,0.00756369,0.00756365,0.00756361,0.04,-1.76424,-1.65164,95,352.821
1775441777494,1059,1,0.027715,-0.0137533,0.0062337,0.00623374,0.00623378,0.00623382,0.04,-1.65164,-1.54035,95,353.337
1775441777622,1060,1,0.0273667,-0.0141045,0.00589391,0.00589395,0.00589398,0.00589402,0.04,-1.54035,-1.50685,95,353.852
1775441777743,1061,1,0.0274194,-0.020055,0.0233583,0.0233591,0.0233599,0.0233607,0.04,-1.50685,-1.34689,95,353.76
1775441777917,1062,1,0.0275387,-0.0219758,0.0273791,0.0273803,0.0273816,0.0273827,0.04,-1.34689,-1.30254,95,353.997
1775441778045,1063,1,0.0287975,-0.0326779,0.0876141,0.087633,0.0876506,0.0876667,0.04,-1.30254,-1.0906,96,354.706
1775441778169,1064,1,0.0334267,-0.0621287,0.262643,0.26296,0.263241,0.263485,0.04,-1.0906,-0.586092,96,357.634
1775441778315,1065,1,0.0394777,-0.0954837,0.480923,0.482548,0.48395,0.485126,0.04,-0.586092,-0.0670844,97,360.279
1775441778441,1066,1,0.0385013,-0.0960318,0.502389,0.504168,0.505693,0.50696,0.04,-0.0670844,0.0185563,97,359.677
1775441778562,1067,1,0.037699,-0.0944031,0.49771,0.499426,0.500893,0.50211,0.04,0.0185563,0.0291664,97,358.704
1775441778687,1068,1,0.0344871,-0.0806766,0.420221,0.421264,0.422158,0.422901,0.04,0.0291664,-0.132644,97,357.423
1775441778805,1069,1,0.0327276,-0.0750473,0.384416,0.385228,0.385926,0.386508,0.04,-0.132644,-0.169139,97,355.736
1775441778914,1070,1,0.0307974,-0.0682928,0.369537,0.370217,0.370795,0.37127,0.04,-0.169139,-0.220894,97,355.172
1775441779055,1071,1,0.0286259,-0.059075,0.31575,0.316179,0.316544,0.316846,0.04,-0.220894,-0.328778,97,353.844
1775441779179,1072,1,0.0242325,-0.0376831,0.18835,0.188448,0.188532,0.188603,0.04,-0.328778,-0.624123,96,351.437
1775441779335,1073,1,0.0213367,-0.024987,0.115493,0.115517,0.115539,0.115557,0.04,-0.624123,-0.778993,96,349.665
1775441779471,1074,1,0.0165467,-0.00257101,0.0177973,0.0177972,0.0177971,0.017797,0.04,-0.778993,-1.06986,96,346.858
1775441779598,1075,1,0.0116416,0.0198185,0.146853,0.146883,0.146907,0.146924,0.04,-1.06986,-1.31603,95,344.631
1775441779715,1076,1,0.0107374,0.023077,0.185021,0.185077,0.185119,0.185149,0.04,-1.31603,-1.33564,95,344.627
1775441779849,1077,1,0.0097709,0.0256008,0.215838,0.215921,0.215984,0.216026,0.04,-1.33564,-1.33225,95,344.114
1775441779974,1078,1,0.0112795,0.0179759,0.205463,0.205513,0.205546,0.205561,0.04,-1.33225,-1.23195,96,345.497
1775441780104,1079,1,0.0114779,0.0157241,0.201217,0.201258,0.201283,0.201291,0.04,-1.23195,-1.18543,96,345.989
1775441780249,1080,1,0.0132339,0.00523752,0.17374,0.173747,0.173743,0.173729,0.04,-1.18543,-1.02756,96,346.938
1775441780370,1081,1,0.0142345,-0.000889785,0.152127,0.152121,0.152109,0.15209,0.04,-1.02756,-0.93441,96,347.041
1775441780503,1082,1,0.0154314,-0.00850142,0.122209,0.122197,0.122181,0.122162,0.04,-0.93441,-0.81602,96,347.191
1775441780627,1083,1,0.0169986,-0.0194147,0.0807984,0.0807879,0.0807764,0.0807639,0.04,-0.81602,-0.635769,96,348.108
1775441780764,1084,1,0.0181026,-0.0263867,0.0496232,0.049618,0.0496126,0.0496069,0.04,-0.635769,-0.528433,96,348.573
1775441780889,1085,1,0.0220755,-0.0499032,0.0540323,0.0540435,0.0540544,0.054065,0.04,-0.528433,-0.166226,97,350.026
1775441781019,1086,1,0.0258412,-0.072036,0.159629,0.159769,0.1599,0.160024,0.04,-0.166226,0.18894,97,350.794
1775441781148,1087,1,0.0299981,-0.101895,0.304298,0.305012,0.305671,0.306273,0.04,0.18894,0.732315,98,350.882
1775441781281,1088,1,0.0291511,-0.108347,0.351649,0.352661,0.353588,0.354427,0.04,0.732315,0.972745,98,349.005
1775441781424,1089,1,0.0262989,-0.100802,0.330876,0.331708,0.332468,0.333156,0.04,0.972745,0.96237,98,346.802
1775441781562,1090,1,0.0214958,-0.0831559,0.267862,0.268311,0.268722,0.269093,0.04,0.96237,0.806771,98,342.923
1775441781681,1091,1,0.0170026,-0.0668083,0.205635,0.205848,0.206043,0.20622,0.04,0.806771,0.665053,98,339.319
1775441781802,1092,1,0.0120402,-0.0463558,0.125034,0.125088,0.125139,0.125186,0.04,0.665053,0.441869,98,336.132
1775441781915,1093,1,0.00812179,-0.0310912,0.0635355,0.0635451,0.0635541,0.0635626,0.04,0.441869,0.289933,97,333.196
1775441782021,1094,1,0.00654309,-0.0208595,0.00657972,0.00657979,0.00657986,0.00657993,0.04,0.289933,0.113316,97,334.205
1775441782131,1095,1,0.0144737,-0.0407467,0.0338084,0.033812,0.0338155,0.0338189,0.04,0.113316,0.107773,97,344.499
1775441782246,1096,1,0.0146824,-0.0375304,0.0189323,0.0189312,0.0189301,0.0189291,0.04,0.107773,0.00407876,97,347.808
1775441782388,1097,1,0.0143714,-0.0361355,0.051933,0.0519252,0.0519172,0.0519089,0.04,0.00407876,-0.00694909,97,348.38
1775441782506,1098,1,0.0146261,-0.0355885,0.077068,0.0770511,0.0770331,0.0770143,0.04,-0.00694909,-0.0353313,97,350.335
1775441782625,1099,1,0.0151227,-0.0399688,0.0637989,0.0637859,0.0637724,0.0637584,0.04,-0.0353313,0.0466787,97,350.326
1775441782772,1100,1,0.0157901,-0.0450022,0.04728,0.047272,0.0472638,0.0472555,0.04,0.0466787,0.134054,97,349.442
1775441782917,1101,1,0.0163365,-0.0476845,0.0401175,0.0401115,0.0401053,0.0400989,0.04,0.134054,0.167723,97,349.059
1775441783024,1102,1,0.0186777,-0.0632977,0.019587,0.0195889,0.0195908,0.0195926,0.04,0.167723,0.42493,97,347.392
1775441783166,1103,1,0.018631,-0.0688136,0.0483391,0.0483516,0.0483638,0.0483758,0.04,0.42493,0.581796,98,347.662
1775441783286,1104,1,0.0178031,-0.0691891,0.0561425,0.0561594,0.056176,0.0561922,0.04,0.581796,0.650357,98,348.109
1775441783397,1105,1,0.0176036,-0.0708297,0.0643532,0.0643759,0.0643981,0.0644197,0.04,0.650357,0.709785,98,348.31
1775441783520,1106,1,0.0170103,-0.0710652,0.0669457,0.0669703,0.0669944,0.0670178,0.04,0.709785,0.757518,98,348.347
1775441783634,1107,1,0.0167443,-0.0724343,0.0715056,0.0715342,0.0715621,0.0715893,0.04,0.757518,0.813616,98,348.665
1775441783747,1108,1,0.0155361,-0.0712035,0.070821,0.0708486,0.0708755,0.0709017,0.04,0.813616,0.863633,98,349.727
1775441783866,1109,1,0.0132623,-0.0654112,0.0511203,0.0511335,0.0511465,0.0511592,0.04,0.863633,0.860887,98,350.491
1775441784003,1110,1,0.0122376,-0.0632149,0.0414493,0.0414577,0.041466,0.0414741,0.04,0.860887,0.870708,98,351.297
1775441784117,1111,1,0.0107646,-0.0603453,0.0263894,0.0263927,0.0263959,0.0263991,0.04,0.870708,0.892423,98,351.25
1775441784242,1112,1,0.00965734,-0.058122,0.0137827,0.0137835,0.0137844,0.0137852,0.04,0.892423,0.906752,98,351.584
1775441784349,1113,1,0.0077291,-0.0527666,0.0114298,0.0114293,0.0114287,0.0114282,0.04,0.906752,0.894712,98,352.013
1775441784474,1114,1,0.00702004,-0.0513042,0.0207412,0.0207395,0.0207378,0.020736,0.04,0.894712,0.905598,98,352.039
1775441784596,1115,1,0.00604926,-0.0493706,0.0334061,0.0334018,0.0333974,0.0333929,0.04,0.905598,0.922347,98,352.309
1775441784736,1116,1,0.0043569,-0.0453325,0.0546412,0.0546305,0.0546194,0.054608,0.04,0.922347,0.933376,98,352.444
1775441784842,1117,1,0.00308942,-0.0439298,0.0676921,0.067676,0.0676594,0.0676421,0.04,0.933376,0.985017,98,351.514
1775441785004,1118,1,0.00159289,-0.0394275,0.0858825,0.0858591,0.0858345,0.0858086,0.04,0.985017,0.969493,98,351.249
1775441785131,1119,1,0.000448104,-0.0391074,0.100202,0.10017,0.100136,0.1001,0.04,0.969493,1.04213,98,350.36
1775441785256,1120,1,-0.000171709,-0.0379765,0.110062,0.110025,0.109985,0.109942,0.04,1.04213,1.0559,98,350.23
1775441785405,1121,1,-0.000174312,-0.0403035,0.106251,0.106215,0.106175,0.106134,0.04,1.0559,1.11837,98,349.609
1775441785532,1122,1,-0.000500788,-0.0428977,0.106866,0.106826,0.106784,0.10674,0.04,1.11837,1.21113,98,349.549
1775441785669,1123,1,-0.000562393,-0.0451668,0.104773,0.104734,0.104691,0.104647,0.04,1.21113,1.27639,99,350.166
1775441785808,1124,1,-0.000784467,-0.0464389,0.104892,0.104851,0.104807,0.104762,0.04,1.27639,1.32613,99,350.159
1775441785942,1125,1,-0.00128755,-0.0476019,0.109536,0.10949,0.109441,0.10939,0.04,1.32613,1.39303,99,349.957
1775441786096,1126,1,-0.00112594,-0.050391,0.104723,0.104679,0.104632,0.104583,0.04,1.39303,1.45651,99,350.375
1775441786224,1127,1,-0.000974786,-0.054701,0.0912937,0.0912573,0.0912194,0.0911799,0.04,1.45651,1.56045,99,350.772
1775441786353,1128,1,-0.00121458,-0.0562598,0.0896737,0.0896376,0.0896,0.0895611,0.04,1.56045,1.61889,99,351.463
1775441786484,1129,1,-0.00161939,-0.0575716,0.0868769,0.0868423,0.0868063,0.086769,0.04,1.61889,1.68185,99,351.915
1775441786649,1130,1,-0.0016842,-0.0596132,0.0838043,0.083771,0.0837364,0.0837007,0.04,1.68185,1.74103,99,352.162
1775441786773,1131,1,-0.00175829,-0.062695,0.0748468,0.0748189,0.0747901,0.0747605,0.04,1.74103,1.82803,99,352.355
1775441786919,1132,1,-0.00227213,-0.0633698,0.0751283,0.0750998,0.0750706,0.0750405,0.04,1.82803,1.88179,99,352.595
1775441787050,1133,1,-0.00196543,-0.0686902,0.0508293,0.0508153,0.050801,0.0507864,0.04,1.88179,2.00058,99,352.919
1775441787188,1134,1,-0.00213448,-0.0700567,0.0476572,0.0476446,0.0476319,0.0476189,0.04,2.00058,2.0487,100,353.002
1775441787315,1135,1,-0.00178131,-0.0743815,0.0308038,0.0307983,0.0307927,0.030787,0.04,2.0487,2.13855,100,352.686
1775441787438,1136,1,-0.00187148,-0.0774591,0.0183641,0.018362,0.0183599,0.0183579,0.04,2.13855,2.226,100,352.344
1775441787567,1137,1,-0.0017955,-0.0803282,0.00747006,0.00746971,0.00746935,0.007469,0.04,2.226,2.29659,100,352.171
1775441787705,1138,1,-0.001444,-0.0828799,0.00590398,0.00590421,0.00590443,0.00590466,0.04,2.29659,2.34107,100,351.837
1775441787824,1139,1,-0.00121153,-0.085373,0.0174872,0.0174892,0.0174912,0.0174933,0.04,2.34107,2.39425,100,352.193
1775441787944,1140,1,-0.00122036,-0.0875192,0.0280179,0.0280233,0.0280286,0.0280339,0.04,2.39425,2.45455,100,352.349
1775441788070,1141,1,-0.00143807,-0.0895809,0.0324836,0.032491,0.0324983,0.0325055,0.04,2.45455,2.52602,100,352.74
1775441788190,1142,1,-0.00166155,-0.0904726,0.0401357,0.0401471,0.0401583,0.0401694,0.04,2.52602,2.56677,100,352.97
1775441788312,1143,1,-0.00141976,-0.0917071,0.0463019,0.0463173,0.0463324,0.0463474,0.04,2.56677,2.58444,100,352.831
1775441788420,1144,1,-0.00213728,-0.0911654,0.047437,0.047453,0.0474688,0.0474844,0.04,2.58444,2.6195,100,352.604
1775441788546,1145,1,-0.00277417,-0.090028,0.0422151,0.0422277,0.04224,0.0422523,0.04,2.6195,2.63189,100,352.667
1775441788670,1146,1,-0.00338762,-0.0899075,0.0428233,0.0428362,0.0428489,0.0428615,0.04,2.63189,2.67107,100,352.699
1775441788794,1147,1,-0.00406154,-0.089451,0.0405706,0.0405821,0.0405935,0.0406047,0.04,2.67107,2.70489,101,352.888
1775441788910,1148,1,-0.00508198,-0.0873983,0.0353769,0.0353855,0.0353939,0.0354023,0.04,2.70489,2.71902,101,353.148
1775441789028,1149,1,-0.00541335,-0.0864983,0.0326781,0.0326853,0.0326924,0.0326995,0.04,2.71902,2.71714,101,353.299
1775441789154,1150,1,-0.0054437,-0.0869182,0.0334209,0.0334285,0.033436,0.0334435,0.04,2.71714,2.7307,101,352.878
1775441789279,1151,1,-0.00709032,-0.0824264,0.016603,0.0166048,0.0166065,0.0166083,0.04,2.7307,2.72027,101,352.874
1775441789389,1152,1,-0.00797316,-0.0793642,0.00681172,0.00681201,0.00681229,0.00681258,0.04,2.72027,2.69688,100,352.744
1775441789515,1153,1,-0.00858802,-0.0770927,0.00187172,0.0018717,0.00187168,0.00187166,0.04,2.69688,2.67713,100,352.935
1775441789657,1154,1,-0.00937419,-0.0740497,0.0144459,0.0144447,0.0144435,0.0144422,0.04,2.67713,2.65114,100,353.001
1775441789797,1155,1,-0.0154345,-0.0707139,0.030393,0.0303879,0.0303827,0.0303774,0.04,2.65114,2.98181,101,353.212
1775441789912,1156,1,-0.0163141,-0.049867,0.07831,0.0782856,0.0782602,0.0782339,0.04,2.98181,2.48669,100,337.564
1775441790064,1157,1,-0.0163669,-0.0522015,0.0873823,0.0873505,0.0873173,0.0872828,0.04,2.48669,2.55475,100,331.556
1775441790197,1158,1,-0.0241491,-0.0698532,0.0855681,0.0855274,0.0854855,0.0854423,0.04,2.55475,3.56884,102,321.467
1775441790337,1159,1,-0.0281047,-0.0792267,0.0677899,0.067761,0.0677315,0.0677014,0.04,3.56884,4.09234,103,320.596
1775441790486,1160,1,-0.0288606,-0.0859363,0.0537814,0.0537618,0.0537418,0.0537215,0.04,4.09234,4.32374,104,325.154
1775441790609,1161,1,-0.0229374,-0.0652106,0.0778305,0.0777991,0.0777668,0.0777335,0.04,4.32374,3.35847,102,319.374
1775441790736,1162,1,-0.0163688,-0.0414799,0.11542,0.115375,0.115328,0.115277,0.04,3.35847,2.26951,100,314.96
1775441790857,1163,1,-0.00634219,-0.0499796,0.015273,0.0152739,0.0152748,0.0152757,0.04,2.26951,1.79129,99,313.525
1775441791016,1164,1,-0.0109097,-0.0436877,0.0838561,0.0838315,0.0838057,0.0837787,0.04,1.79129,1.94736,99,330.541
1775441791144,1165,1,-0.00408381,-0.0485155,0.0696954,0.0696766,0.0696572,0.069637,0.04,1.94736,1.60445,99,348.485
1775441791272,1166,1,-0.00946741,-0.0546608,0.0365604,0.0365546,0.0365487,0.0365428,0.04,1.60445,2.13694,100,351.684
1775441791397,1167,1,-0.00374424,-0.0628999,0.0137044,0.0137035,0.0137026,0.0137016,0.04,2.13694,1.96098,99,350.882
1775441791514,1168,1,-0.00931387,-0.0529457,0.0528272,0.0528155,0.0528035,0.0527913,0.04,1.96098,2.08256,100,352.749
1775441791648,1169,1,-0.00710036,-0.052039,0.0588512,0.058837,0.0588223,0.0588071,0.04,2.08256,1.9062,99,353.645
1775441791787,1170,1,-0.0068163,-0.0553194,0.0475022,0.0474923,0.0474822,0.047472,0.04,1.9062,1.97346,99,352.466
1775441791905,1171,1,-0.00535107,-0.0587152,0.0380093,0.0380026,0.0379958,0.0379889,0.04,1.97346,1.96263,99,351.587
1775441792035,1172,1,-0.00481545,-0.0605443,0.0322414,0.0322365,0.0322315,0.0322264,0.04,1.96263,1.97418,99,351.485
1775441792183,1173,1,-0.00481545,-0.0605443,0.0322414,0.0322365,0.0322315,0.0322264,0.04,1.97418,1.97418,99,351.788
1775441792296,1174,1,-0.00492688,-0.0600401,0.03393,0.0339246,0.0339191,0.0339135,0.04,1.97418,1.96852,99,351.565
1775441792433,1175,1,-0.00463568,-0.0614627,0.0255157,0.0255126,0.0255094,0.0255062,0.04,1.96852,1.98553,99,351.661
1775441792559,1176,1,-0.00462929,-0.0614636,0.0261966,0.0261933,0.0261899,0.0261865,0.04,1.98553,1.98523,99,351.543
1775441792693,1177,1,-0.00463568,-0.0614627,0.0255157,0.0255126,0.0255094,0.0255062,0.04,1.98523,1.98554,99,351.579
1775441792821,1178,1,-0.00473333,-0.0609201,0.027936,0.0279323,0.0279285,0.0279247,0.04,1.98554,1.97799,99,351.55
1775441792934,1179,1,-0.00462929,-0.0614636,0.0261966,0.0261933,0.0261899,0.0261865,0.04,1.97799,1.98523,99,351.643
1775441793072,1180,1,-0.00480416,-0.0602153,0.0342302,0.0342246,0.034219,0.0342132,0.04,1.98523,1.96483,99,351.6
1775441793200,1181,1,-0.00492688,-0.0600401,0.03393,0.0339246,0.0339191,0.0339135,0.04,1.96483,1.96852,99,351.573
1775441793344,1182,1,-0.00462929,-0.0614636,0.0261966,0.0261933,0.0261899,0.0261865,0.04,1.96852,1.98522,99,351.561
1775441793473,1183,1,-0.00463568,-0.0614627,0.0255157,0.0255126,0.0255094,0.0255062,0.04,1.98522,1.98554,99,351.561
1775441793609,1184,1,-0.00441563,-0.0621799,0.0233962,0.0233935,0.0233908,0.0233881,0.04,1.98554,1.9894,99,351.565
1775441793764,1185,1,-0.00492688,-0.0600401,0.03393,0.0339246,0.0339191,0.0339135,0.04,1.9894,1.96852,99,351.606
1775441793908,1186,1,-0.00441563,-0.0621799,0.0233962,0.0233935,0.0233908,0.0233881,0.04,1.96852,1.98939,99,351.35
1775441794075,1187,1,-0.00441563,-0.0621799,0.0233962,0.0233935,0.0233908,0.0233881,0.04,1.98939,1.9894,99,351.513
1775441794212,1188,1,-0.00429768,-0.062685,0.0223899,0.0223874,0.0223849,0.0223824,0.04,1.9894,1.99475,99,351.515
1775441794338,1189,1,-0.00429768,-0.062685,0.0223899,0.0223874,0.0223849,0.0223824,0.04,1.99475,1.99475,99,351.538
1775441794464,1190,1,-0.00481545,-0.0605443,0.0322414,0.0322365,0.0322315,0.0322264,0.04,1.99475,1.97419,99,351.621
1775441794578,1191,1,-0.00459522,-0.0612618,0.0301207,0.0301164,0.0301119,0.0301074,0.04,1.97419,1.97804,99,351.538
1775441794719,1192,1,-0.00459522,-0.0612618,0.0301207,0.0301164,0.0301119,0.0301074,0.04,1.97804,1.97804,99,351.525
1775441794853,1193,1,-0.00459522,-0.0612618,0.0301207,0.0301164,0.0301119,0.0301074,0.04,1.97804,1.97804,99,351.611
1775441794974,1194,1,-0.00459522