timestamp_ms,frame_id,is_valid,lateral_deviation,yaw_angle,curvature_0,curvature_1,curvature_2,curvature_3,velocity,prev_steering_raw,raw_steering_mpc,raw_steering_pred,raw_abs_error,steering_sent_mpc,servo_command,lane_width_px
1775545428306,0,1,-0.00167296,-0.0362943,0.0138293,0.0138288,0.0138282,0.0138277,0.04,0,1.09881,1.15593,0.057121,1.29016,98,350.497
1775545428826,1,1,-0.00167296,-0.0362943,0.0138293,0.0138288,0.0138282,0.0138277,0.04,1.09881,1.09881,1.09696,0.00184751,1.29016,98,350.454
1775545429175,2,1,-0.00137524,-0.0393416,0.00676161,0.00676147,0.00676133,0.00676119,0.04,1.09881,1.1595,1.15955,5.57899e-05,1.3646,98,350.248
1775545429440,3,1,-0.00135369,-0.040432,0.00380433,0.00380428,0.00380424,0.00380419,0.04,1.1595,1.18702,1.18492,0.00210023,1.39853,98,350.322
1775545429840,4,1,-0.00147316,-0.0398265,0.00788238,0.00788219,0.00788199,0.0078818,0.04,1.18702,1.17956,1.17627,0.00328946,1.38931,98,350.218
1775545430254,5,1,-0.00157146,-0.0393395,0.00814654,0.00814634,0.00814614,0.00814593,0.04,1.17956,1.17322,1.17011,0.00311029,1.3815,98,350.318
1775545430474,6,1,-0.00157146,-0.0393395,0.00814654,0.00814634,0.00814614,0.00814593,0.04,1.17322,1.17322,1.17043,0.00278509,1.3815,98,350.217
1775545430630,7,1,-0.00157146,-0.0393395,0.00814654,0.00814634,0.00814614,0.00814593,0.04,1.17322,1.17322,1.17043,0.00278509,1.3815,98,350.264
1775545430789,8,1,-0.00149945,-0.0397329,0.00762271,0.00762253,0.00762235,0.00762216,0.04,1.17322,1.1788,1.17617,0.00263059,1.38838,98,350.344
1775545430979,9,1,-0.00135369,-0.040432,0.00380433,0.00380428,0.00380424,0.00380419,0.04,1.1788,1.18703,1.18394,0.00308394,1.39853,98,350.232
1775545431126,10,1,-0.00157146,-0.0393395,0.00814654,0.00814634,0.00814614,0.00814593,0.04,1.18703,1.17322,1.16973,0.00349164,1.3815,98,350.19
1775545431272,11,1,-0.0014737,-0.039883,0.00572055,0.00572045,0.00572035,0.00572025,0.04,1.17322,1.18077,1.17799,0.00278044,1.39082,98,350.171
1775545431419,12,1,-0.00157146,-0.0393395,0.00814654,0.00814634,0.00814614,0.00814593,0.04,1.18077,1.17322,1.17005,0.00317168,1.3815,98,350.15
1775545431549,13,1,-0.00135369,-0.040432,0.00380433,0.00380428,0.00380424,0.00380419,0.04,1.17322,1.18703,1.18423,0.00280094,1.39853,98,350.059
1775545431718,14,1,-0.00157146,-0.0393395,0.00814654,0.00814634,0.00814614,0.00814593,0.04,1.18703,1.17322,1.16973,0.00349164,1.3815,98,350.241
1775545431864,15,1,-0.00135369,-0.040432,0.00380433,0.00380428,0.00380424,0.00380419,0.04,1.17322,1.18703,1.18423,0.00280094,1.39853,98,350.235
1775545431989,16,1,-0.00135369,-0.040432,0.00380433,0.00380428,0.00380424,0.00380419,0.04,1.18703,1.18703,1.18353,0.00350451,1.39854,98,350.126
1775545432114,17,1,-0.00135369,-0.040432,0.00380433,0.00380428,0.00380424,0.00380419,0.04,1.18703,1.18703,1.18353,0.00350451,1.39854,98,350.199
1775545432246,18,1,-0.00159734,-0.0391892,0.0100489,0.0100486,0.0100482,0.0100479,0.04,1.18703,1.17125,1.1679,0.00334442,1.37907,98,350.231
1775545432381,19,1,-0.00135369,-0.040432,0.00380433,0.00380428,0.00380424,0.00380419,0.04,1.17125,1.18703,1.18433,0.00269938,1.39853,98,350.237
1775545432514,20,1,-0.00159734,-0.0391892,0.0100489,0.0100486,0.0100482,0.0100479,0.04,1.18703,1.17125,1.1679,0.00334537,1.37907,98,350.085
1775545432651,21,1,-0.00147316,-0.0398265,0.00788238,0.00788219,0.00788199,0.0078818,0.04,1.17125,1.17955,1.17707,0.00248146,1.38931,98,350.137
1775545432783,22,1,-0.00157146,-0.0393395,0.00814654,0.00814634,0.00814614,0.00814593,0.04,1.17955,1.17322,1.17011,0.00310981,1.3815,98,350.206
1775545432912,23,1,-0.00135369,-0.040432,0.00380433,0.00380428,0.00380424,0.00380419,0.04,1.17322,1.18703,1.18423,0.00280094,1.39853,98,350.214
1775545433073,24,1,-0.00135369,-0.040432,0.00380433,0.00380428,0.00380424,0.00380419,0.04,1.18703,1.18703,1.18353,0.00350451,1.39854,98,350.255
1775545433200,25,1,-0.00135369,-0.040432,0.00380433,0.00380428,0.00380424,0.00380419,0.04,1.18703,1.18703,1.18353,0.00350451,1.39854,98,350.149
1775545433320,26,1,-0.00135369,-0.040432,0.00380433,0.00380428,0.00380424,0.00380419,0.04,1.18703,1.18703,1.18353,0.00350451,1.39854,98,350.173
1775545433438,27,1,-0.00159734,-0.0391892,0.0100489,0.0100486,0.0100482,0.0100479,0.04,1.18703,1.17125,1.1679,0.00334442,1.37907,98,350.289
1775545433570,28,1,-0.00135369,-0.040432,0.00380433,0.00380428,0.00380424,0.00380419,0.04,1.17125,1.18703,1.18433,0.00269938,1.39853,98,350.14
1775545433706,29,1,-0.00135369,-0.040432,0.00380433,0.00380428,0.00380424,0.00380419,0.04,1.18703,1.18703,1.18353,0.00350451,1.39854,98,350.227
1775545433842,30,1,-0.00135369,-0.040432,0.00380433,0.00380428,0.00380424,0.00380419,0.04,1.18703,1.18703,1.18353,0.00350451,1.39854,98,350.083
1775545433973,31,1,-0.00147316,-0.0398265,0.00788238,0.00788219,0.00788199,0.0078818,0.04,1.18703,1.17956,1.17627,0.00328898,1.38931,98,350.139
1775545434110,32,1,-0.00135369,-0.040432,0.00380433,0.00380428,0.00380424,0.00380419,0.04,1.17956,1.18703,1.18391,0.00312281,1.39853,98,350.143
1775545434241,33,1,-0.00157146,-0.0393395,0.00814654,0.00814634,0.00814614,0.00814593,0.04,1.18703,1.17322,1.16973,0.00349069,1.3815,98,350.209
1775545434374,34,1,-0.00133346,-0.0406798,0.00236827,0.00236825,0.00236824,0.00236822,0.04,1.17322,1.1921,1.18935,0.00274527,1.4048,98,350.252
1775545434514,35,1,-0.00130701,-0.0407738,0.00262704,0.00262702,0.002627,0.00262698,0.04,1.1921,1.19286,1.1892,0.00365949,1.40574,98,350.195
1775545434647,36,1,-0.00135369,-0.040432,0.00380433,0.00380428,0.00380424,0.00380419,0.04,1.19286,1.18703,1.18323,0.00380099,1.39854,98,350.219
1775545434796,37,1,-0.00135369,-0.040432,0.00380433,0.00380428,0.00380424,0.00380419,0.04,1.18703,1.18703,1.18353,0.00350451,1.39854,98,350.168
1775545434956,38,1,-0.00147316,-0.0398265,0.00788238,0.00788219,0.00788199,0.0078818,0.04,1.18703,1.17956,1.17627,0.00328898,1.38931,98,350.072
1775545435089,39,1,-0.00135369,-0.040432,0.00380433,0.00380428,0.00380424,0.00380419,0.04,1.17956,1.18703,1.18391,0.00312281,1.39853,98,350.149
1775545435229,40,1,-0.00147316,-0.0398265,0.00788238,0.00788219,0.00788199,0.0078818,0.04,1.18703,1.17956,1.17627,0.00328946,1.38931,98,350.106
1775545435373,41,1,-0.0014737,-0.039883,0.00572055,0.00572045,0.00572035,0.00572025,0.04,1.17956,1.18078,1.17767,0.00310421,1.39082,98,350.129
1775545435510,42,1,-0.00147316,-0.0398265,0.00788238,0.00788219,0.00788199,0.0078818,0.04,1.18078,1.17956,1.17659,0.00296998,1.38931,98,350.188
1775545435664,43,1,-0.00147316,-0.0398265,0.00788238,0.00788219,0.00788199,0.0078818,0.04,1.17956,1.17955,1.17665,0.00290728,1.38931,98,350.139
1775545435808,44,1,-0.00145122,-0.039889,0.00622911,0.00622899,0.00622887,0.00622875,0.04,1.17955,1.17947,1.17634,0.00312436,1.3892,98,350.164
1775545435952,45,1,-0.00135369,-0.040432,0.00380433,0.00380428,0.00380424,0.00380419,0.04,1.17947,1.18703,1.18391,0.00311756,1.39853,98,350.228
1775545436091,46,1,-0.00157089,-0.0392832,0.0103076,0.0103073,0.0103069,0.0103066,0.04,1.18703,1.172,1.1687,0.00329697,1.38,98,350.217
1775545436223,47,1,-0.00157089,-0.0392832,0.0103076,0.0103073,0.0103069,0.0103066,0.04,1.172,1.172,1.16947,0.00252676,1.37999,98,350.076
1775545436358,48,1,-0.00157089,-0.0392832,0.0103076,0.0103073,0.0103069,0.0103066,0.04,1.172,1.172,1.16947,0.00252676,1.37999,98,350.202
1775545436501,49,1,-0.00135369,-0.040432,0.00380433,0.00380428,0.00380424,0.00380419,0.04,1.172,1.18703,1.18429,0.00273812,1.39853,98,350.187
1775545436637,50,1,-0.00147316,-0.0398265,0.00788238,0.00788219,0.00788199,0.0078818,0.04,1.18703,1.17956,1.17627,0.00328898,1.38931,98,350.286
1775545436776,51,1,-0.00135369,-0.040432,0.00380433,0.00380428,0.00380424,0.00380419,0.04,1.17956,1.18703,1.18391,0.00312281,1.39853,98,350.209
1775545436902,52,1,-0.00132724,-0.040526,0.00406309,0.00406304,0.00406299,0.00406294,0.04,1.18703,1.18779,1.18433,0.00345635,1.39947,98,350.173
1775545437034,53,1,-0.00147316,-0.0398265,0.00788238,0.00788219,0.00788199,0.0078818,0.04,1.18779,1.17956,1.17623,0.00332832,1.38931,98,350.116
1775545437147,54,1,-0.00135369,-0.040432,0.00380433,0.00380428,0.00380424,0.00380419,0.04,1.17956,1.18703,1.18391,0.00312281,1.39853,98,350.229
1775545437271,55,1,-0.00157146,-0.0393395,0.00814654,0.00814634,0.00814614,0.00814593,0.04,1.18703,1.17322,1.16973,0.00349069,1.3815,98,350.166
1775545437381,56,1,-0.00145122,-0.039889,0.00622911,0.00622899,0.00622887,0.00622875,0.04,1.17322,1.17947,1.17667,0.00280058,1.3892,98,350.175
1775545437503,57,1,-0.00135369,-0.040432,0.00380433,0.00380428,0.00380424,0.00380419,0.04,1.17947,1.18703,1.18391,0.00311756,1.39853,98,350.236
1775545437627,58,1,-0.00157089,-0.0392832,0.0103076,0.0103073,0.0103069,0.0103066,0.04,1.18703,1.172,1.1687,0.00329697,1.38,98,350.119
1775545437756,59,1,-0.00147316,-0.0398265,0.00788238,0.00788219,0.00788199,0.0078818,0.04,1.172,1.17955,1.17703,0.00252068,1.38931,98,350.16
1775545437892,60,1,-0.00147316,-0.0398265,0.00788238,0.00788219,0.00788199,0.0078818,0.04,1.17955,1.17955,1.17665,0.00290632,1.38931,98,350.122
1775545438023,61,1,-0.00135369,-0.040432,0.00380433,0.00380428,0.00380424,0.00380419,0.04,1.17955,1.18703,1.18391,0.00312281,1.39853,98,350.136
1775545438145,62,1,-0.00135369,-0.040432,0.00380433,0.00380428,0.00380424,0.00380419,0.04,1.18703,1.18703,1.18353,0.00350451,1.39854,98,350.217
1775545438282,63,1,-0.00135369,-0.040432,0.00380433,0.00380428,0.00380424,0.00380419,0.04,1.18703,1.18703,1.18353,0.00350451,1.39854,98,350.189
1775545438408,64,1,-0.00135369,-0.040432,0.00380433,0.00380428,0.00380424,0.00380419,0.04,1.18703,1.18703,1.18353,0.00350451,1.39854,98,350.209
1775545438539,65,1,-0.00157146,-0.0393395,0.00814654,0.00814634,0.00814614,0.00814593,0.04,1.18703,1.17322,1.16973,0.00349164,1.3815,98,350.113
1775545438673,66,1,-0.00135369,-0.040432,0.00380433,0.00380428,0.00380424,0.00380419,0.04,1.17322,1.18703,1.18423,0.00280094,1.39853,98,350.277
1775545438787,67,1,-0.00159734,-0.0391892,0.0100489,0.0100486,0.0100482,0.0100479,0.04,1.18703,1.17125,1.1679,0.00334537,1.37907,98,350.246
1775545438931,68,1,-0.00135369,-0.040432,0.00380433,0.00380428,0.00380424,0.00380419,0.04,1.17125,1.18703,1.18433,0.00269938,1.39853,98,350.187
1775545439049,69,1,-0.00171736,-0.0386401,0.0119658,0.0119653,0.0119649,0.0119644,0.04,1.18703,1.16499,1.16166,0.00333321,1.37136,98,350.254
1775545439185,70,1,-0.00157146,-0.0393395,0.00814654,0.00814634,0.00814614,0.00814593,0.04,1.16499,1.17321,1.17085,0.00236511,1.38149,98,350.277
1775545439305,71,1,-0.00135369,-0.040432,0.00380433,0.00380428,0.00380424,0.00380419,0.04,1.17321,1.18703,1.18423,0.00279856,1.39853,98,350.132
1775545439418,72,1,-0.00135369,-0.040432,0.00380433,0.00380428,0.00380424,0.00380419,0.04,1.18703,1.18703,1.18353,0.00350451,1.39854,98,350.211
1775545439574,73,1,-0.00157089,-0.0392832,0.0103076,0.0103073,0.0103069,0.0103066,0.04,1.18703,1.172,1.1687,0.00329697,1.38,98,350.199
1775545439702,74,1,-0.00135369,-0.040432,0.00380433,0.00380428,0.00380424,0.00380419,0.04,1.172,1.18703,1.18429,0.0027386,1.39853,98,350.176
1775545439826,75,1,-0.00132724,-0.040526,0.00406309,0.00406304,0.00406299,0.00406294,0.04,1.18703,1.18779,1.18433,0.00345588,1.39947,98,350.203
1775545439966,76,1,-0.00157089,-0.0392832,0.0103076,0.0103073,0.0103069,0.0103066,0.04,1.18779,1.172,1.16867,0.00333381,1.38,98,350.157
1775545440102,77,1,-0.00116829,-0.041441,5.0323e-06,5.0323e-06,5.0323e-06,5.0323e-06,0.04,1.172,1.2009,1.19822,0.00267661,1.41567,98,350.071
1775545440225,78,1,-0.00147316,-0.0398265,0.00788238,0.00788219,0.00788199,0.0078818,0.04,1.2009,1.17956,1.17556,0.0039984,1.38932,98,350.146
1775545440364,79,1,-0.00145122,-0.039889,0.00622911,0.00622899,0.00622887,0.00622875,0.04,1.17956,1.17947,1.17634,0.00312531,1.3892,98,350.12
1775545440505,80,1,-0.00133346,-0.0406798,0.00236827,0.00236825,0.00236824,0.00236822,0.04,1.17947,1.1921,1.18904,0.00306475,1.4048,98,350.235
1775545440619,81,1,-0.00147316,-0.0398265,0.00788238,0.00788219,0.00788199,0.0078818,0.04,1.1921,1.17956,1.17601,0.0035491,1.38932,98,350.309
1775545440759,82,1,-0.00147316,-0.0398265,0.00788238,0.00788219,0.00788199,0.0078818,0.04,1.17956,1.17955,1.17665,0.00290728,1.38931,98,350.273
1775545440898,83,1,-0.00147316,-0.0398265,0.00788238,0.00788219,0.00788199,0.0078818,0.04,1.17955,1.17955,1.17665,0.00290728,1.38931,98,350.213
1775545441055,84,1,-0.00147316,-0.0398265,0.00788238,0.00788219,0.00788199,0.0078818,0.04,1.17955,1.17955,1.17665,0.00290728,1.38931,98,350.395
1775545441186,85,1,-0.00145296,-0.0400743,0.0064461,0.00644597,0.00644584,0.00644571,0.04,1.17955,1.18463,1.18178,0.00284719,1.39557,98,350.339
1775545441317,86,1,-0.00147316,-0.0398265,0.00788238,0.00788219,0.00788199,0.0078818,0.04,1.18463,1.17956,1.17639,0.00316739,1.38931,98,350.349
1775545441434,87,1,-0.00116829,-0.041441,5.0323e-06,5.0323e-06,5.0323e-06,5.0323e-06,0.04,1.17956,1.2009,1.19784,0.00305927,1.41567,98,350.277
1775545441560,88,1,-0.00130701,-0.0407738,0.00262704,0.00262702,0.002627,0.00262698,0.04,1.2009,1.19286,1.18876,0.00410533,1.40574,98,350.332
1775545441713,89,1,-0.00132724,-0.040526,0.00406309,0.00406304,0.00406299,0.00406294,0.04,1.19286,1.18779,1.18403,0.00375283,1.39947,98,350.285
1775545441881,90,1,-0.00147316,-0.0398265,0.00788238,0.00788219,0.00788199,0.0078818,0.04,1.18779,1.17956,1.17623,0.0033288,1.38931,98,350.297
1775545441997,91,1,-0.00130701,-0.0407738,0.00262704,0.00262702,0.002627,0.00262698,0.04,1.17956,1.19286,1.18984,0.003021,1.40573,98,350.335
1775545442125,92,1,-0.00145296,-0.0400743,0.0064461,0.00644597,0.00644584,0.00644571,0.04,1.19286,1.18463,1.1811,0.00352836,1.39558,98,350.237
1775545442241,93,1,-0.00147316,-0.0398265,0.00788238,0.00788219,0.00788199,0.0078818,0.04,1.18463,1.17956,1.17639,0.00316691,1.38931,98,350.212
1775545442372,94,1,-0.00147316,-0.0398265,0.00788238,0.00788219,0.00788199,0.0078818,0.04,1.17956,1.17955,1.17665,0.00290632,1.38931,98,350.278
1775545442512,95,1,-0.00157146,-0.0393395,0.00814654,0.00814634,0.00814614,0.00814593,0.04,1.17955,1.17322,1.17011,0.00311029,1.3815,98,350.282
1775545442640,96,1,-0.00157089,-0.0392832,0.0103076,0.0103073,0.0103069,0.0103066,0.04,1.17322,1.172,1.16941,0.00258851,1.38,98,350.169
1775545442761,97,1,-0.00147316,-0.0398265,0.00788238,0.00788219,0.00788199,0.0078818,0.04,1.172,1.17955,1.17703,0.00252163,1.38931,98,350.22
1775545442891,98,1,-0.00147316,-0.0398265,0.00788238,0.00788219,0.00788199,0.0078818,0.04,1.17955,1.17955,1.17665,0.00290632,1.38931,98,350.359
1775545443016,99,1,-0.00147316,-0.0398265,0.00788238,0.00788219,0.00788199,0.0078818,0.04,1.17955,1.17955,1.17665,0.00290728,1.38931,98,350.351
1775545443130,100,1,-0.00147316,-0.0398265,0.00788238,0.00788219,0.00788199,0.0078818,0.04,1.17955,1.17955,1.17665,0.00290728,1.38931,98,350.233
1775545443280,101,1,-0.00147316,-0.0398265,0.00788238,0.00788219,0.00788199,0.0078818,0.04,1.17955,1.17955,1.17665,0.00290728,1.38931,98,350.314
1775545443430,102,1,-0.00147316,-0.0398265,0.00788238,0.00788219,0.00788199,0.0078818,0.04,1.17955,1.17955,1.17665,0.00290728,1.38931,98,350.307
1775545443570,103,1,-0.00147316,-0.0398265,0.00788238,0.00788219,0.00788199,0.0078818,0.04,1.17955,1.17955,1.17665,0.00290728,1.38931,98,350.208
1775545443727,104,1,-0.00145296,-0.0400743,0.0064461,0.00644597,0.00644584,0.00644571,0.04,1.17955,1.18463,1.18178,0.00284719,1.39557,98,350.192
1775545443868,105,1,-0.00131423,-0.0407415,0.00382356,0.00382351,0.00382346,0.00382342,0.04,1.18463,1.19267,1.18954,0.00313795,1.40551,98,350.291
1775545444023,106,1,-0.00147316,-0.0398265,0.00788238,0.00788219,0.00788199,0.0078818,0.04,1.19267,1.17956,1.17598,0.00357878,1.38932,98,350.319
1775545444157,107,1,-0.00147316,-0.0398265,0.00788238,0.00788219,0.00788199,0.0078818,0.04,1.17956,1.17955,1.17665,0.00290728,1.38931,98,350.31
1775545444301,108,1,-0.00132724,-0.040526,0.00406309,0.00406304,0.00406299,0.00406294,0.04,1.17955,1.18778,1.18471,0.0030756,1.39947,98,350.15
1775545444432,109,1,-0.00147316,-0.0398265,0.00788238,0.00788219,0.00788199,0.0078818,0.04,1.18778,1.17956,1.17623,0.00332832,1.38931,98,350.264
1775545444556,110,1,-0.00147316,-0.0398265,0.00788238,0.00788219,0.00788199,0.0078818,0.04,1.17956,1.17955,1.17665,0.00290632,1.38931,98,350.316
1775545444743,111,1,-0.00145296,-0.0400743,0.0064461,0.00644597,0.00644584,0.00644571,0.04,1.17955,1.18463,1.18178,0.00284719,1.39557,98,350.27
1775545444923,112,1,-0.00147316,-0.0398265,0.00788238,0.00788219,0.00788199,0.0078818,0.04,1.18463,1.17956,1.17639,0.00316739,1.38931,98,350.226
1775545445080,113,1,-0.00147316,-0.0398265,0.00788238,0.00788219,0.00788199,0.0078818,0.04,1.17956,1.17955,1.17665,0.00290632,1.38931,98,350.225
1775545445220,114,1,-0.00145296,-0.0400743,0.0064461,0.00644597,0.00644584,0.00644571,0.04,1.17955,1.18463,1.18178,0.00284719,1.39557,98,350.31
1775545445348,115,1,-0.00145296,-0.0400743,0.0064461,0.00644597,0.00644584,0.00644571,0.04,1.18463,1.18463,1.18152,0.00310779,1.39557,98,350.225
1775545445490,116,1,-0.00145296,-0.0400743,0.0064461,0.00644597,0.00644584,0.00644571,0.04,1.18463,1.18463,1.18152,0.00310874,1.39557,98,350.37
1775545445620,117,1,-0.00135369,-0.040432,0.00380433,0.00380428,0.00380424,0.00380419,0.04,1.18463,1.18703,1.18365,0.00338006,1.39854,98,350.316
1775545445758,118,1,-0.00135369,-0.040432,0.00380433,0.00380428,0.00380424,0.00380419,0.04,1.18703,1.18703,1.18353,0.00350451,1.39854,98,350.279
1775545445900,119,1,-0.00147316,-0.0398265,0.00788238,0.00788219,0.00788199,0.0078818,0.04,1.18703,1.17956,1.17627,0.00328898,1.38931,98,350.199
1775545446040,120,1,-0.00147316,-0.0398265,0.00788238,0.00788219,0.00788199,0.0078818,0.04,1.17956,1.17955,1.17665,0.00290632,1.38931,98,350.291
1775545446189,121,1,-0.00147316,-0.0398265,0.00788238,0.00788219,0.00788199,0.0078818,0.04,1.17955,1.17955,1.17665,0.00290728,1.38931,98,350.316
1775545446306,122,1,-0.00147316,-0.0398265,0.00788238,0.00788219,0.00788199,0.0078818,0.04,1.17955,1.17955,1.17665,0.00290728,1.38931,98,350.27
1775545446427,123,1,-0.00147316,-0.0398265,0.00788238,0.00788219,0.00788199,0.0078818,0.04,1.17955,1.17955,1.17665,0.00290728,1.38931,98,350.24
1775545446576,124,1,-0.00135369,-0.040432,0.00380433,0.00380428,0.00380424,0.00380419,0.04,1.17955,1.18703,1.18391,0.00312281,1.39853,98,350.287
1775545446718,125,1,-0.00132724,-0.040526,0.00406309,0.00406304,0.00406299,0.00406294,0.04,1.18703,1.18779,1.18433,0.00345635,1.39947,98,350.206
1775545446851,126,1,-0.00147316,-0.0398265,0.00788238,0.00788219,0.00788199,0.0078818,0.04,1.18779,1.17956,1.17623,0.00332832,1.38931,98,350.22
1775545447047,127,1,-0.00132724,-0.040526,0.00406309,0.00406304,0.00406299,0.00406294,0.04,1.17956,1.18778,1.18471,0.00307417,1.39947,98,350.336
1775545447185,128,1,-0.00135369,-0.040432,0.00380433,0.00380428,0.00380424,0.00380419,0.04,1.18778,1.18703,1.18349,0.00354242,1.39854,98,350.281
1775545447329,129,1,-0.00147316,-0.0398265,0.00788238,0.00788219,0.00788199,0.0078818,0.04,1.18703,1.17956,1.17627,0.00328994,1.38931,98,350.294
1775545447462,130,1,-0.00133346,-0.0406798,0.00236827,0.00236825,0.00236824,0.00236822,0.04,1.17956,1.1921,1.18903,0.00306761,1.4048,98,350.254
1775545447601,131,1,-0.00147316,-0.0398265,0.00788238,0.00788219,0.00788199,0.0078818,0.04,1.1921,1.17956,1.17601,0.0035491,1.38932,98,350.319
1775545447747,132,1,-0.00147316,-0.0398265,0.00788238,0.00788219,0.00788199,0.0078818,0.04,1.17956,1.17955,1.17665,0.00290728,1.38931,98,350.257
1775545447879,133,1,-0.00157089,-0.0392832,0.0103076,0.0103073,0.0103069,0.0103066,0.04,1.17955,1.172,1.16909,0.00291324,1.38,98,350.115
1775545448008,134,1,-0.00157146,-0.0393395,0.00814654,0.00814634,0.00814614,0.00814593,0.04,1.172,1.17322,1.17049,0.00272191,1.3815,98,350.249
1775545448140,135,1,-0.00157089,-0.0392832,0.0103076,0.0103073,0.0103069,0.0103066,0.04,1.17322,1.172,1.16941,0.00258946,1.38,98,350.29
1775545448268,136,1,-0.00171736,-0.0386401,0.0119658,0.0119653,0.0119649,0.0119644,0.04,1.172,1.16499,1.16243,0.002563,1.37136,98,350.162
1775545448402,137,1,-0.00157146,-0.0393395,0.00814654,0.00814634,0.00814614,0.00814593,0.04,1.16499,1.17321,1.17085,0.00236416,1.38149,98,350.309
1775545448539,138,1,-0.00157146,-0.0393395,0.00814654,0.00814634,0.00814614,0.00814593,0.04,1.17321,1.17322,1.17043,0.00278556,1.3815,98,350.31
1775545448675,139,1,-0.00171736,-0.0386401,0.0119658,0.0119653,0.0119649,0.0119644,0.04,1.17322,1.16499,1.16236,0.00262427,1.37136,98,350.272
1775545448803,140,1,-0.00135369,-0.040432,0.00380433,0.00380428,0.00380424,0.00380419,0.04,1.16499,1.18703,1.18464,0.00238132,1.39853,98,350.136
1775545448952,141,1,-0.00135369,-0.040432,0.00380433,0.00380428,0.00380424,0.00380419,0.04,1.18703,1.18703,1.18353,0.00350404,1.39854,98,350.347
1775545449102,142,1,-0.00157089,-0.0392832,0.0103076,0.0103073,0.0103069,0.0103066,0.04,1.18703,1.172,1.1687,0.00329697,1.38,98,350.255
1775545449235,143,1,-0.00157146,-0.0393395,0.00814654,0.00814634,0.00814614,0.00814593,0.04,1.172,1.17322,1.17049,0.00272286,1.3815,98,350.283
1775545449435,144,1,-0.00135369,-0.040432,0.00380433,0.00380428,0.00380424,0.00380419,0.04,1.17322,1.18703,1.18423,0.00279951,1.39853,98,350.274
1775545449593,145,1,-0.00157089,-0.0392832,0.0103076,0.0103073,0.0103069,0.0103066,0.04,1.18703,1.172,1.16871,0.00329649,1.38,98,350.345
1775545449745,146,1,-0.00157146,-0.0393395,0.00814654,0.00814634,0.00814614,0.00814593,0.04,1.172,1.17322,1.17049,0.00272286,1.3815,98,350.3
1775545449914,147,1,-0.00157146,-0.0393395,0.00814654,0.00814634,0.00814614,0.00814593,0.04,1.17322,1.17322,1.17043,0.00278509,1.3815,98,350.267
1775545450060,148,1,-0.00124187,-0.0405047,0.00432733,0.00432727,0.00432721,0.00432715,0.04,1.17322,1.18136,1.17827,0.00309086,1.39154,98,350.237
1775545450195,149,1,-0.00185253,-0.0379735,0.0146745,0.0146739,0.0146732,0.0146726,0.04,1.18136,1.15673,1.1537,0.00303149,1.3612,98,350.422
1775545450327,150,1,-0.00170658,-0.0386729,0.0108548,0.0108544,0.0108541,0.0108537,0.04,1.15673,1.16495,1.16303,0.00191796,1.37132,98,350.354
1775545450447,151,1,-0.00124187,-0.0405047,0.00432733,0.00432727,0.00432721,0.00432715,0.04,1.16495,1.18136,1.17869,0.00266933,1.39153,98,350.223
1775545450573,152,1,-0.00124187,-0.0405047,0.00432733,0.00432727,0.00432721,0.00432715,0.04,1.18136,1.18136,1.17785,0.00350654,1.39154,98,350.249
1775545450726,153,1,-0.00185253,-0.0379735,0.0146745,0.0146739,0.0146732,0.0146726,0.04,1.18136,1.15673,1.1537,0.00303197,1.3612,98,350.158
1775545450895,154,1,-0.00157146,-0.0393395,0.00814654,0.00814634,0.00814614,0.00814593,0.04,1.15673,1.17321,1.17127,0.00194263,1.38149,98,350.162
1775545451023,155,1,-0.00135369,-0.040432,0.00380433,0.00380428,0.00380424,0.00380419,0.04,1.17321,1.18703,1.18423,0.00279951,1.39853,98,350.235
1775545451134,156,1,-0.00131423,-0.0407415,0.00382356,0.00382351,0.00382346,0.00382342,0.04,1.18703,1.19267,1.18941,0.00326157,1.40551,98,350.161
1775545451264,157,1,-0.00118833,-0.0411935,0.00144089,0.00144088,0.00144087,0.00144087,0.04,1.19267,1.19582,1.19205,0.00377655,1.4094,98,350.174
1775545451376,158,1,-0.00135369,-0.040432,0.00380433,0.00380428,0.00380424,0.00380419,0.04,1.19582,1.18703,1.18308,0.00395238,1.39854,98,350.351
1775545451504,159,1,-0.00118833,-0.0411935,0.00144089,0.00144088,0.00144087,0.00144087,0.04,1.18703,1.19582,1.19233,0.00349009,1.4094,98,350.306
1775545451642,160,1,-0.00132724,-0.040526,0.00406309,0.00406304,0.00406299,0.00406294,0.04,1.19582,1.18779,1.18388,0.00390375,1.39947,98,350.466
1775545451756,161,1,-0.00135369,-0.040432,0.00380433,0.00380428,0.00380424,0.00380419,0.04,1.18779,1.18703,1.18349,0.00354242,1.39854,98,350.3
1775545451909,162,1,-0.00132724,-0.040526,0.00406309,0.00406304,0.00406299,0.00406294,0.04,1.18703,1.18779,1.18433,0.00345683,1.39947,98,350.556
1775545452046,163,1,-0.000883088,-0.0423607,0.00143054,0.00143054,0.00143055,0.00143056,0.04,1.18779,1.2063,1.20304,0.00325799,1.42235,98,350.822
1775545452173,164,1,-0.00120752,-0.0414902,0.00115787,0.00115787,0.00115787,0.00115786,0.04,1.2063,1.20513,1.20108,0.00404632,1.4209,98,350.54
1775545452303,165,1,-0.00120752,-0.0414902,0.00115787,0.00115787,0.00115787,0.00115786,0.04,1.20513,1.20512,1.20114,0.00398743,1.4209,98,350.541
1775545452437,166,1,-0.00131423,-0.0407415,0.00382356,0.00382351,0.00382346,0.00382342,0.04,1.20512,1.19268,1.1885,0.0041821,1.40551,98,350.548
1775545452546,167,1,-0.0014795,-0.0401841,0.00837117,0.00837095,0.00837073,0.0083705,0.04,1.19268,1.18974,1.18671,0.00302517,1.40188,98,350.328
1775545452669,168,1,-0.00434686,-0.049964,0.0104903,0.0104907,0.0104912,0.0104916,0.04,1.18974,1.65238,1.67443,0.0220492,1.99047,99,351.228
1775545452809,169,1,-0.00513426,-0.0484549,0.00586551,0.00586563,0.00586576,0.00586589,0.04,1.65238,1.6652,1.66428,0.0009197,2.00733,99,351.583
1775545452928,170,1,-0.00192867,-0.0519416,0.0170066,0.0170078,0.017009,0.0170101,0.04,1.6652,1.53995,1.53103,0.00891781,1.84398,99,351.751
1775545453068,171,1,-0.00606575,-0.0571308,0.0153297,0.0153308,0.0153318,0.0153328,0.04,1.53995,1.96553,1.98686,0.0213256,2.41223,99,352.306
1775545453190,172,1,-0.000104554,-0.0632161,0.0174853,0.0174868,0.0174883,0.0174898,0.04,1.96553,1.71889,1.70152,0.017372,2.0783,99,351.558
1775545453316,173,1,0.00215005,-0.0566622,0.00744009,0.00743984,0.0074396,0.00743935,0.04,1.71889,1.3845,1.36095,0.0235413,1.64525,99,349.158
1775545453428,174,1,0.00730554,-0.0584651,0.00292551,0.00292555,0.00292559,0.00292563,0.04,1.3845,1.07664,1.05143,0.0252134,1.2631,98,348.375
1775545453553,175,1,0.00363344,-0.0592472,0.0144093,0.0144084,0.0144074,0.0144064,0.04,1.07664,1.35309,1.3612,0.00811481,1.6056,99,347.811
1775545453679,176,1,0.00366997,-0.0585706,0.0157634,0.0157622,0.0157611,0.0157599,0.04,1.35309,1.33249,1.32503,0.00746155,1.57969,99,347.962
1775545453810,177,1,0.00347655,-0.0585596,0.0136173,0.0136165,0.0136156,0.0136148,0.04,1.33249,1.3452,1.33933,0.00586414,1.59566,99,348.252
1775545453933,178,1,0.00399409,-0.0557853,0.0248893,0.0248866,0.0248838,0.0248811,0.04,1.3452,1.23629,1.22529,0.011003,1.45953,98,348.438
1775545454059,179,1,0.00483782,-0.0530736,0.0253463,0.0253436,0.0253409,0.0253381,0.04,1.23629,1.10483,1.09255,0.0122781,1.29752,98,349.037
1775545454176,180,1,0.00825192,-0.0605588,0.00673163,0.00673184,0.00673205,0.00673227,0.04,1.10483,1.06852,1.05728,0.0112443,1.2532,98,348.418
1775545454319,181,1,0.00596283,-0.0578388,0.0125621,0.0125614,0.0125607,0.01256,0.04,1.06852,1.15393,1.15089,0.00303662,1.35775,98,349.651
1775545454436,182,1,-0.012891,-0.0641586,0.0304231,0.0304278,0.0304323,0.0304368,0.04,1.15393,2.62904,2.71295,0.0839121,3.38683,100,354.022
1775545454572,183,1,-0.00842275,-0.0730027,0.0551087,0.0551259,0.0551428,0.0551593,0.04,2.62904,2.56361,2.56689,0.00328135,3.28512,100,354.118
1775545454698,184,1,-0.00335506,-0.0673991,0.0444247,0.0444351,0.0444452,0.0444552,0.04,2.56361,2.06062,2.03545,0.0251744,2.54471,100,352.327
1775545454815,185,1,-0.000683228,-0.0649553,0.0394235,0.0394313,0.0394391,0.0394467,0.04,2.06062,1.80933,1.79445,0.0148869,2.1992,99,352.213
1775545454957,186,1,-0.00109269,-0.0642434,0.0384629,0.0384703,0.0384775,0.0384847,0.04,1.80933,1.8182,1.81725,0.000946045,2.21114,99,352.211
1775545455091,187,1,-0.00155378,-0.0640057,0.0361658,0.0361723,0.0361787,0.036185,0.04,1.8182,1.84323,1.84318,4.88758e-05,2.24496,99,351.969
1775545455236,188,1,-0.00264489,-0.0613815,0.0317957,0.0318005,0.0318053,0.03181,0.04,1.84323,1.84692,1.84619,0.000736237,2.24996,99,352.161
1775545455348,189,1,-0.00377559,-0.0566945,0.0204975,0.0204993,0.0205012,0.020503,0.04,1.84692,1.79647,1.79269,0.00378406,2.1819,99,352.281
1775545455476,190,1,-0.00377559,-0.0566945,0.0204975,0.0204993,0.0205012,0.020503,0.04,1.79647,1.79647,1.79525,0.00122154,2.1819,99,352.243
1775545455601,191,1,-0.0045292,-0.0541297,0.0065975,0.00659768,0.00659787,0.00659805,0.04,1.79647,1.77696,1.7736,0.00335741,2.15572,99,352.146
1775545455734,192,1,-0.00499701,-0.0524651,0.000812923,0.000812921,0.000812918,0.000812915,0.04,1.77696,1.76333,1.75994,0.00339401,2.13749,99,352.078
1775545455852,193,1,-0.00606895,-0.0485283,0.0156236,0.0156226,0.0156217,0.0156207,0.04,1.76333,1.73326,1.73223,0.00102937,2.09739,99,351.992
1775545455985,194,1,-0.00642521,-0.0467561,0.0269412,0.0269385,0.0269358,0.0269331,0.04,1.73326,1.71174,1.71305,0.00131416,2.06881,99,351.636
1775545456103,195,1,-0.0083913,-0.0408589,0.05085,0.0508417,0.050833,0.0508241,0.04,1.71174,1.69183,1.69825,0.00642204,2.04245,99,352.368
1775545456224,196,1,-0.00882683,-0.0386409,0.0672713,0.0672573,0.0672428,0.0672276,0.04,1.69183,1.66454,1.67297,0.00843692,2.00645,99,352.613
1775545456364,197,1,-0.0104198,-0.0326882,0.0954123,0.0953882,0.0953623,0.0953347,0.04,1.66454,1.61804,1.63007,0.0120288,1.94547,99,353.236
1775545456502,198,1,-0.0109044,-0.0316214,0.104367,0.104339,0.104309,0.104276,0.04,1.61804,1.62406,1.64039,0.0163331,1.95334,99,353.951
1775545456622,199,1,-0.010691,-0.0327866,0.10076,0.100733,0.100704,0.100673,0.04,1.62406,1.64026,1.65659,0.0163362,1.97455,99,354.139
1775545456750,200,1,-0.010889,-0.0317143,0.10594,0.105911,0.10588,0.105846,0.04,1.64026,1.62577,1.6411,0.0153307,1.95557,99,354.404
1775545456883,201,1,-0.0114297,-0.0304102,0.115317,0.115284,0.115248,0.115209,0.04,1.62577,1.62932,1.64712,0.017809,1.96022,99,353.871
1775545457022,202,1,-0.011218,-0.0323101,0.111711,0.111678,0.111643,0.111604,0.04,1.62932,1.66549,1.68463,0.0191388,2.00771,99,354.504
1775545457148,203,1,-0.0109289,-0.0332618,0.11269,0.112655,0.112618,0.112578,0.04,1.66549,1.67141,1.68864,0.0172309,2.01551,99,354.313
1775545457264,204,1,-0.010804,-0.0338996,0.110002,0.109969,0.109933,0.109894,0.04,1.67141,1.67961,1.69659,0.0169802,2.02632,99,354.599
1775545457395,205,1,-0.0104073,-0.0352794,0.107311,0.107278,0.107242,0.107204,0.04,1.67961,1.6891,1.70548,0.0163792,2.03885,99,354.967
1775545457522,206,1,-0.0100843,-0.0367892,0.104617,0.104585,0.10455,0.104513,0.04,1.6891,1.70719,1.72346,0.0162717,2.06278,99,355.354
1775545457648,207,1,-0.0103261,-0.0365386,0.107334,0.1073,0.107263,0.107224,0.04,1.70719,1.71754,1.73391,0.0163783,2.0765,99,355.839
1775545457782,208,1,-0.00983557,-0.0396499,0.0970869,0.0970568,0.0970248,0.096991,0.04,1.71754,1.76615,1.78312,0.016973,2.14125,99,356.456
1775545457898,209,1,-0.0092788,-0.0423601,0.0883091,0.0882826,0.0882547,0.0882254,0.04,1.76615,1.79959,1.81419,0.0145925,2.1861,99,356.888
1775545458023,210,1,-0.00914201,-0.0433031,0.0892069,0.0891792,0.0891502,0.0891197,0.04,1.79959,1.81579,1.82939,0.0136052,2.20789,99,357.084
1775545458880,211,1,-0.00840506,-0.0466309,0.0777628,0.0777403,0.0777169,0.0776925,0.04,1.81579,1.85306,1.86571,0.012655,2.25828,99,357.431
1775545459035,212,1,-0.00206262,-0.0802705,0.0888307,0.0888796,0.0889272,0.0889734,0.04,1.85306,2.32641,2.35797,0.0315554,2.9272,100,356.993
1775545459185,213,1,-0.00120887,-0.0873594,0.130264,0.130378,0.130488,0.130593,0.04,2.32641,2.46568,2.48196,0.0162845,3.13534,100,357.688
1775545459335,214,1,-0.000288533,-0.0922006,0.156585,0.156758,0.156925,0.157083,0.04,2.46568,2.53723,2.55096,0.01373,3.24449,100,358.014
1775545459475,215,1,0.00117579,-0.101894,0.213868,0.214225,0.214563,0.214881,0.04,2.53723,2.70736,2.73044,0.0230784,3.51036,101,358.374
1775545459609,216,1,0.00204702,-0.107923,0.260656,0.261216,0.261742,0.262231,0.04,2.70736,2.81768,2.83818,0.0205047,3.68773,101,358.204
1775545459777,217,1,0.00261978,-0.11094,0.287858,0.288559,0.289213,0.289819,0.04,2.81768,2.86407,2.88008,0.0160122,3.76355,101,358.501
1775545459918,218,1,0.00450804,-0.121531,0.352451,0.353601,0.354664,0.35564,0.04,2.86407,3.03045,3.05418,0.0237319,4.04162,101,358.835
1775545460098,219,1,0.00473582,-0.125978,0.395131,0.396625,0.397999,0.399249,0.04,3.03045,3.14178,3.16049,0.0187092,4.23328,101,359.291
1775545460228,220,1,0.00650724,-0.136004,0.477472,0.479823,0.481961,0.483881,0.04,3.14178,3.3039,3.32306,0.0191541,4.52078,102,359.527
1775545460375,221,1,0.00653145,-0.13668,0.498815,0.50139,0.503721,0.505803,0.04,3.3039,3.32396,3.32977,0.00581241,4.55707,102,359.706
1775545460490,222,1,0.00772689,-0.146241,0.585961,0.589755,0.593156,0.596151,0.04,3.32396,3.51406,3.53191,0.0178545,4.90904,102,359.889
1775545460621,223,1,0.00846557,-0.15027,0.62556,0.63,0.633962,0.637429,0.04,3.51406,3.57849,3.58311,0.00462151,5.03175,102,359.727
1775545460758,224,1,0.00867868,-0.15185,0.661888,0.666902,0.671348,0.675206,0.04,3.57849,3.61242,3.61354,0.00111842,5.09709,102,359.432
1775545460872,225,1,0.00867448,-0.151729,0.704301,0.709952,0.714918,0.719173,0.04,3.61242,3.61634,3.61441,0.00193191,5.10468,102,358.464
1775545461055,226,1,0.00864028,-0.153484,0.735999,0.742233,0.747685,0.752323,0.04,3.61634,3.67133,3.67508,0.00375056,5.21172,102,357.978
1775545461186,227,1,0.00977804,-0.159948,0.842194,0.850667,0.857967,0.864038,0.04,3.67133,3.78497,3.79829,0.0133154,5.43719,102,356.131
1775545461336,228,1,0.00988227,-0.159949,0.891594,0.901053,0.909115,0.915713,0.04,3.78497,3.78589,3.79078,0.00489116,5.43903,102,355.225
1775545461477,229,1,0.00918568,-0.155446,0.935026,0.945062,0.953478,0.960198,0.04,3.78589,3.71923,3.72051,0.0012846,5.30605,102,353.571
1775545461602,230,1,0.0078942,-0.148003,0.951947,0.961771,0.969877,0.976188,0.04,3.71923,3.60971,3.6083,0.00141597,5.09187,102,352.28
1775545461739,231,1,0.00675792,-0.140885,0.96965,0.979272,0.987068,0.992964,0.04,3.60971,3.4984,3.49848,8.4877e-05,4.87948,102,351.289
1775545461882,232,1,0.00472059,-0.129076,0.977259,0.986096,0.993054,0.998064,0.04,3.4984,3.32065,3.31534,0.00531578,4.55107,102,349.799
1775545462033,233,1,0.00333939,-0.121395,0.999277,1.00787,1.01444,1.01893,0.04,3.32065,3.21171,3.216,0.00429559,4.35604,101,347.96
1775545462165,234,1,0.00151081,-0.108139,1.00888,1.01653,1.0221,1.02552,0.04,3.21171,2.98068,2.97389,0.00679445,3.95742,101,346.111
1775545462296,235,1,0.000257806,-0.0974574,1.02224,1.02918,1.03395,1.03649,0.04,2.98068,2.78026,2.77814,0.00212693,3.62712,101,345.196
1775545462428,236,1,-0.00302963,-0.0781351,1.01549,1.02075,1.02388,1.02484,0.04,2.78026,2.48313,2.47222,0.0109015,3.16181,100,343.095
1775545462554,237,1,-0.00656425,-0.0588924,0.994776,0.99834,0.999895,0.999425,0.04,2.48313,2.20308,2.19378,0.00930238,2.7474,100,341.004
1775545462676,238,1,-0.00872629,-0.0447175,0.979237,0.981636,0.98212,0.980686,0.04,2.20308,1.96634,1.96083,0.00551009,2.41335,99,339.931
1775545462791,239,1,-0.00985874,-0.0326093,0.981787,0.983281,0.982849,0.980496,0.04,1.96634,1.71725,1.71108,0.00616658,2.07612,99,339.849
1775545462897,240,1,-0.0115072,-0.0209239,0.972162,0.972773,0.971519,0.968411,0.04,1.71725,1.51332,1.51168,0.0016377,1.80963,99,339.544
1775545463009,241,1,-0.0133335,-0.00152939,0.955783,0.955008,0.952469,0.948193,0.04,1.51332,1.11208,1.0889,0.0231781,1.3064,98,339.853
1775545463141,242,1,-0.0147572,0.0116618,0.938057,0.936421,0.933128,0.928207,0.04,1.11208,0.850653,0.840832,0.00982106,0.990562,98,340.265
1775545463253,243,1,-0.0172187,0.031583,0.905836,0.903065,0.898814,0.89312,0.04,0.850653,0.476552,0.453353,0.023199,0.550199,98,339.747
1775545463378,244,1,-0.0183564,0.0463096,0.889989,0.886417,0.881454,0.875139,0.04,0.476552,0.154292,0.13574,0.0185519,0.177509,97,340.529
1775545463508,245,1,-0.0189858,0.0601522,0.870706,0.866481,0.860965,0.8542,0.04,0.154292,-0.179707,-0.200273,0.0205659,-0.206779,97,340.861
1775545463642,246,1,-0.0193928,0.0726814,0.867548,0.862617,0.856421,0.849006,0.04,-0.179707,-0.491072,-0.508685,0.017613,-0.567101,96,340.858
1775545463751,247,1,-0.0193043,0.0890111,0.848451,0.842821,0.836025,0.828109,0.04,-0.491072,-0.94182,-0.97328,0.0314597,-1.0998,96,341.14
1775545463871,248,1,-0.0179125,0.093077,0.862144,0.856083,0.848803,0.840356,0.04,-0.94182,-1.14589,-1.15137,0.005481,-1.34786,96,341.381
1775545463995,249,1,-0.0161092,0.0997012,0.874913,0.86826,0.860342,0.851218,0.04,-1.14589,-1.44763,-1.46087,0.0132349,-1.72545,95,342.243
1775545464112,250,1,-0.0152017,0.110275,0.871733,0.864492,0.856014,0.846361,0.04,-1.44763,-1.79683,-1.81326,0.0164292,-2.18238,95,344.179
1775545464221,251,1,-0.0146655,0.119422,0.870161,0.862394,0.853409,0.843272,0.04,-1.79683,-2.08157,-2.09049,0.008919,-2.57419,94,346.13
1775545464347,252,1,-0.0141901,0.127125,0.860206,0.852166,0.842959,0.832652,0.04,-2.08157,-2.32427,-2.32876,0.00449514,-2.92403,94,347.254
1775545464477,253,1,-0.014902,0.141755,0.83781,0.829368,0.819868,0.809374,0.04,-2.32427,-2.67423,-2.68788,0.013644,-3.45787,94,348.413
1775545464601,254,1,-0.0141967,0.150949,0.834739,0.82584,0.815907,0.805008,0.04,-2.67423,-2.97211,-2.97953,0.00742602,-3.943,93,349.468
1775545464730,255,1,-0.0131182,0.159629,0.832533,0.82319,0.812835,0.801537,0.04,-2.97211,-3.2817,-3.28848,0.00678229,-4.4808,93,350.685
1775545464863,256,1,-0.0135275,0.174747,0.806074,0.796519,0.786066,0.774782,0.04,-3.2817,-3.66632,-3.67818,0.0118611,-5.20191,92,351.831
1775545464985,257,1,-0.0117753,0.180121,0.814255,0.804203,0.793237,0.781425,0.04,-3.66632,-3.93147,-3.93191,0.000448465,-5.73651,91,352.904
1775545465121,258,1,-0.011589,0.191888,0.798893,0.788596,0.777453,0.765531,0.04,-3.93147,-4.26491,-4.26941,0.00450039,-6.45617,91,353.531
1775545465243,259,1,-0.0100464,0.203351,0.78665,0.776071,0.764702,0.752611,0.04,-4.26491,-4.68325,-4.6918,0.00855303,-7.44008,90,354.433
1775545465364,260,1,-0.00872494,0.210835,0.788548,0.77752,0.765709,0.753186,0.04,-4.68325,-4.97667,-4.97522,0.00145245,-8.18835,89,355.148
1775545465507,261,1,-0.00780319,0.216581,0.780596,0.769491,0.757637,0.745103,0.04,-4.97667,-5.19694,-5.19021,0.00673008,-8.78367,88,355.524
1775545465629,262,1,-0.00609592,0.227787,0.753366,0.742483,0.730943,0.718808,0.04,-5.19694,-5.62184,-5.62615,0.00431728,-10.0187,87,356.005
1775545465752,263,1,-0.00478125,0.235241,0.738936,0.728115,0.716686,0.704706,0.04,-5.62184,-5.91637,-5.9126,0.00377178,-10.9457,86,356.436
1775545465862,264,1,-0.00342315,0.240927,0.730316,0.719482,0.708069,0.696133,0.04,-5.91637,-6.16519,-6.15869,0.00650024,-11.7767,85,357.089
1775545465986,265,1,-0.00200078,0.242863,0.717241,0.706708,0.695629,0.684057,0.04,-6.16519,-6.31765,-6.30664,0.0110111,-12.3084,85,357.966
1775545466108,266,1,-2.97278e-06,0.244963,0.726417,0.715511,0.704041,0.692064,0.04,-6.31765,-6.51102,-6.50211,0.00890779,-13.0081,84,358.293
1775545466241,267,1,0.00220502,0.244378,0.744322,0.732892,0.720858,0.708279,0.04,-6.51102,-6.64502,-6.63422,0.0107965,-13.5102,83,358.379
1775545466377,268,1,0.00428191,0.244648,0.759189,0.747279,0.734727,0.721601,0.04,-6.64502,-6.79352,-6.78401,0.00950956,-14.0832,83,359.005
1775545466506,269,1,0.00706479,0.241833,0.802,0.788848,0.774938,0.760354,0.04,-6.79352,-6.90327,-6.89345,0.0098238,-14.5183,82,360.585
1775545466627,270,1,0.00941269,0.238161,0.833583,0.819583,0.804727,0.789111,0.04,-6.90327,-6.96146,-6.95088,0.0105772,-14.753,82,362.115
1775545466743,271,1,0.0111951,0.234236,0.887845,0.872202,0.855521,0.837923,0.04,-6.96146,-6.97052,-6.95889,0.011631,-14.7898,82,363.783
1775545466846,272,1,0.0127463,0.231285,0.909102,0.892901,0.875579,0.857268,0.04,-6.97052,-6.9947,-6.9843,0.0103998,-14.8883,82,364.812
1775545467017,273,1,0.0139432,0.229977,0.941625,0.924323,0.905776,0.886135,0.04,-6.9947,-7.03732,-7.02807,0.00924349,-15.0632,82,365.993
1775545467155,274,1,0.0153368,0.23084,0.972499,0.95395,0.934038,0.912937,0.04,-7.03732,-7.15245,-7.14635,0.00610781,-15.5434,81,368.13
1775545467273,275,1,0.0171614,0.228042,1.01628,0.996243,0.974644,0.951691,0.04,-7.15245,-7.1965,-7.18958,0.00691891,-15.7301,81,369.93
1775545467411,276,1,0.0170024,0.233721,0.998886,0.979046,0.957746,0.935182,0.04,-7.1965,-7.34166,-7.33797,0.00369358,-16.3572,81,371.149
1775545467535,277,1,0.016913,0.240207,0.968264,0.94911,0.928646,0.90705,0.04,-7.34166,-7.51532,-7.51314,0.00218248,-17.1319,80,373.199
1775545467647,278,1,0.0163863,0.247672,0.907553,0.890219,0.871822,0.852503,0.04,-7.51532,-7.68957,-7.68788,0.0016818,-17.9366,79,374.048
1775545467768,279,1,0.0150041,0.257111,0.843324,0.82779,0.811422,0.794326,0.04,-7.68957,-7.85869,-7.85662,0.00206709,-18.7444,78,374.734
1775545467910,280,1,0.0145224,0.263986,0.797301,0.783042,0.76809,0.752531,0.04,-7.85869,-8.01802,-8.01566,0.00236225,-19.5301,77,375.732
1775545468028,281,1,0.0136809,0.273879,0.713845,0.701984,0.689636,0.676859,0.04,-8.01802,-8.23958,-8.23683,0.00275803,-20.6633,76,376.921
1775545468144,282,1,0.0128736,0.279677,0.668605,0.657973,0.646948,0.635573,0.04,-8.23958,-8.34726,-8.34243,0.00483608,-21.2316,76,377.127
1775545468265,283,1,0.0121904,0.284642,0.618202,0.608949,0.599388,0.589553,0.04,-8.34726,-8.44172,-8.43577,0.00595665,-21.7396,75,377.742
1775545468378,284,1,0.0115477,0.287794,0.585202,0.576816,0.568172,0.559294,0.04,-8.44172,-8.48746,-8.48051,0.00695515,-21.9888,75,378.033
1775545468510,285,1,0.0107481,0.289422,0.575221,0.567071,0.558675,0.55006,0.04,-8.48746,-8.47777,-8.47004,0.00773525,-21.9358,75,378.289
1775545468613,286,1,0.0112696,0.283415,0.605404,0.596575,0.587455,0.578075,0.04,-8.47777,-8.34692,-8.3383,0.0086174,-21.2297,76,378.295
1775545468734,287,1,0.0124806,0.276973,0.650297,0.640351,0.630038,0.619397,0.04,-8.34692,-8.24971,-8.24194,0.00777435,-20.7163,76,378.059
1775545468847,288,1,0.0124473,0.271556,0.702301,0.690929,0.67909,0.666835,0.04,-8.24971,-8.09335,-8.08463,0.00871944,-19.91,77,377.55
1775545469005,289,1,0.0133908,0.264623,0.739724,0.727441,0.7146,0.701267,0.04,-8.09335,-7.96551,-7.95717,0.00833464,-19.2684,78,377.925
1775545469135,290,1,0.0137589,0.257116,0.785709,0.772251,0.758112,0.743372,0.04,-7.96551,-7.78123,-7.7712,0.0100226,-18.3711,79,377.563
1775545469261,291,1,0.0145695,0.249089,0.854377,0.838951,0.822637,0.805542,0.04,-7.78123,-7.61016,-7.5999,0.0102572,-17.5665,79,377.21
1775545469395,292,1,0.0153736,0.24289,0.900429,0.883714,0.865945,0.847254,0.04,-7.61016,-7.49134,-7.48185,0.00949287,-17.0233,80,377.205
1775545469529,293,1,0.0150182,0.239431,0.916901,0.899816,0.881607,0.862418,0.04,-7.49134,-7.37086,-7.36017,0.0106931,-16.4856,81,377.134
1775545469659,294,1,0.0141734,0.236942,0.942295,0.924427,0.905336,0.885178,0.04,-7.37086,-7.24162,-7.22909,0.0125284,-15.923,81,376.719
1775545469807,295,1,0.0131974,0.236936,0.93548,0.917874,0.899071,0.879221,0.04,-7.24162,-7.17503,-7.16314,0.0118918,-15.6388,81,376.203
1775545469943,296,1,0.0128828,0.234784,0.931006,0.913735,0.895275,0.875774,0.04,-7.17503,-7.09572,-7.08274,0.0129805,-15.3054,82,375.683
1775545470091,297,1,0.0124905,0.232526,0.936209,0.918914,0.900403,0.880827,0.04,-7.09572,-7.0068,-6.99262,0.0141764,-14.9378,82,374.868
1775545470237,298,1,0.0123631,0.22771,0.953263,0.935702,0.916843,0.896843,0.04,-7.0068,-6.86528,-6.84814,0.0171466,-14.3666,83,373.626
1775545470358,299,1,0.0113979,0.228714,0.949126,0.931641,0.912877,0.892992,0.04,-6.86528,-6.82639,-6.81182,0.0145602,-14.2125,83,372.539
1775545470494,300,1,0.0106948,0.231095,0.931255,0.914254,0.896051,0.876792,0.04,-6.82639,-6.84482,-6.83214,0.0126753,-14.2853,83,371.946
1775545470623,301,1,0.00911605,0.235516,0.905511,0.889137,0.871667,0.853235,0.04,-6.84482,-6.85912,-6.84591,0.0132103,-14.3421,83,371.555
1775545470748,302,1,0.00872783,0.237013,0.898017,0.881811,0.864541,0.846334,0.04,-6.85912,-6.87391,-6.8607,0.0132117,-14.4009,83,371.742
1775545470864,303,1,0.00860546,0.237818,0.88694,0.871082,0.8542,0.836415,0.04,-6.87391,-6.88881,-6.87574,0.0130696,-14.4604,83,371.641
1775545471040,304,1,0.00818758,0.239831,0.87836,0.862676,0.846001,0.828455,0.04,-6.88881,-6.91565,-6.90302,0.0126286,-14.568,82,371.858
1775545471209,305,1,0.00806993,0.240524,0.86588,0.850599,0.83437,0.817305,0.04,-6.91565,-6.92809,-6.91509,0.0130038,-14.6181,82,371.918
1775545471342,306,1,0.00797848,0.241193,0.836581,0.822291,0.807144,0.791238,0.04,-6.92809,-6.94406,-6.9314,0.0126634,-14.6825,82,371.821
1775545471474,307,1,0.00783545,0.242079,0.819396,0.805644,0.791086,0.775813,0.04,-6.94406,-6.96065,-6.94808,0.0125647,-14.7497,82,371.25
1775545471601,308,1,0.00923533,0.237954,0.83882,0.824654,0.809615,0.793802,0.04,-6.96065,-6.94288,-6.9296,0.0132804,-14.6777,82,371.325
1775545471740,309,1,0.0103765,0.23366,0.866997,0.85213,0.836293,0.819594,0.04,-6.94288,-6.90142,-6.88751,0.0139084,-14.5109,82,371.087
1775545471900,310,1,0.0111502,0.229576,0.904674,0.888756,0.871726,0.853715,0.04,-6.90142,-6.83895,-6.82405,0.0148988,-14.2621,83,370.984
1775545472045,311,1,0.0113473,0.227894,0.923887,0.907398,0.889722,0.871001,0.04,-6.83895,-6.80429,-6.79003,0.0142603,-14.1255,83,371.793
1775545472188,312,1,0.0116111,0.226763,0.915426,0.899325,0.882066,0.863783,0.04,-6.80429,-6.79309,-6.77982,0.0132709,-14.0815,83,372.634
1775545472330,313,1,0.0115731,0.226945,0.90419,0.888476,0.871646,0.853825,0.04,-6.79309,-6.79701,-6.78439,0.0126204,-14.0969,83,372.705
1775545472444,314,1,0.0114281,0.226964,0.899577,0.884025,0.867371,0.849743,0.04,-6.79701,-6.78817,-6.77504,0.0131311,-14.0623,83,372.565
1775545472567,315,1,0.01209,0.22501,0.902272,0.886763,0.870138,0.852522,0.04,-6.78817,-6.78062,-6.76783,0.0127916,-14.0327,83,373.135
1775545472668,316,1,0.0109122,0.230848,0.845169,0.831229,0.81638,0.80072,0.04,-6.78062,-6.86546,-6.85605,0.00940704,-14.3673,83,373.945
1775545472778,317,1,0.0104753,0.232612,0.83817,0.824355,0.809657,0.794172,0.04,-6.86546,-6.88403,-6.87228,0.0117502,-14.4413,83,374.919
1775545472901,318,1,0.0100421,0.234163,0.81714,0.80393,0.789903,0.775146,0.04,-6.88403,-6.89914,-6.88721,0.0119324,-14.5017,82,375.356
1775545473016,319,1,0.0098907,0.235241,0.79284,0.780356,0.767126,0.753227,0.04,-6.89914,-6.92136,-6.90971,0.0116549,-14.591,82,376.109
1775545473145,320,1,0.0103415,0.233927,0.787179,0.774948,0.761982,0.748357,0.04,-6.92136,-6.91774,-6.90541,0.0123334,-14.5764,82,376.884
1775545473284,321,1,0.0103184,0.23469,0.773271,0.761434,0.748902,0.735744,0.04,-6.91774,-6.9388,-6.92732,0.0114799,-14.6613,82,378.024
1775545473411,322,1,0.0104345,0.232764,0.793228,0.780869,0.767757,0.75397,0.04,-6.9388,-6.89184,-6.878,0.0138412,-14.4725,83,379.21
1775545473525,323,1,0.00996846,0.235476,0.715685,0.705534,0.694827,0.683618,0.04,-6.89184,-6.9443,-6.93338,0.0109177,-14.6835,82,379.915
1775545473631,324,1,0.0112632,0.230754,0.756349,0.74523,0.733451,0.721077,0.04,-6.9443,-6.90003,-6.88665,0.0133848,-14.5053,82,380.676
1775545473761,325,1,0.0100905,0.235191,0.683538,0.674301,0.664579,0.654414,0.04,-6.90003,-6.94975,-6.9385,0.0112495,-14.7055,82,380.911
1775545473871,326,1,0.0102547,0.238322,0.399552,0.396388,0.393124,0.389765,0.04,-6.94975,-7.08818,-7.07736,0.0108228,-15.2739,82,381.575
1775545473990,327,1,0.0104852,0.236736,0.349792,0.347389,0.344918,0.342383,0.04,-7.08818,-7.06883,-7.05565,0.0131793,-15.1935,82,381.887
1775545474100,328,1,0.0120596,0.228141,0.226196,0.225235,0.224255,0.223257,0.04,-7.06883,-6.9642,-6.95329,0.0109186,-14.7641,82,382.198
1775545474209,329,1,0.0131001,0.221778,0.105405,0.105203,0.105,0.104795,0.04,-6.9642,-6.88289,-6.87434,0.0085516,-14.4368,83,382.162
1775545474319,330,1,0.0145376,0.213164,0.0142879,0.0142844,0.0142809,0.0142773,0.04,-6.88289,-6.76364,-6.75191,0.0117359,-13.9665,83,382.087
1775545474429,331,1,0.0138595,0.216675,0.80915,0.820195,0.830258,0.839273,0.04,-6.76364,-6.68202,-6.61905,0.0629735,-13.6513,83,381.762
1775545474554,332,1,0.0192128,0.246816,0.811608,0.797843,0.783305,0.768084,0.04,-6.68202,-7.87527,-7.89044,0.0151639,-18.825,78,350
1775545474667,333,1,0.0211563,0.241289,0.862493,0.847283,0.831138,0.814168,0.04,-7.87527,-7.85259,-7.85043,0.00216293,-18.7148,78,350
1775545474789,334,1,0.0236712,0.230686,0.938391,0.921156,0.902689,0.883143,0.04,-7.85259,-7.72848,-7.72606,0.00242519,-18.1201,79,350
1775545474903,335,1,0.0242973,0.229865,0.956932,0.939061,0.919885,0.899567,0.04,-7.72848,-7.74683,-7.74718,0.000348091,-18.2071,79,350
1775545475006,336,1,0.0273075,0.218398,1.04832,1.02788,1.0057,0.981987,0.04,-7.74683,-7.6314,-7.63167,0.000272751,-17.6649,79,350
1775545475143,337,1,0.0284323,0.215478,1.08065,1.05919,1.03582,1.01077,0.04,-7.6314,-7.62541,-7.62813,0.00271893,-17.6371,79,350
1775545475264,338,1,0.0318391,0.201181,1.22696,1.20096,1.17208,1.14074,0.04,-7.62541,-7.45317,-7.45717,0.00400257,-16.8516,80,350
1775545475377,339,1,0.0328724,0.197416,1.29906,1.27035,1.23822,1.20318,0.04,-7.45317,-7.41257,-7.41973,0.00716829,-16.6703,80,350
1775545475550,340,1,0.0345354,0.190933,1.40722,1.37442,1.33727,1.29644,0.04,-7.41257,-7.33702,-7.34734,0.010325,-16.3369,81,350
1775545475665,341,1,0.0348989,0.188645,1.49817,1.46125,1.41911,1.3726,0.04,-7.33702,-7.28783,-7.30102,0.0131969,-16.1225,81,350
1775545475758,342,1,0.0366414,0.180946,1.6145,1.57304,1.525,1.4715,0.04,-7.28783,-7.18393,-7.20034,0.016408,-15.6766,81,350
1775545475864,343,1,0.0387747,0.171666,1.77176,1.7238,1.66709,1.60324,0.04,-7.18393,-7.05894,-7.07776,0.0188231,-15.1525,82,350
1775545475979,344,1,0.0398727,0.16941,1.8399,1.78861,1.72754,1.65855,0.04,-7.05894,-7.06464,-7.08371,0.0190697,-15.1762,82,350
1775545476080,345,1,0.0411593,0.164027,1.93827,1.88267,1.81562,1.73936,0.04,-7.06464,-6.9948,-7.01209,0.0172982,-14.8887,82,350
1775545476195,346,1,0.0419832,0.163582,2.07761,2.01339,1.93524,1.84614,0.04,-6.9948,-7.02189,-7.03474,0.0128474,-14.9997,82,350
1775545476302,347,1,0.0425078,0.165033,2.14084,2.07188,1.98782,1.89206,0.04,-7.02189,-7.08957,-7.09888,0.00931358,-15.2797,82,350
1775545476426,348,1,0.0428157,0.166046,2.26044,2.18264,2.08733,1.97877,0.04,-7.08957,-7.12359,-7.12436,0.000769615,-15.4219,82,350
1775545476527,349,1,0.0432959,0.167007,2.37025,2.28377,2.1774,2.05628,0.04,-7.12359,-7.16954,-7.15898,0.0105581,-15.6156,81,350
1775545476648,350,1,0.0427172,0.172571,2.41771,2.3249,2.21139,2.08287,0.04,-7.16954,-7.27507,-7.2591,0.0159693,-16.0672,81,350
1775545476754,351,1,0.0407586,0.188034,2.39567,2.29747,2.17997,2.04886,0.04,-7.27507,-7.56259,-7.54857,0.0140195,-17.3475,80,350
1775545476889,352,1,0.0389714,0.202547,2.36073,2.25891,2.13938,2.0077,0.04,-7.56259,-7.83763,-7.82687,0.0107546,-18.6423,78,350
1775545477008,353,1,0.0369342,0.219644,2.32397,2.21779,2.09563,1.96291,0.04,-7.83763,-8.16573,-8.1567,0.00902843,-20.2803,77,350
1775545477138,354,1,0.0325532,0.249818,2.18582,2.08013,1.96243,1.8373,0.04,-8.16573,-8.69881,-8.69839,0.000419617,-23.1683,74,350
1775545477252,355,1,0.0269801,0.288414,1.92368,1.8298,1.72891,1.62399,0.04,-8.69881,-9.39236,-9.39919,0.00682354,-25,72,350
1775545477364,356,1,0.0202417,0.331252,1.62767,1.55025,1.46951,1.38712,0.04,-9.39236,-10.1245,-10.1249,0.000401497,-25,72,350
1775545477456,357,1,0.0161391,0.364086,1.38267,1.32075,1.25729,1.19324,0.04,-10.1245,-10.761,-10.7564,0.00457954,-25,72,350
1775545477563,358,1,0.0121404,0.390002,1.16772,1.11993,1.07149,1.02289,0.04,-10.761,-11.214,-11.2134,0.000565529,-25,72,350
1775545477673,359,1,0.00599972,0.432915,0.79784,0.772493,0.7471,0.721782,0.04,-11.214,-12.0001,-11.9822,0.0179033,-25,72,350
1775545477808,360,1,0.0010175,0.465552,0.536091,0.523495,0.510932,0.498429,0.04,-12.0001,-12.575,-12.5451,0.029829,-25,72,350
1775545477899,361,1,-0.00386264,0.504951,0.183525,0.181867,0.180214,0.178565,0.04,-12.575,-13.3549,-13.2811,0.073802,-25,72,350
1775545477992,362,1,-0.00506542,0.517957,0.0747402,0.0744546,0.0741693,0.0738844,0.04,-13.3549,-13.6403,-13.5915,0.0487309,-25,72,350
1775545478102,363,1,-0.0044653,0.526072,0.0307606,0.0308102,0.0308598,0.0309094,0.04,-13.6403,-13.9079,-13.8521,0.055829,-25,72,350
1775545478213,364,1,-0.00260583,0.527243,0.110003,0.11064,0.111277,0.111916,0.04,-13.9079,-14.0552,-13.9996,0.0555811,-25,72,350
1775545478314,365,1,0.00238058,0.513316,0.124991,0.125781,0.126571,0.127363,0.04,-14.0552,-14.0205,-13.982,0.0384665,-25,72,350
1775545478431,366,1,0.00533567,0.507842,0.142337,0.143345,0.144354,0.145364,0.04,-14.0205,-14.0736,-14.0269,0.0467596,-25,72,350
1775545478535,367,1,0.0103144,0.492322,0.103424,0.103932,0.10444,0.104949,0.04,-14.0736,-14.0041,-13.978,0.0261421,-25,72,350
1775545478660,368,1,0.0141164,0.479659,0.0794861,0.0797751,0.0800642,0.0803534,0.04,-14.0041,-13.9282,-13.9087,0.0194445,-25,72,350
1775545478750,369,1,0.0183297,0.464795,0.050264,0.0503745,0.050485,0.0505956,0.04,-13.9282,-13.8219,-13.8101,0.0118208,-25,72,350
1775545478856,370,1,0.0196798,0.463245,0.0962809,0.0966846,0.0970882,0.0974918,0.04,-13.8219,-13.8657,-13.8407,0.0250053,-25,72,350
1775545478968,371,1,0.0223313,0.456235,0.114826,0.115388,0.11595,0.116512,0.04,-13.8657,-13.8563,-13.8363,0.02001,-25,72,350
1775545479065,372,1,0.0262664,0.44241,0.094743,0.0951099,0.0954765,0.0958429,0.04,-13.8563,-13.7575,-13.7505,0.00697803,-25,72,350
1775545479166,373,1,0.028854,0.434187,0.0998517,0.100249,0.100646,0.101042,0.04,-13.7575,-13.713,-13.7036,0.00931644,-25,72,350
1775545479280,374,1,0.0316526,0.422911,0.0776712,0.0779033,0.0781352,0.0783669,0.04,-13.713,-13.6049,-13.6046,0.000279427,-25,72,350
1775545479369,375,1,0.0340951,0.410844,0.0653612,0.0655195,0.0656776,0.0658355,0.04,-13.6049,-13.4493,-13.4561,0.00684643,-25,72,350
1775545479465,376,1,0.0352222,0.404606,0.0585736,0.0586982,0.0588226,0.058947,0.04,-13.4493,-13.3596,-13.3625,0.00295258,-25,72,350
1775545479591,377,1,0.0370061,0.397338,0.0616154,0.0617501,0.0618846,0.062019,0.04,-13.3596,-13.2857,-13.2893,0.00358772,-25,72,350
1775545479714,378,1,0.0391415,0.389445,0.0905649,0.0908484,0.0911313,0.0914136,0.04,-13.2857,-13.2151,-13.2211,0.00602055,-25,72,350
1775545479845,379,1,0.0412513,0.380069,0.0996075,0.09994,0.100272,0.100602,0.04,-13.2151,-13.1058,-13.1173,0.011446,-25,72,350
1775545479960,380,1,0.0438307,0.3666,0.0837786,0.0840035,0.0842278,0.0844515,0.04,-13.1058,-12.9223,-12.9425,0.0201187,-25,72,350
1775545480091,381,1,0.0445541,0.360808,0.121652,0.122117,0.122579,0.12304,0.04,-12.9223,-12.8096,-12.8257,0.0161295,-25,72,350
1775545480207,382,1,0.047029,0.344862,0.107916,0.108262,0.108607,0.10895,0.04,-12.8096,-12.5516,-12.582,0.0303926,-25,72,350
1775545480320,383,1,0.0476408,0.339529,0.123093,0.123535,0.123974,0.124412,0.04,-12.5516,-12.4472,-12.4673,0.0200891,-25,72,350
1775545480413,384,1,0.0506001,0.320387,0.0916745,0.0919032,0.0921309,0.0923576,0.04,-12.4472,-12.1392,-12.1762,0.0370569,-25,72,350
1775545480509,385,1,0.0513995,0.310998,0.0822061,0.0823837,0.0825605,0.0827366,0.04,-12.1392,-11.942,-11.972,0.0300035,-25,72,350
1775545480620,386,1,0.0520116,0.305322,0.0919436,0.092161,0.0923773,0.0925925,0.04,-11.942,-11.8293,-11.855,0.025753,-25,72,350
1775545480732,387,1,0.054017,0.291561,0.0652798,0.0653838,0.0654873,0.0655905,0.04,-11.8293,-11.6,-11.6327,0.0326557,-25,72,350
1775545480841,388,1,0.38911,-0.924254,0.745305,0.847897,0.966478,1.10316,0.04,-11.6,-1.7049,-1.97279,0.267884,-2.05975,95,381.762
1775545480943,389,1,0.0540353,0.278546,0.100097,0.100328,0.100559,0.100787,0.04,-1.7049,-11.2438,-10.8381,0.40571,-25,72,350
1775545481049,390,1,0.0543473,0.269152,0.105708,0.105957,0.106203,0.106448,0.04,-11.2438,-11.0105,-11.0461,0.0355282,-25,72,350
1775545481143,391,1,0.0551102,0.259298,0.100002,0.100215,0.100427,0.100637,0.04,-11.0105,-10.7978,-10.8322,0.0344572,-25,72,350
1775545481248,392,1,0.0562895,0.246587,0.0793594,0.0794865,0.0796128,0.0797382,0.04,-10.7978,-10.5389,-10.5744,0.0355062,-25,72,350
1775545481355,393,1,0.0570105,0.236193,0.0652888,0.0653709,0.0654525,0.0655336,0.04,-10.5389,-10.3099,-10.3425,0.0326262,-25,72,350
1775545481445,394,1,0.0581719,0.219907,0.0387382,0.0387649,0.0387916,0.0388181,0.04,-10.3099,-9.95407,-9.98749,0.0334139,-25,72,350
1775545481564,395,1,0.0593822,0.205978,0.0114361,0.0114383,0.0114405,0.0114426,0.04,-9.95407,-9.66539,-9.6909,0.0255098,-25,72,350
1775545481680,396,1,0.0603917,0.191745,0.0182374,0.0182322,0.0182271,0.0182219,0.04,-9.66539,-9.34925,-9.37638,0.0271235,-25,72,350
1775545481788,397,1,0.0599723,0.18276,0.0136545,0.0136517,0.013649,0.0136463,0.04,-9.34925,-9.07812,-9.10143,0.0233002,-25,72,350
1775545481896,398,1,0.0591654,0.177256,0.00628179,0.00628123,0.00628067,0.00628011,0.04,-9.07812,-8.8748,-8.89345,0.0186529,-24.186,73,350
1775545481992,399,1,0.0596555,0.164518,0.0329934,0.0329791,0.0329647,0.0329503,0.04,-8.8748,-8.56007,-8.58511,0.0250397,-22.3888,75,350
1775545482105,400,1,0.0607591,0.1474,0.0815251,0.0814467,0.0813674,0.081287,0.04,-8.56007,-8.16585,-8.19801,0.0321531,-20.2809,77,350
1775545482202,401,1,0.0633052,0.115632,0.185854,0.185532,0.185199,0.184853,0.04,-8.16585,-7.46646,-7.50506,0.0386057,-16.9112,80,350
1775545482298,402,1,0.0644883,0.0981537,0.245539,0.24506,0.244551,0.244014,0.04,-7.46646,-7.06617,-7.10256,0.0363898,-15.1825,82,350
1775545482388,403,1,0.0660104,0.0794134,0.313651,0.313008,0.312304,0.31154,0.04,-7.06617,-6.65391,-6.68794,0.0340223,-13.544,83,350
1775545482478,404,1,0.0663343,0.0648311,0.367159,0.366425,0.365594,0.364665,0.04,-6.65391,-6.27364,-6.30448,0.0308399,-12.1531,85,350
1775545482581,405,1,0.0678884,0.0494076,0.424293,0.423521,0.422597,0.421522,0.04,-6.27364,-5.95494,-5.98543,0.0304875,-11.0716,86,350
1775545482679,406,1,0.0692767,0.0288614,0.502064,0.501368,0.500419,0.499217,0.04,-5.95494,-5.48309,-5.50704,0.0239539,-9.60245,87,350
1775545482798,407,1,0.0698889,0.0166162,0.552875,0.552307,0.5514,0.550154,0.04,-5.48309,-5.18622,-5.21488,0.0286593,-8.75403,88,350
1775545482898,408,1,0.0711058,0.00227707,0.613318,0.613017,0.61225,0.611019,0.04,-5.18622,-4.87299,-4.90168,0.0286913,-7.91822,89,350
1775545483014,409,1,0.0715927,-0.00862193,0.66181,0.661811,0.661224,0.660052,0.04,-4.87299,-4.60423,-4.63543,0.0312052,-7.24695,90,350
1775545483124,410,1,0.0729327,-0.0214412,0.724968,0.725461,0.72518,0.724127,0.04,-4.60423,-4.34009,-4.37354,0.0334535,-6.62614,90,350
1775545483258,411,1,0.0732131,-0.0299095,0.779327,0.780265,0.780241,0.779253,0.04,-4.34009,-4.12184,-4.15856,0.0367284,-6.14067,91,350
1775545483361,412,1,0.074093,-0.0408686,0.838145,0.839791,0.840238,0.839483,0.04,-4.12184,-3.87688,-3.91372,0.0368392,-5.62381,91,350
1775545483455,413,1,0.0738183,-0.0451063,0.876412,0.878438,0.879091,0.878368,0.04,-3.87688,-3.73723,-3.77921,0.0419872,-5.34176,92,350
1775545483566,414,1,0.0733633,-0.045117,0.889096,0.891171,0.891814,0.891019,0.04,-3.73723,-3.70351,-3.75039,0.0468814,-5.27498,92,350
1775545483673,415,1,0.0738691,-0.0511948,0.932483,0.935143,0.936148,0.935492,0.04,-3.70351,-3.56718,-3.60882,0.0416422,-5.01008,92,350
1775545483778,416,1,0.0717764,-0.0474544,0.940719,0.943158,0.943899,0.942937,0.04,-3.56718,-3.52262,-3.56687,0.0442488,-4.92525,92,350
1775545483898,417,1,0.0704131,-0.0444834,0.944907,0.947156,0.947684,0.946489,0.04,-3.52262,-3.50824,-3.55269,0.044445,-4.89805,92,350
1775545483984,418,1,0.0683689,-0.0389532,0.949498,0.951373,0.951504,0.949891,0.04,-3.50824,-3.51605,-3.55955,0.0434985,-4.91281,92,350
1775545484080,419,1,0.0667207,-0.0330025,0.942451,0.943891,0.943627,0.941661,0.04,-3.51605,-3.5644,-3.60855,0.0441508,-5.00477,92,350
1775545484187,420,1,0.065912,-0.030819,0.955072,0.956383,0.955921,0.953691,0.04,-3.5644,-3.5657,-3.60612,0.0404263,-5.00725,92,350
1775545484300,421,1,0.0615129,-0.015434,0.920711,0.92094,0.919587,0.916662,0.04,-3.5657,-3.68365,-3.72679,0.0431373,-5.2359,92,350
1775545484401,422,1,0.0591812,-0.00765485,0.914499,0.914223,0.912399,0.909044,0.04,-3.68365,-3.73417,-3.77132,0.0371544,-5.33568,92,350
1775545484491,423,1,0.0564555,0.00341959,0.886193,0.885279,0.882961,0.879259,0.04,-3.73417,-3.85002,-3.88833,0.0383067,-5.56887,91,350
1775545484587,424,1,0.0536971,0.0125739,0.868681,0.867278,0.864558,0.860541,0.04,-3.85002,-3.91,-3.94257,0.0325704,-5.69203,91,350
1775545484712,425,1,0.0505459,0.0252617,0.829599,0.827666,0.824592,0.820397,0.04,-3.91,-4.04175,-4.07523,0.0334878,-5.9685,91,350
1775545485618,426,1,-0.264567,1.00668,1.00514,1.27396,1.63022,2.101,0.04,-4.04175,-8.61749,-8.76554,0.148051,-22.709,74,381.762
1775545485710,427,1,0.0277329,0.0187672,0.931451,0.929365,0.92566,0.920371,0.04,-8.61749,-2.27567,-1.74688,0.52879,-2.85272,94,372.418
1775545485821,428,1,0.113036,-0.279089,1.83833,1.9119,1.97379,2.02168,0.04,-2.27567,0.0531701,0.159645,0.106475,0.0611486,97,455.244
1775545486481,429,1,0.142813,-0.377954,1.98776,2.11519,2.23071,2.32908,0.04,0.0531701,0.712549,0.739892,0.0273423,0.826667,98,485.543
1775545486596,430,1,0.101732,-0.239212,2.12333,2.20313,2.2636,2.30172,0.04,0.712549,-0.201838,-0.21229,0.0104515,-0.232278,97,424.249
1775545486705,431,1,0.074041,-0.134636,1.94826,1.98141,1.99917,2.00083,0.04,-0.201838,-1.15928,-1.1807,0.0214103,-1.36434,96,393.473
1775545486816,432,1,0.0631291,-0.0878047,1.84528,1.86241,1.86654,1.85753,0.04,-1.15928,-1.69275,-1.69803,0.0052737,-2.04367,95,382.482
1775545486910,433,1,0.0491178,-0.0274165,1.68159,1.68282,1.67441,1.6566,0.04,-1.69275,-2.38786,-2.4068,0.0189395,-3.01834,94,367.933
1775545487275,434,1,0.0346548,0.037627,1.42902,1.4201,1.40548,1.38545,0.04,-2.38786,-3.18935,-3.21385,0.0244992,-4.3166,93,355.118
1775545487379,435,1,0.0217363,0.120235,1.16366,1.14931,1.13211,1.11227,0.04,-3.18935,-4.57323,-4.6245,0.05127,-7.17215,90,341.944
1775545487469,436,1,0.0215914,0.134271,1.14435,1.12903,1.11103,1.0906,0.04,-4.57323,-4.94588,-4.94609,0.000212193,-8.10745,89,340.221
1775545487582,437,1,0.0218522,0.14305,1.14531,1.12903,1.11011,1.08879,0.04,-4.94588,-5.20144,-5.19616,0.0052824,-8.79615,88,339.642
1775545487703,438,1,0.0220866,0.152922,1.13682,1.11976,1.10015,1.07825,0.04,-5.20144,-5.48605,-5.48273,0.00332022,-9.6112,87,338.465
1775545487803,439,1,0.0210605,0.170081,1.09744,1.07989,1.06011,1.03834,0.04,-5.48605,-5.88529,-5.88718,0.00189447,-10.845,86,337.349
1775545487932,440,1,0.0213292,0.176434,1.08892,1.07103,1.05098,1.02902,0.04,-5.88529,-6.07706,-6.07174,0.00532293,-11.4772,86,336.566
1775545488036,441,1,0.0211058,0.187642,1.05392,1.03615,1.01648,0.995095,0.04,-6.07706,-6.36997,-6.36938,0.000593662,-12.4949,85,335.988
1775545488137,442,1,0.020417,0.197601,1.01416,0.996883,0.977934,0.957495,0.04,-6.36997,-6.59766,-6.5956,0.00206089,-13.3311,84,335.656
1775545488230,443,1,0.0197806,0.209532,0.964959,0.948413,0.930459,0.911251,0.04,-6.59766,-6.88361,-6.88409,0.000475407,-14.4396,83,335.306
1775545488321,444,1,0.0192009,0.216767,0.925536,0.909811,0.892858,0.874815,0.04,-6.88361,-7.04505,-7.04234,0.00270987,-15.0951,82,335.114
1775545488437,445,1,0.0192466,0.224334,0.892181,0.877069,0.860876,0.84372,0.04,-7.04505,-7.25771,-7.25697,0.000743866,-15.9923,81,334.675
1775545488556,446,1,0.018,0.236174,0.824734,0.811154,0.796738,0.781579,0.04,-7.25771,-7.5017,-7.50127,0.000436783,-17.0702,80,334.722
1775545489016,447,1,0.0174803,0.24408,0.787806,0.774998,0.761476,0.747317,0.04,-7.5017,-7.68506,-7.68311,0.00195408,-17.9154,79,335.017
1775545489111,448,1,0.0178676,0.258771,0.655363,0.645976,0.636189,0.62604,0.04,-7.68506,-8.12839,-8.12774,0.000644684,-20.0886,77,336.593
1775545489213,449,1,0.0186986,0.25725,0.638803,0.629946,0.620715,0.611146,0.04,-8.12839,-8.14714,-8.14229,0.00485325,-20.1847,77,337.823
1775545489337,450,1,0.0187862,0.257805,0.626549,0.618013,0.609123,0.599914,0.04,-8.14714,-8.17,-8.1651,0.00489807,-20.3023,77,338.64
1775545489474,451,1,0.018901,0.258891,0.595565,0.587825,0.579782,0.571462,0.04,-8.17,-8.21186,-8.20681,0.00505352,-20.5189,76,340.524
1775545489584,452,1,0.0183061,0.26059,0.561064,0.554154,0.546991,0.539595,0.04,-8.21186,-8.22187,-8.21586,0.00600338,-20.571,76,341.188
1775545489713,453,1,0.0176464,0.262387,0.522408,0.516381,0.510149,0.503728,0.04,-8.22187,-8.23067,-8.22397,0.0066967,-20.6168,76,342.381
1775545490352,454,1,0.0172018,0.26164,0.510283,0.504552,0.49863,0.492531,0.04,-8.23067,-8.18159,-8.17406,0.0075264,-20.3621,77,343.616
1775545490464,455,1,0.0167725,0.237059,0.643266,0.635031,0.62639,0.617379,0.04,-8.18159,-7.46762,-7.44483,0.02279,-16.9164,80,351.43
1775545490574,456,1,0.0180839,0.225579,0.71389,0.704232,0.694009,0.68327,0.04,-7.46762,-7.23712,-7.22369,0.0134258,-15.9037,81,352.378
1775545490687,457,1,0.0180304,0.220762,0.744611,0.734322,0.723387,0.711863,0.04,-7.23712,-7.0986,-7.08694,0.011662,-15.3174,82,352.809
1775545490808,458,1,0.0192102,0.207669,0.831376,0.81928,0.806265,0.792416,0.04,-7.0986,-6.81322,-6.79651,0.0167055,-14.1606,83,354.092
1775545490924,459,1,0.0192226,0.198673,0.899171,0.885595,0.870841,0.855023,0.04,-6.81322,-6.56085,-6.54315,0.0176997,-13.1932,84,354.825
1775545491040,460,1,0.0198424,0.191219,0.951039,0.93638,0.920314,0.902977,0.04,-6.56085,-6.39442,-6.37867,0.0157514,-12.5828,84,355.374
1775545491162,461,1,0.0208318,0.182494,1.00361,0.987975,0.970666,0.951845,0.04,-6.39442,-6.21905,-6.20198,0.0170655,-11.9625,85,355.927
1775545491281,462,1,0.0204909,0.180419,1.03206,1.01568,0.997485,0.977644,0.04,-6.21905,-6.13524,-6.12036,0.014883,-11.6743,85,356.637
1775545491833,463,1,0.0211305,0.174802,1.08572,1.0681,1.04833,1.02665,0.04,-6.13524,-6.01972,-6.00257,0.0171566,-11.2854,86,357.519
1775545491943,464,1,0.0203276,0.179072,1.15368,1.13323,1.11025,1.08503,0.04,-6.01972,-6.07018,-6.05763,0.0125484,-11.4541,86,360.18
1775545492059,465,1,0.0199488,0.181597,1.16051,1.13953,1.11599,1.09019,0.04,-6.07018,-6.11143,-6.09838,0.0130501,-11.5933,85,360.699
1775545494219,466,1,0.0195001,0.185403,1.17036,1.14858,1.12419,1.09752,0.04,-6.11143,-6.18209,-6.16998,0.0121098,-11.8348,85,361.117
1775545494333,467,1,0.013232,0.300435,0.606383,0.596933,0.587212,0.57725,0.04,-6.18209,-8.94251,-8.936,0.00651073,-24.5863,72,378.701
1775545494444,468,1,0.0121122,0.315309,0.456345,0.450713,0.444969,0.439124,0.04,-8.94251,-9.28947,-9.28116,0.00830841,-25,72,378.959
1775545494552,469,1,0.0105279,0.330755,0.334431,0.331242,0.328012,0.324743,0.04,-9.28947,-9.61601,-9.6066,0.00940609,-25,72,378.98
1775545495936,470,1,0.00709553,0.357809,0.0807471,0.0805438,0.08034,0.0801357,0.04,-9.61601,-10.1494,-10.1317,0.0177002,-25,72,379.37
1775545496047,471,1,0.0115623,0.233443,1.29127,1.25779,1.22127,1.18227,0.04,-10.1494,-6.91828,-6.82606,0.0922232,-14.5786,82,385.653
1775545496160,472,1,0.0104624,0.230334,1.30862,1.27467,1.23754,1.1978,0.04,-6.91828,-6.75586,-6.73539,0.020472,-13.9362,83,385.292
1775545498343,473,1,0.00873373,0.229201,1.29119,1.25832,1.22238,1.18391,0.04,-6.75586,-6.6082,-6.58424,0.023963,-13.3708,84,384.627
1775545498454,474,1,-0.00486222,0.372072,0.30989,0.306739,0.303564,0.300367,0.04,-6.6082,-9.67452,-9.61926,0.0552559,-25,72,397.359
1775545498597,475,1,-0.00617274,0.385771,0.1678,0.166835,0.165867,0.164896,0.04,-9.67452,-9.976,-9.96461,0.0113916,-25,72,396.417
1775545499796,476,1,-0.00983998,0.416039,0.136983,0.13769,0.138395,0.139098,0.04,-9.976,-10.5453,-10.5161,0.0291739,-25,72,394.289
1775545499916,477,1,-0.00617805,0.357334,0.51493,0.506621,0.498192,0.489665,0.04,-10.5453,-9.15481,-9.15064,0.00416946,-25,72,395.624
1775545500035,478,1,-0.0075306,0.357258,0.542156,0.532944,0.523594,0.51413,0.04,-9.15481,-9.05543,-9.04757,0.00785828,-25,72,396.857
1775545500140,479,1,-0.00939786,0.362367,0.530774,0.521795,0.512692,0.503487,0.04,-9.05543,-9.06633,-9.05838,0.00795269,-25,72,397.087
1775545500919,480,1,-0.0124673,0.373684,0.433777,0.427561,0.421281,0.41495,0.04,-9.06633,-9.17467,-9.16475,0.00991249,-25,72,398.026
1775545501043,481,1,-0.0181238,0.366533,0.282323,0.279756,0.27717,0.274566,0.04,-9.17467,-8.61351,-8.6009,0.0126104,-22.6867,74,396.322
1775545501156,482,1,-0.0190631,0.363145,0.252009,0.249987,0.247951,0.245902,0.04,-8.61351,-8.46173,-8.4501,0.0116253,-21.8483,75,394.358
1775545501284,483,1,-0.0191777,0.358747,0.231531,0.22985,0.228158,0.226454,0.04,-8.46173,-8.33804,-8.32671,0.0113268,-21.1824,76,393.031
1775545501414,484,1,-0.0192087,0.355262,0.193395,0.192237,0.191072,0.1899,0.04,-8.33804,-8.24753,-8.23755,0.00998878,-20.7049,76,390.124
1775545501529,485,1,-0.0226924,0.366381,0.0594186,0.0593053,0.0591919,0.0590782,0.04,-8.24753,-8.32843,-8.32444,0.00398922,-21.1314,76,386.117
1775545501654,486,1,-0.0219424,0.357404,0.0468225,0.0467543,0.046686,0.0466175,0.04,-8.32843,-8.13958,-8.13507,0.00450134,-20.1459,77,384.038
1775545501801,487,1,-0.0208724,0.347321,0.0371524,0.0371109,0.0370694,0.0370278,0.04,-8.13958,-7.9424,-7.93715,0.00524664,-19.1542,78,381.948
1775545501902,488,1,-0.021785,0.342862,0.0135131,0.0135185,0.0135239,0.0135292,0.04,-7.9424,-7.76259,-7.75752,0.00506449,-18.2821,79,379.195
1775545502027,489,1,-0.0216917,0.338189,0.0305352,0.0305623,0.0305894,0.0306164,0.04,-7.76259,-7.63998,-7.63445,0.00552797,-17.7048,79,377.552
1775545502153,490,1,-0.0206357,0.328467,0.0344512,0.0344845,0.0345177,0.034551,0.04,-7.63998,-7.44946,-7.44238,0.00708485,-16.835,80,375.562
1775545502288,491,1,-0.0189253,0.317024,0.028015,0.0280361,0.0280572,0.0280783,0.04,-7.44946,-7.25921,-7.25135,0.007864,-15.9987,81,373.992
1775545502397,492,1,-0.0185703,0.311271,0.0405742,0.0406175,0.0406608,0.040704,0.04,-7.25921,-7.1262,-7.11812,0.00807571,-15.4329,82,372.941
1775545502502,493,1,-0.0169122,0.299168,0.0270182,0.0270366,0.0270549,0.0270732,0.04,-7.1262,-6.91563,-6.90604,0.00959396,-14.5679,82,371.986
1775545502630,494,1,-0.0166991,0.296382,0.0429963,0.0430423,0.0430882,0.043134,0.04,-6.91563,-6.85246,-6.84439,0.00807428,-14.3157,83,371.263
1775545502776,495,1,-0.0168674,0.292587,0.059519,0.0596058,0.0596923,0.0597784,0.04,-6.85246,-6.73564,-6.72566,0.00997448,-13.8577,83,370.525
1775545502893,496,1,-0.0150115,0.281298,0.0546726,0.0547426,0.0548124,0.0548819,0.04,-6.73564,-6.55937,-6.54786,0.0115128,-13.1877,84,369.554
1775545503032,497,1,-0.0140899,0.275971,0.0510809,0.0511407,0.0512003,0.0512597,0.04,-6.55937,-6.47951,-6.4698,0.00971651,-12.8922,84,368.913
1775545503154,498,1,-0.0121498,0.264236,0.0338404,0.0338654,0.0338904,0.0339153,0.04,-6.47951,-6.299,-6.28727,0.0117297,-12.2424,85,368.304
1775545503254,499,1,-0.0109677,0.2558,0.0135761,0.0135799,0.0135838,0.0135877,0.04,-6.299,-6.15575,-6.14486,0.0108871,-11.7443,85,367.947
1775545503354,500,1,-0.00838544,0.24243,0.0187576,0.0187506,0.0187436,0.0187366,0.04,-6.15575,-5.97176,-5.9592,0.0125599,-11.1268,86,367.495
1775545503478,501,1,-0.00690182,0.231955,0.0422897,0.0422558,0.0422218,0.0421876,0.04,-5.97176,-5.78729,-5.77399,0.0132995,-10.532,86,367.033
1775545503599,502,1,-0.00474556,0.220342,0.0756801,0.0755772,0.0754735,0.0753691,0.04,-5.78729,-5.61692,-5.60288,0.0140419,-10.0037,87,366.254
1775545504535,503,1,-0.00191741,0.206455,0.11966,0.119419,0.119176,0.11893,0.04,-5.61692,-5.42979,-5.41366,0.0161242,-9.44593,88,365.799
1775545504651,504,1,0.0147692,0.125204,0.48583,0.483385,0.480724,0.477855,0.04,-5.42979,-4.32807,-4.25564,0.0724306,-6.59876,90,364.3
1775545504778,505,1,0.0173388,0.111539,0.579971,0.576825,0.57331,0.569437,0.04,-4.32807,-4.12152,-4.10343,0.0180931,-6.14,91,364.028
1775545504926,506,1,0.0186776,0.103892,0.64603,0.642355,0.638168,0.633484,0.04,-4.12152,-3.997,-3.98587,0.0111339,-5.87368,91,363.651
1775545506938,507,1,0.0207159,0.0924065,0.734064,0.729766,0.72471,0.718923,0.04,-3.997,-3.81365,-3.80035,0.0133021,-5.49501,92,363.024
1775545507042,508,1,0.0412866,-0.00474402,3.97227,3.91524,3.7415,3.47593,0.04,-3.81365,-2.16674,-2.19925,0.0325105,-2.69519,94,356.219
1775545509251,509,1,0.0198641,0.123291,2.87032,2.76847,2.6292,2.46243,0.04,-2.16674,-4.30456,-4.43003,0.12547,-6.54545,90,351.689
1775545509365,510,1,0.0568063,0.0828197,0.00866354,0.00866402,0.00866451,0.00866499,0.04,-4.30456,-6.15867,-6.19689,0.0382156,-11.7544,85,350
1775545509462,511,1,0.0571975,0.0805673,0.0066026,0.00660287,0.00660315,0.00660342,0.04,-6.15867,-6.12512,-6.13512,0.00999832,-11.6398,85,350
1775545513796,512,1,0.0575895,0.0785165,0.00236907,0.00236911,0.00236914,0.00236918,0.04,-6.12512,-6.09741,-6.10705,0.00963879,-11.5459,85,350
1775545513896,513,1,0.502226,-1.27776,0.473729,0.745485,1.25659,2.30593,0.04,-6.09741,0.464096,0.227798,0.236298,0.535709,98,350
1775545514016,514,1,0.537238,-1.31772,0.373192,0.605463,1.06693,2.09567,0.04,0.464096,-0.830461,-0.773993,0.0564682,-0.966485,96,350
1775545514124,515,1,0.39281,-1.16383,0.93174,1.46391,2.43087,4.25647,0.04,-0.830461,5.06644,4.08324,0.983196,8.42739,105,350
1775545514247,516,1,0.579383,-1.36877,0.268518,0.468176,0.917643,2.1309,0.04,5.06644,-2.21939,-2.0425,0.176884,-2.77093,94,350
1775545515754,517,1,3.58315,-1.54892,0.00325353,0.00583085,0.0120371,0.0313535,0.04,-2.21939,-28,-31.1891,3.18908,-25,72,350
1775545515885,518,1,0.0037684,-0.186282,0.0541995,0.0542433,0.0542868,0.0543301,0.04,-28,4.78418,4.52324,0.260938,7.69185,105,396.52
1775545516004,519,1,0.0512237,-0.363612,0.592698,0.603746,0.614554,0.625083,0.04,4.78418,6.39166,6.51392,0.122256,12.5728,110,442.893
1775545516792,520,1,0.0715503,-0.443757,0.774859,0.799431,0.823758,0.847694,0.04,6.39166,7.18915,7.25273,0.0635853,15.6988,113,465.086
1775545516901,521,1,0.0785644,-0.507714,0.954797,1.00029,1.04598,1.09146,0.04,7.18915,8.47033,8.59482,0.124491,21.8952,119,469.993
1775545517017,522,1,0.0679997,-0.476755,0.937388,0.977252,1.01695,1.05612,0.04,8.47033,8.35787,8.35498,0.00289249,21.2882,118,455.509
1775545517853,523,1,0.0579865,-0.443265,0.909541,0.94332,0.976658,1.00927,0.04,8.35787,8.13688,8.12434,0.0125418,20.1321,117,441.41
1775545517978,524,1,-0.0288097,-0.0714005,0.00113784,0.00113785,0.00113785,0.00113786,0.04,8.13688,3.91899,3.82165,0.097347,5.71064,103,345.704
1775545518104,525,1,-0.026562,-0.0675071,0.00761667,0.00761697,0.00761728,0.00761758,0.04,3.91899,3.65968,3.67372,0.0140388,5.18893,102,346.263
1775545519434,526,1,-0.0252094,-0.059395,0.00216506,0.00216503,0.00216501,0.00216499,0.04,3.65968,3.34617,3.35482,0.00864673,4.59743,102,345.643
1775545519545,527,1,-0.0188828,-0.039613,0.00966703,0.00966674,0.00966644,0.00966615,0.04,3.34617,2.37581,2.34829,0.0275254,3.00039,100,344.631
1775545519669,528,1,-0.0192395,-0.0355557,0.0179431,0.0179422,0.0179413,0.0179404,0.04,2.37581,2.29209,2.30355,0.011466,2.87674,100,344.86
1775545520575,529,1,-0.0183919,-0.0358803,0.0124173,0.0124169,0.0124164,0.012416,0.04,2.29209,2.24147,2.25238,0.0109093,2.80292,100,344.706
1775545520713,530,1,-0.0145067,-0.0258606,0.016691,0.0166905,0.0166899,0.0166893,0.04,2.24147,1.70309,1.68755,0.015541,2.05735,99,343.421
1775545520835,531,1,-0.0136795,-0.0248474,0.017154,0.0171534,0.0171529,0.0171523,0.04,1.70309,1.61869,1.62308,0.00438917,1.94632,99,342.957
1775545520961,532,1,-0.0131838,-0.022311,0.0244392,0.0244381,0.024437,0.0244359,0.04,1.61869,1.51707,1.52104,0.00396729,1.81447,99,342.606
1775545521075,533,1,-0.0116876,-0.0233813,0.0194521,0.0194514,0.0194507,0.01945,0.04,1.51707,1.44193,1.44504,0.00310886,1.71818,99,341.774
1775545521205,534,1,-0.0111875,-0.0224005,0.0234491,0.0234481,0.0234471,0.0234461,0.04,1.44193,1.38153,1.38538,0.00385451,1.6415,99,341.933
1775545522367,535,1,-0.0103712,-0.0236214,0.0160897,0.0160892,0.0160888,0.0160883,0.04,1.38153,1.35701,1.36095,0.00393641,1.61054,99,341.453
1775545522478,536,1,-0.00808899,0.00610602,0.0726182,0.0726203,0.0726217,0.0726222,0.04,1.35701,0.404826,0.364769,0.0400574,0.466877,97,343.341
1775545522589,537,1,-0.00721624,0.00542357,0.0710234,0.0710252,0.0710262,0.0710266,0.04,0.404826,0.362787,0.368669,0.00588194,0.41816,97,342.875
1775545523787,538,1,-0.00723833,0.0108442,0.0971859,0.0971929,0.0971981,0.0972015,0.04,0.362787,0.221952,0.224227,0.00227566,0.255463,97,342.093
1775545523911,539,1,0.0023415,-0.00654999,0.0299158,0.0299153,0.0299148,0.0299142,0.04,0.221952,0.0201818,0.00904226,0.0111395,0.0232092,97,333.799
1775545524031,540,1,0.00408246,-0.0125396,0.000429493,0.000429493,0.000429493,0.000429493,0.04,0.0201818,0.057244,0.0553703,0.00187366,0.0658343,97,334.479
1775545525699,541,1,0.00607673,-0.0192889,0.0339159,0.0339176,0.0339192,0.0339208,0.04,0.057244,0.107351,0.107828,0.000477552,0.123478,97,335.541
1775545525804,542,1,0.00910301,0.00580357,0.242232,0.242244,0.242228,0.242182,0.04,0.107351,-0.746824,-0.796353,0.0495298,-0.867178,96,339.843
1775545525947,543,1,0.0104318,0.00146106,0.206072,0.206068,0.206046,0.206007,0.04,-0.746824,-0.726898,-0.720784,0.00611359,-0.843614,96,339.858
1775545526059,544,1,0.00955721,0.00876932,0.173364,0.17338,0.173384,0.173378,0.04,-0.726898,-0.86923,-0.873392,0.00416195,-1.01275,96,339.552
1775545526159,545,1,0.0096403,0.0076874,0.0916202,0.0916244,0.0916271,0.0916283,0.04,-0.86923,-0.858723,-0.856792,0.00193071,-1.0002,96,339.727
1775545526270,546,1,0.0111553,0.00507536,0.0838562,0.0838584,0.0838594,0.0838592,0.04,-0.858723,-0.893914,-0.895456,0.00154209,-1.04229,96,338.945
1775545526388,547,1,0.0101904,0.00995656,0.103427,0.103434,0.103439,0.103442,0.04,-0.893914,-0.956146,-0.957914,0.00176799,-1.11705,96,338.804
1775545526506,548,1,0.0122113,0.00468824,0.0819358,0.0819377,0.0819385,0.0819381,0.04,-0.956146,-0.956656,-0.956649,6.97374e-06,-1.11767,96,338.503
1775545526605,549,1,0.011362,0.0089826,0.0932779,0.0932832,0.0932868,0.0932888,0.04,-0.956656,-1.01231,-1.01449,0.00218487,-1.1849,96,338.416
1775545527428,550,1,0.0113207,0.00914474,0.0885589,0.0885638,0.0885673,0.0885694,0.04,-1.01231,-1.01459,-1.01396,0.000633478,-1.18767,96,338.607
1775545527539,551,1,0.0129944,0.0201983,0.177061,0.177105,0.177137,0.177159,0.04,-1.01459,-1.41479,-1.435,0.0202041,-1.68365,95,338.308
1775545527689,552,1,0.0177627,-0.00416677,0.00149107,0.00149107,0.00149107,0.00149107,0.04,-1.41479,-1.11324,-1.10201,0.011235,-1.30782,96,339.966
1775545527795,553,1,0.0195636,-0.00781433,0.02102,0.0210202,0.0210205,0.0210207,0.04,-1.11324,-1.13585,-1.14128,0.00542378,-1.33554,96,339.453
1775545527912,554,1,0.0199607,-0.0111674,0.0434326,0.0434341,0.0434355,0.0434367,0.04,-1.13585,-1.06908,-1.0694,0.000318766,-1.25388,96,339.875
1775545528047,555,1,0.0209054,-0.0112349,0.0460429,0.0460446,0.0460462,0.0460475,0.04,-1.06908,-1.13202,-1.13938,0.0073539,-1.33084,96,339.951
1775545528155,556,1,0.0247332,-0.0276868,0.113375,0.113401,0.113425,0.113445,0.04,-1.13202,-0.940834,-0.933716,0.00711846,-1.09862,96,340.975
1775545528612,557,1,0.0282348,-0.0429655,0.200294,0.20042,0.200531,0.200625,0.04,-0.940834,-0.755736,-0.748046,0.0076896,-0.877728,96,340.402
1775545528714,558,1,0.0383722,-0.0919988,0.490231,0.491851,0.493234,0.494377,0.04,-0.755736,-0.083513,-0.0445127,0.0390003,-0.0960516,97,339.404
1775545528816,559,1,0.0393089,-0.0956003,0.515523,0.517385,0.51897,0.520277,0.04,-0.083513,-0.0467443,-0.0630746,0.0163302,-0.053758,97,340.322
1775545528930,560,1,0.0378119,-0.0929352,0.540606,0.542583,0.544242,0.545579,0.04,-0.0467443,-0.011453,-0.0286198,0.0171668,-0.0131709,97,337.521
1775545529036,561,1,0.039942,-0.101568,0.596401,0.599033,0.60124,0.603012,0.04,-0.011453,0.083902,0.0681887,0.0157133,0.0964991,97,337.973
1775545529144,562,1,0.0404148,-0.103388,0.622048,0.624959,0.627385,0.629319,0.04,0.083902,0.10463,0.0809307,0.0236994,0.120347,97,338.306
1775545529244,563,1,0.0412866,-0.106455,0.653926,0.657234,0.659981,0.662154,0.04,0.10463,0.132505,0.10775,0.0247555,0.152428,97,339.254
1775545529349,564,1,0.0407686,-0.105522,0.676567,0.680064,0.682938,0.685175,0.04,0.132505,0.146659,0.120113,0.0265462,0.168721,97,338.554
1775545529456,565,1,0.0431978,-0.113511,0.719574,0.723841,0.727361,0.730114,0.04,0.146659,0.201979,0.176952,0.0250275,0.232441,97,340.176
1775545529562,566,1,0.0448496,-0.118969,0.757861,0.762827,0.766921,0.770117,0.04,0.201979,0.241781,0.214078,0.0277034,0.278331,97,341.767
1775545529681,567,1,0.0455113,-0.122549,0.805703,0.811474,0.816197,0.819838,0.04,0.241781,0.300655,0.274357,0.0262983,0.346297,97,341.358
1775545529825,568,1,0.0450575,-0.120142,0.831772,0.837769,0.84261,0.846259,0.04,0.300655,0.271088,0.237412,0.0336758,0.312149,97,339.648
1775545529963,569,1,0.0427387,-0.112064,0.836539,0.842142,0.846566,0.849776,0.04,0.271088,0.21339,0.178517,0.0348728,0.245593,97,337.094
1775545531372,570,1,0.0427214,-0.111891,0.879978,0.886135,0.890915,0.89428,0.04,0.21339,0.216873,0.18876,0.0281131,0.249608,97,336.491
1775545531485,571,1,0.0313822,-0.042008,1.12026,1.12295,1.12278,1.11974,0.04,0.216873,-0.85366,-0.939669,0.0860091,-0.994151,96,336.993
1775545531601,572,1,0.0351774,-0.0566236,1.25559,1.26057,1.26149,1.25836,0.04,-0.85366,-0.698962,-0.679232,0.01973,-0.810636,96,339.091
1775545532530,573,1,0.034453,-0.0494189,1.27884,1.28303,1.28296,1.27861,0.04,-0.698962,-0.840395,-0.841362,0.000967681,-0.978325,96,338.995
1775545532630,574,1,0.0338724,0.00639883,1.49086,1.4864,1.47534,1.45791,0.04,-0.840395,-2.27989,-2.34485,0.064959,-2.85889,94,335.39
1775545532726,575,1,0.0334401,0.0151971,1.50967,1.5035,1.49051,1.47099,0.04,-2.27989,-2.48595,-2.47566,0.010289,-3.1661,94,336.182
1775545532827,576,1,0.0324472,0.0265659,1.51156,1.50335,1.48836,1.46691,0.04,-2.48595,-2.72517,-2.716,0.00917792,-3.53873,93,337.778
1775545532959,577,1,0.0301237,0.0446025,1.48556,1.47459,1.45728,1.43398,0.04,-2.72517,-3.05724,-3.05189,0.00535536,-4.08734,93,339.062
1775545533068,578,1,0.0288595,0.0601657,1.49298,1.47919,1.45905,1.43299,0.04,-3.05724,-3.39056,-3.38427,0.00629115,-4.6787,92,342.007
1775545533165,579,1,0.0278552,0.0755395,1.49506,1.47856,1.45577,1.42719,0.04,-3.39056,-3.73747,-3.73151,0.00596237,-5.34224,92,344.658
1775545533259,580,1,0.0277492,0.0834706,1.51721,1.49873,1.47376,1.44284,0.04,-3.73747,-3.94193,-3.92968,0.0122507,-5.75827,91,346.924
1775545533381,581,1,0.0280842,0.0869068,1.53928,1.51957,1.49312,1.46052,0.04,-3.94193,-4.05505,-4.03967,0.0153875,-5.9969,91,348.504
1775545533489,582,1,0.0267095,0.102408,1.52817,1.50593,1.47721,1.44265,0.04,-4.05505,-4.3817,-4.37602,0.00568724,-6.72147,90,350.584
1775545533604,583,1,0.0260744,0.114525,1.54141,1.51648,1.48502,1.44774,0.04,-4.3817,-4.66435,-4.65805,0.0062933,-7.39356,90,353.159
1775545533727,584,1,0.0261443,0.124225,1.57899,1.55082,1.51576,1.47463,0.04,-4.66435,-4.92685,-4.92245,0.00439215,-8.05774,89,355.567
1775545533826,585,1,0.0256099,0.136552,1.59441,1.56316,1.52496,1.48071,0.04,-4.92685,-5.22189,-5.2208,0.00109291,-8.853,88,357.324
1775545533940,586,1,0.0245987,0.145985,1.57087,1.53872,1.50003,1.45567,0.04,-5.22189,-5.41097,-5.40673,0.00423479,-9.39112,88,358.446
1775545534053,587,1,0.0238435,0.161148,1.57233,1.53709,1.49548,1.44843,0.04,-5.41097,-5.7695,-5.77226,0.00275803,-10.4759,87,360.848
1775545534154,588,1,0.0232555,0.174696,1.56435,1.52678,1.48311,1.43431,0.04,-5.7695,-6.09716,-6.10097,0.0038085,-11.545,85,362.969
1775545534267,589,1,0.0221002,0.187471,1.54081,1.50191,1.45734,1.40804,0.04,-6.09716,-6.36675,-6.36988,0.00313377,-12.4833,85,364.613
1775545534389,590,1,0.0223688,0.196828,1.55816,1.51646,1.46904,1.41693,0.04,-6.36675,-6.63655,-6.64289,0.00633478,-13.478,84,366.635
1775545534477,591,1,0.0217377,0.209775,1.51992,1.47781,1.43054,1.37909,0.04,-6.63655,-6.94888,-6.95625,0.00736618,-14.702,82,368.003
1775545534602,592,1,0.0209948,0.218539,1.43831,1.39919,1.35576,1.30884,0.04,-6.94888,-7.14592,-7.14969,0.00377178,-15.5158,81,368.669
1775545534715,593,1,0.019053,0.238193,1.34576,1.30857,1.26802,1.22478,0.04,-7.14592,-7.55659,-7.56152,0.00493574,-17.32,80,370.475
1775545534829,594,1,0.0188576,0.248878,1.28772,1.25219,1.2138,1.17312,0.04,-7.55659,-7.8403,-7.84434,0.00404882,-18.6552,78,372.173
1775545534938,595,1,0.015881,0.268388,1.1412,1.11115,1.07922,1.04577,0.04,-7.8403,-8.18286,-8.186,0.00313663,-20.3686,77,373.513
1775545535055,596,1,0.0153491,0.277139,1.06964,1.04239,1.01362,0.983625,0.04,-8.18286,-8.39282,-8.39548,0.00265503,-21.4755,76,375.451
1775545535158,597,1,0.0151688,0.283465,1.04022,1.01384,0.986088,0.95724,0.04,-8.39282,-8.55565,-8.5588,0.00314713,-22.3643,75,376.508
1775545535265,598,1,0.0133528,0.29524,0.919685,0.898199,0.875798,0.85265,0.04,-8.55565,-8.76561,-8.7686,0.00298882,-23.5507,73,377.296
1775545535364,599,1,0.0137465,0.295933,0.890161,0.869994,0.848997,0.827316,0.04,-8.76561,-8.8157,-8.81816,0.00246048,-23.8406,73,378.725
1775545535464,600,1,0.0157628,0.28246,1.08525,1.05661,1.02642,0.995003,0.04,-8.8157,-8.56339,-8.56543,0.00203609,-22.4073,75,379.427
1775545535572,601,1,0.017052,0.276621,1.12097,1.09106,1.05941,1.02638,0.04,-8.56339,-8.48942,-8.49264,0.00322056,-21.9995,75,379.498
1775545535674,602,1,0.0188397,0.265223,1.26613,1.22947,1.19026,1.14903,0.04,-8.48942,-8.28471,-8.28956,0.00485706,-20.9,76,379.636
1775545535784,603,1,0.0195053,0.258102,1.34301,1.30282,1.25952,1.21381,0.04,-8.28471,-8.12755,-8.13385,0.00630379,-20.0843,77,379.777
1775545535896,604,1,0.0230924,0.233365,1.61433,1.5614,1.5028,1.43988,0.04,-8.12755,-7.66957,-7.6856,0.0160265,-17.8429,79,381.412
1775545535989,605,1,0.0230568,0.226936,1.7359,1.67609,1.6092,1.53699,0.04,-7.66957,-7.47722,-7.49728,0.0200524,-16.9597,80,381.912
1775545536102,606,1,0.0238696,0.218541,1.84964,1.78388,1.70946,1.62857,0.04,-7.47722,-7.29135,-7.31409,0.0227461,-16.1378,81,382.515
1775545536214,607,1,0.0224438,0.222364,1.81988,1.75522,1.68238,1.60345,0.04,-7.29135,-7.30028,-7.32231,0.022028,-16.1766,81,382.664
1775545536319,608,1,0.0209886,0.224336,1.88409,1.81403,1.73503,1.64951,0.04,-7.30028,-7.24534,-7.26823,0.022893,-15.939,81,383.426
1775545536431,609,1,0.018431,0.23301,1.849,1.77909,1.70094,1.61685,0.04,-7.24534,-7.30839,-7.33005,0.0216656,-16.2118,81,384.5
1775545538414,610,1,0.0146394,0.250281,1.74658,1.67986,1.60656,1.52856,0.04,-7.30839,-7.52782,-7.54499,0.0171676,-17.1887,80,385.354
1775545538520,611,1,-0.0341665,0.573301,0.900038,0.949251,0.999573,1.05065,0.04,-7.52782,-12.9771,-12.536,0.441106,-25,72,380.356
1775545538639,612,1,-0.0376962,0.593432,1.00481,1.07004,1.13728,1.20594,0.04,-12.9771,-13.2545,-12.945,0.309495,-25,72,377.927
1775545540092,613,1,-0.031135,0.558793,0.53227,0.548681,0.565297,0.582083,0.04,-13.2545,-12.8656,-12.7181,0.14754,-25,72,380.621
1775545540218,614,1,-0.0681305,0.749928,1.86884,2.24647,2.68426,3.17055,0.04,-12.8656,-15.1083,-14.4945,0.613789,-25,72,364.708
1775545540329,615,1,0.299337,-0.87457,1.14086,1.34846,1.596,1.88779,0.04,-15.1083,3.26655,2.84621,0.420332,4.45363,101,364.708
1775545541688,616,1,0.375017,-1.0438,0.795759,0.988633,1.24007,1.56879,0.04,3.26655,2.58221,2.63379,0.0515807,3.3139,100,364.708
1775545541802,617,1,0.0275989,0.396031,0.725724,0.706984,0.688057,0.669024,0.04,2.58221,-12.503,-11.6019,0.901103,-25,72,350
1775545541898,618,1,0.0310399,0.410091,0.778265,0.755751,0.733076,0.710351,0.04,-12.503,-13.1136,-13.0749,0.0387087,-25,72,350
1775545542004,619,1,0.032577,0.420464,0.713079,0.693579,0.673988,0.654382,0.04,-13.1136,-13.5093,-13.4733,0.0359478,-25,72,350
1775545542124,620,1,0.0362581,0.435942,0.657595,0.640226,0.622827,0.605457,0.04,-13.5093,-14.1897,-14.1085,0.081152,-25,72,350
1775545542259,621,1,0.0408711,0.445949,0.609982,0.594587,0.579192,0.563839,0.04,-14.1897,-14.7854,-14.6837,0.101672,-25,72,350
1775545542379,622,1,0.0425035,0.455814,0.567059,0.553362,0.539684,0.526057,0.04,-14.7854,-15.171,-15.0695,0.101427,-25,72,350
1775545543136,623,1,0.0462963,0.448326,0.610747,0.595205,0.579668,0.564182,0.04,-15.171,-15.2242,-15.1461,0.0780821,-25,72,350
1775545543284,624,1,0.0556267,0.441433,0.761976,0.738269,0.714557,0.690946,0.04,-15.2242,-15.661,-15.5028,0.158175,-25,72,350
1775545543434,625,1,0.0558024,0.449195,0.715304,0.69393,0.67258,0.651338,0.04,-15.661,-15.8895,-15.7382,0.151269,-25,72,350
1775545543550,626,1,0.0564311,0.45652,0.630912,0.613922,0.596965,0.580092,0.04,-15.8895,-16.1426,-15.978,0.164564,-25,72,350
1775545543667,627,1,0.0550885,0.471403,0.464483,0.454863,0.44527,0.435719,0.04,-16.1426,-16.4758,-16.2972,0.178587,-25,72,350
1775545543788,628,1,0.0568987,0.470592,0.457529,0.448217,0.438929,0.42968,0.04,-16.4758,-16.5799,-16.4177,0.16222,-25,72,350
1775545543912,629,1,0.0546854,0.491939,0.173941,0.172508,0.171076,0.169648,0.04,-16.5799,-17.0461,-16.8396,0.206432,-25,72,350
1775545544028,630,1,0.0544698,0.500124,0.024135,0.0241067,0.0240784,0.0240501,0.04,-17.0461,-17.2757,-17.0808,0.194937,-25,72,350
1775545544129,631,1,0.0544343,0.513147,0.247918,0.251024,0.25414,0.257263,0.04,-17.2757,-17.5886,-17.3077,0.280903,-25,72,350
1775545544227,632,1,0.0556527,0.512558,0.308638,0.313445,0.31827,0.323108,0.04,-17.5886,-17.6465,-17.3631,0.283459,-25,72,350
1775545544358,633,1,0.0582537,0.505439,0.266979,0.270501,0.274032,0.27757,0.04,-17.6465,-17.6407,-17.3852,0.255573,-25,72,350
1775545544477,634,1,0.0613567,0.497058,0.269489,0.272989,0.276496,0.280009,0.04,-17.6407,-17.628,-17.3742,0.253771,-25,72,350
1775545544582,635,1,0.0564447,0.538457,0.957266,1.00746,1.05831,1.10938,0.04,-17.628,-18.2807,-17.4845,0.79619,-25,72,350
1775545544678,636,1,0.0557583,0.547642,1.14549,1.2195,1.29477,1.37034,0.04,-18.2807,-18.4427,-17.5479,0.894745,-25,72,350
1775545544797,637,1,0.0571981,0.548226,1.24793,1.33601,1.42563,1.51542,0.04,-18.4427,-18.5364,-17.5704,0.965935,-25,72,350
1775545544934,638,1,0.0613495,0.529606,1.0866,1.14962,1.21332,1.27696,0.04,-18.5364,-18.3549,-17.5472,0.807705,-25,72,350
1775545545063,639,1,0.0645252,0.514073,0.878646,0.91791,0.95742,0.996886,0.04,-18.3549,-18.1963,-17.5371,0.659153,-25,72,350
1775545545189,640,1,0.0696115,0.489231,0.582188,0.598161,0.614156,0.630125,0.04,-18.1963,-17.9319,-17.4974,0.43445,-25,72,350
1775545545311,641,1,0.0740003,0.467887,0.358129,0.363793,0.369453,0.375103,0.04,-17.9319,-17.6973,-17.4185,0.27879,-25,72,350
1775545545461,642,1,-0.291078,0.371786,0.302349,0.299353,0.296334,0.293294,0.04,-17.6973,10.0889,13.0886,2.9997,25,122,350
1775545545626,643,1,-0.324874,0.472338,0.0192883,0.019305,0.0193216,0.0193383,0.04,10.0889,9.65997,12.084,2.42408,25,122,350
1775545545734,644,1,-0.323346,0.468571,0.0670099,0.0672086,0.0674073,0.067606,0.04,9.65997,9.66384,12.0806,2.41676,25,122,350
1775545545847,645,1,-0.321194,0.462367,0.0662789,0.0664697,0.0666605,0.0668512,0.04,9.66384,9.68285,12.0834,2.40054,25,122,350
1775545545999,646,1,-0.317823,0.457296,0.0840106,0.0843125,0.0846143,0.0849161,0.04,9.68285,9.59021,11.9669,2.37669,25,122,350
1775545546117,647,1,-0.30879,0.45029,0.0743297,0.074561,0.0747923,0.0750235,0.04,9.59021,9.15455,11.4475,2.29299,25,122,350
1775545546249,648,1,-0.297341,0.44041,0.0257466,0.0257735,0.0258004,0.0258274,0.04,9.15455,8.62356,10.7815,2.15798,22.7431,120,350
1775545546360,649,1,-0.289674,0.451498,0.0405998,0.0406691,0.0407384,0.0408076,0.04,8.62356,7.79704,9.85124,2.0542,18.4468,115,350
1775545546474,650,1,-0.279658,0.458547,0.0431117,0.0431915,0.0432713,0.0433511,0.04,7.79704,6.91552,8.81917,1.90365,14.5675,112,350
1775545546585,651,1,-0.273274,0.467969,0.0511576,0.0512732,0.0513888,0.0515044,0.04,6.91552,6.22141,8.01087,1.78946,11.9707,109,350
1775545546702,652,1,-0.264829,0.481477,0.0681197,0.0683331,0.0685466,0.0687601,0.04,6.22141,5.27605,6.91466,1.63861,9.00481,106,350
1775545546829,653,1,-0.254382,0.487907,0.0680136,0.0682305,0.0684474,0.0686644,0.04,5.27605,4.38109,5.84759,1.4665,6.72006,104,350
1775545546937,654,1,-0.244327,0.491943,0.0621396,0.0623227,0.062506,0.0626893,0.04,4.38109,3.57694,4.88428,1.30734,5.02878,102,350
1775545547052,655,1,-0.237451,0.495381,0.0635218,0.0637152,0.0639086,0.0641022,0.04,3.57694,3.00951,4.20734,1.19783,4.00609,101,350
1775545547158,656,1,-0.228951,0.49794,0.0650375,0.0652417,0.065446,0.0656505,0.04,3.00951,2.35388,3.4267,1.07282,2.96781,100,350
1775545547290,657,1,-0.222001,0.496525,0.0519508,0.0520805,0.0522104,0.0523402,0.04,2.35388,1.91022,2.88964,0.979419,2.33616,99,350
1775545547400,658,1,-0.210912,0.494556,0.0344319,0.0344886,0.0345453,0.034602,0.04,1.91022,1.19526,2.03466,0.839399,1.4087,98,350
1775545547518,659,1,-0.203896,0.495432,0.0385418,0.038613,0.0386842,0.0387554,0.04,1.19526,0.687932,1.43699,0.749055,0.797633,98,350
1775545547633,660,1,-0.195682,0.494379,0.039934,0.0400102,0.0400864,0.0401626,0.04,0.687932,0.149634,0.80345,0.653816,0.172147,97,350
1775545547766,661,1,-0.189077,0.493171,0.0382636,0.0383333,0.038403,0.0384727,0.04,0.149634,-0.27398,0.307382,0.581362,-0.315489,97,350
1775545547867,662,1,-0.178743,0.490583,0.0313752,0.0314217,0.0314683,0.0315148,0.04,-0.27398,-0.918405,-0.441127,0.477278,-1.07166,96,350
1775545547981,663,1,-0.172721,0.490389,0.0273544,0.0273897,0.027425,0.0274604,0.04,-0.918405,-1.32954,-0.910913,0.418628,-1.57598,95,350
1775545548103,664,1,-0.16613,0.489566,0.0265693,0.0266025,0.0266358,0.026669,0.04,-1.32954,-1.76236,-1.40256,0.359801,-2.13619,95,350
1775545548209,665,1,-0.159307,0.487544,0.0201848,0.0202039,0.0202229,0.020242,0.04,-1.76236,-2.17969,-1.87481,0.304875,-2.71375,94,350
1775545548303,666,1,-0.151689,0.485438,0.0183059,0.0183215,0.0183371,0.0183527,0.04,-2.17969,-2.64888,-2.40028,0.248602,-3.41794,94,350
1775545548998,667,1,-0.146416,0.485421,0.0240768,0.0241037,0.0241307,0.0241577,0.04,-2.64888,-3.01154,-2.79917,0.212362,-4.00952,93,350
1775545549111,668,1,0.111698,0.12767,0.522799,0.519903,0.516741,0.51332,0.04,-3.01154,-11.0798,-10.7706,0.309225,-25,72,350
1775545549213,669,1,0.0860723,0.103626,0.0131685,0.0131699,0.0131713,0.0131727,0.04,-11.0798,-8.74058,-8.84154,0.100961,-23.4069,74,350
1775545549342,670,1,0.0664456,0.0804252,0.0884794,0.0885281,0.0885754,0.0886214,0.04,-8.74058,-6.74664,-6.77384,0.0271969,-13.9004,83,350
1775545549450,671,1,0.0691391,0.069886,0.0616232,0.0616438,0.0616638,0.0616835,0.04,-6.74664,-6.65195,-6.68207,0.0301118,-13.5365,83,350
1775545549916,672,1,0.0672671,0.0555682,0.0596337,0.0596489,0.0596638,0.0596781,0.04,-6.65195,-6.1361,-6.15769,0.0215898,-11.6772,85,350
1775545550032,673,1,0.0523781,0.0313002,0.033394,0.0333967,0.0333993,0.0334018,0.04,-6.1361,-4.45637,-4.41646,0.0399117,-6.89483,90,350
1775545550147,674,1,0.679294,-1.36154,0.216616,0.325846,0.520423,0.89868,0.04,-4.45637,-9.7176,-9.10526,0.612336,-25,72,364.708
1775545551588,675,1,0.226403,-0.590902,2.02439,2.29117,2.56863,2.84352,0.04,-9.7176,0.764746,0.654169,0.110577,0.888403,98,364.708
1775545551699,676,1,0.280182,-1.12408,1.72288,3.48962,7.82697,16.7328,0.04,0.764746,12.3323,-10.0369,22.3692,25,122,364.708
1775545551815,677,1,0.633662,-1.46236,0.116699,0.284526,1.00326,8.19013,0.04,12.3323,-2.69339,-8.10144,5.40805,-3.48818,94,364.708
1775545553193,678,1,0.236723,-1.09468,2.28643,5.21605,12.9783,23.4818,0.04,-2.69339,14.7227,-9.27718,23.9999,25,122,364.708
1775545553285,679,1,-0.165042,-0.774064,2.27374,2.89261,3.64409,4.48941,0.04,14.7227,28,26.4408,1.55921,25,122,364.708
1775545553383,680,1,-0.149771,-0.851145,2.11757,2.82359,3.75135,4.88577,0.04,28,28,24.8373,3.1627,25,122,364.708
1775545556014,681,1,-0.203402,-0.618798,2.89914,3.50525,4.14424,4.73769,0.04,28,28,23.3658,4.63423,25,122,364.708
1775545556137,682,1,0.0524837,-0.248893,1.3342,1.36861,1.39859,1.42358,0.04,28,3.32722,2.54597,0.781244,4.56297,102,410.462
1775545556258,683,1,0.0701276,-0.293757,1.45712,1.50711,1.55169,1.58983,0.04,3.32722,3.3467,3.33717,0.0095284,4.59838,102,426.56
1775545556375,684,1,0.0736857,-0.284292,1.49767,1.5483,1.59291,1.63042,0.04,3.3467,2.85159,2.80094,0.0506489,3.74309,101,430.156
1775545557102,685,1,0.0664512,-0.248738,1.52834,1.57305,1.61098,1.64118,0.04,2.85159,2.39205,2.34722,0.0448244,3.0246,100,418.196
1775545557245,686,1,0.0118388,-0.000419676,1.12448,1.12308,1.11882,1.11175,0.04,2.39205,-0.629738,-0.856308,0.22657,-0.729194,96,358.357
1775545557928,687,1,0.0117234,0.0100638,1.14774,1.14518,1.13959,1.13104,0.04,-0.629738,-0.901951,-0.901441,0.000510037,-1.05192,96,357.495
1775545558027,688,1,0.0133045,0.0668021,1.22661,1.21691,1.20368,1.1871,0.04,-0.901951,-2.53542,-2.61881,0.0833855,-3.2417,94,357.081
1775545558144,689,1,0.0133212,0.0752634,1.23637,1.2255,1.21103,1.19318,0.04,-2.53542,-2.76418,-2.74571,0.0184731,-3.60121,93,357.174
1775545558264,690,1,0.0146676,0.0829738,1.26038,1.24809,1.23201,1.21241,0.04,-2.76418,-3.06236,-3.04793,0.0144298,-4.0961,93,357.182
1775545558381,691,1,0.0138417,0.0959255,1.28098,1.26657,1.24826,1.22634,0.04,-3.06236,-3.35307,-3.33561,0.0174634,-4.61,92,355.545
1775545558497,692,1,0.0116499,0.116001,1.24567,1.22963,1.21009,1.18733,0.04,-3.35307,-3.75042,-3.73927,0.011152,-5.36803,92,354.799
1775545558601,693,1,0.0137136,0.120877,1.24565,1.22901,1.20889,1.18558,0.04,-3.75042,-4.02494,-4.00802,0.0169234,-5.93277,91,357.761
1775545558706,694,1,0.015729,0.120461,1.29202,1.2741,1.25231,1.22698,0.04,-4.02494,-4.1462,-4.1207,0.0254936,-6.19367,91,360.024
1775545558817,695,1,0.0161479,0.126292,1.31965,1.3001,1.27647,1.24914,0.04,-4.1462,-4.32907,-4.30721,0.0218549,-6.60103,90,360.481
1775545559349,696,1,0.0172392,0.132459,1.35005,1.32864,1.30291,1.27329,0.04,-4.32907,-4.56711,-4.54946,0.0176511,-7.15744,90,360.746
1775545559446,697,1,0.0229128,0.154999,1.48315,1.45306,1.41751,1.37723,0.04,-4.56711,-5.55088,-5.56703,0.0161529,-9.80421,87,361.713
1775545559562,698,1,0.0235414,0.162007,1.48827,1.4567,1.41969,1.37801,0.04,-5.55088,-5.78338,-5.77986,0.0035243,-10.5197,86,362.767
1775545559701,699,1,0.0253787,0.162794,1.53893,1.50492,1.46494,1.41985,0.04,-5.78338,-5.92466,-5.92308,0.00157738,-10.9727,86,363.293
1775545559829,700,1,0.025517,0.177699,1.51138,1.47585,1.43483,1.38916,0.04,-5.92466,-6.34173,-6.34823,0.00650024,-12.394,85,364.576
1775545559943,701,1,0.025003,0.188989,1.51032,1.47271,1.42976,1.38236,0.04,-6.34173,-6.61233,-6.61796,0.00562239,-13.3864,84,365.719
1775545560060,702,1,0.0244402,0.19954,1.48379,1.44561,1.40247,1.35525,0.04,-6.61233,-6.86292,-6.86893,0.00601006,-14.3572,83,366.405
1775545560176,703,1,0.0242331,0.211735,1.43331,1.39566,1.35366,1.30809,0.04,-6.86292,-7.18576,-7.19308,0.00731659,-15.6844,81,367.869
1775545560302,704,1,0.0221046,0.233135,1.30573,1.27152,1.23418,1.19427,0.04,-7.18576,-7.63561,-7.64213,0.00652075,-17.6845,79,369.353
1775545560425,705,1,0.0211623,0.247225,1.21681,1.18537,1.15148,1.11559,0.04,-7.63561,-7.96417,-7.96936,0.00519037,-19.2618,78,371.181
1775545560548,706,1,0.0190487,0.265588,1.09757,1.07012,1.04096,1.0104,0.04,-7.96417,-8.33168,-8.3367,0.00502586,-21.1486,76,372.787
1775545560651,707,1,0.0186177,0.273634,1.0839,1.05628,1.02706,0.996551,0.04,-8.33168,-8.52163,-8.52647,0.00484085,-22.1764,75,374.556
1775545560756,708,1,0.0191866,0.271517,1.18707,1.15412,1.11909,1.08241,0.04,-8.52163,-8.48964,-8.4954,0.0057621,-22.0007,75,376.141
1775545560881,709,1,0.018424,0.275841,1.20558,1.171,1.13429,1.09592,0.04,-8.48964,-8.55155,-8.55791,0.00635433,-22.3416,75,377.446
1775545561007,710,1,0.0189555,0.277792,1.28134,1.24191,1.19998,1.15614,0.04,-8.55155,-8.63099,-8.63997,0.00898457,-22.7848,74,375.656
1775545561120,711,1,0.0179915,0.278863,1.531,1.47411,1.41317,1.34939,0.04,-8.63099,-8.56115,-8.5781,0.0169439,-22.3948,75,374.063
1775545561234,712,1,0.0144567,0.29018,1.39412,1.3451,1.29312,1.23902,0.04,-8.56115,-8.64126,-8.65052,0.00925159,-22.8426,74,379.444
1775545561330,713,1,0.0098635,0.309146,1.11542,1.08203,1.04719,1.01127,0.04,-8.64126,-8.87447,-8.87839,0.00392151,-24.184,73,382.214
1775545561434,714,1,0.0071152,0.319591,1.00761,0.979398,0.950162,0.920153,0.04,-8.87447,-8.98202,-8.9853,0.00328541,-24.8221,72,382.275
1775545561549,715,1,0.00607228,0.322615,0.962673,0.936675,0.909788,0.882225,0.04,-8.98202,-8.99801,-9.00066,0.00265312,-24.918,72,381.856
1775545561666,716,1,0.00526018,0.324441,0.929204,0.904844,0.879687,0.85392,0.04,-8.99801,-8.99594,-8.99809,0.0021534,-24.9056,72,381.518
1775545561778,717,1,0.00495572,0.326723,0.864447,0.843222,0.821354,0.798985,0.04,-8.99594,-9.04561,-9.04758,0.00196838,-25,72,381.213
1775545561896,718,1,0.00499343,0.325393,0.881919,0.859922,0.837239,0.814024,0.04,-9.04561,-9.00983,-9.01145,0.00161171,-24.9891,72,381.042
1775545562003,719,1,0.00343707,0.329973,0.816265,0.797143,0.777485,0.757404,0.04,-9.00983,-9.03542,-9.03619,0.000768661,-25,72,381.073
1775545562121,720,1,0.00415266,0.32002,0.888304,0.8664,0.843772,0.820575,0.04,-9.03542,-8.80555,-8.80371,0.00184059,-23.7816,73,380.961
1775545562235,721,1,0.00527604,0.310375,0.922365,0.899526,0.875837,0.851472,0.04,-8.80555,-8.61739,-8.61416,0.00322914,-22.7084,74,381.018
1775545562366,722,1,0.0049977,0.307906,0.93344,0.910252,0.88617,0.861379,0.04,-8.61739,-8.5298,-8.52658,0.0032196,-22.2214,75,381.224
1775545562478,723,1,0.0066915,0.293666,1.02764,1.0009,0.972903,0.943905,0.04,-8.5298,-8.24843,-8.24025,0.00817204,-20.7096,76,381.409
1775545562588,724,1,0.00735086,0.284753,1.14035,1.10841,1.07471,1.03964,0.04,-8.24843,-8.03733,-8.02811,0.00921345,-19.6269,77,381.405
1775545562698,725,1,0.00905862,0.269405,1.277,1.23908,1.19859,1.1561,0.04,-8.03733,-7.72136,-7.70952,0.0118423,-18.0864,79,381.283
1775545562811,726,1,0.0117393,0.24784,1.5517,1.49988,1.44324,1.38297,0.04,-7.72136,-7.28625,-7.28158,0.00467825,-16.1157,81,381.785
1775545562930,727,1,0.0118515,0.239309,1.65238,1.59544,1.5326,1.46533,0.04,-7.28625,-7.04983,-7.0507,0.000874043,-15.1149,82,382.509
1775545563027,728,1,0.0125282,0.228544,1.76968,1.70701,1.63692,1.56131,0.04,-7.04983,-6.78981,-6.79498,0.00516605,-14.0687,83,383.654
1775545563123,729,1,0.0119492,0.227767,1.82046,1.75423,1.67998,1.5998,0.04,-6.78981,-6.72235,-6.73208,0.00973225,-13.8064,83,384.236
1775545563224,730,1,0.0110597,0.233555,1.77171,1.70754,1.63607,1.55922,0.04,-6.72235,-6.82399,-6.83355,0.00955439,-14.203,83,385.377
1775545563333,731,1,0.00943138,0.244045,1.66778,1.6086,1.54348,1.47395,0.04,-6.82399,-7.0091,-7.01391,0.00481319,-14.9472,82,386.27
1775545563442,732,1,0.00924639,0.246519,1.71208,1.649,1.57959,1.50558,0.04,-7.0091,-7.05785,-7.06365,0.00580692,-15.148,82,387.718
1775545563549,733,1,0.00570577,0.269328,1.50109,1.44839,1.39166,1.332,0.04,-7.05785,-7.45849,-7.45833,0.000155926,-16.8754,80,389.643
1775545563660,734,1,0.00226468,0.288724,1.32564,1.28163,1.23501,1.18648,0.04,-7.45849,-7.76913,-7.76344,0.00568771,-18.3133,79,391.103
1775545563766,735,1,-0.0030813,0.323384,0.973136,0.946494,0.91894,0.890698,0.04,-7.76913,-8.38554,-8.39062,0.00507355,-21.4364,76,392.803
1775545563861,736,1,-0.0074871,0.355317,0.596497,0.585409,0.574137,0.562716,0.04,-8.38554,-8.99806,-8.99413,0.00393105,-24.9183,72,393.959
1775545563975,737,1,-0.0106847,0.371334,0.48291,0.47526,0.467522,0.459714,0.04,-8.99806,-9.22691,-9.21814,0.00876904,-25,72,395.793
1775545564084,738,1,-0.0169895,0.409192,0.0669001,0.066735,0.0665698,0.0664043,0.04,-9.22691,-9.87824,-9.86082,0.0174131,-25,72,397.002
1775545564198,739,1,-0.0249006,0.458946,0.401471,0.408397,0.415309,0.422198,0.04,-9.87824,-10.6213,-10.5349,0.0864172,-25,72,397.551
1775545564324,740,1,-0.0266343,0.462724,0.404267,0.411372,0.418465,0.425537,0.04,-10.6213,-10.6033,-10.5297,0.0736179,-25,72,400.407
1775545564442,741,1,-0.0238682,0.441016,0.183976,0.185353,0.186728,0.188101,0.04,-10.6033,-10.2446,-10.2306,0.0139875,-25,72,402.484
1775545564537,742,1,-0.0251318,0.440403,0.176527,0.177793,0.179056,0.180318,0.04,-10.2446,-10.142,-10.1238,0.0181856,-25,72,406.677
1775545564658,743,1,-0.0267356,0.445044,0.19513,0.196698,0.198265,0.199828,0.04,-10.142,-10.1537,-10.1294,0.0242338,-25,72,409.071
1775545564773,744,1,-0.0276844,0.44905,0.187108,0.188568,0.190026,0.191483,0.04,-10.1537,-10.1978,-10.1741,0.023675,-25,72,410.88
1775545564910,745,1,-0.0263584,0.437062,0.0642369,0.0644028,0.0645687,0.0647344,0.04,-10.1978,-9.98526,-9.98458,0.000681877,-25,72,412.13
1775545565024,746,1,-0.0235517,0.418152,0.151642,0.150769,0.149894,0.149018,0.04,-9.98526,-9.65437,-9.65383,0.000548363,-25,72,412.953
1775545565142,747,1,-0.0196019,0.391991,0.471081,0.463301,0.455459,0.447568,0.04,-9.65437,-9.17186,-9.16283,0.0090313,-25,72,413.656
1775545565254,748,1,-0.0166389,0.370636,0.692372,0.676642,0.660672,0.644529,0.04,-9.17186,-8.76714,-8.75807,0.00906944,-23.5595,73,413.646
1775545565354,749,1,-0.015826,0.363141,0.786916,0.767062,0.746841,0.726359,0.04,-8.76714,-8.60724,-8.60177,0.00546837,-22.6516,74,413.621
1775545565467,750,1,-0.0136493,0.346047,1.0241,0.992205,0.959434,0.92607,0.04,-8.60724,-8.26267,-8.24679,0.0158815,-20.7842,76,413.851
1775545565565,751,1,-0.0120854,0.337122,1.09599,1.0605,1.02386,0.986462,0.04,-8.26267,-8.1194,-8.10486,0.0145493,-20.0427,77,413.034
1775545565678,752,1,-0.010199,0.322021,1.28853,1.24176,1.19303,1.143,0.04,-8.1194,-7.81555,-7.78958,0.0259681,-18.5358,78,412.686
1775545565794,753,1,-0.00795171,0.303398,1.51782,1.45672,1.39218,1.32542,0.04,-7.81555,-7.43699,-7.40871,0.0282798,-16.7791,80,412.997
1775545565906,754,1,-0.00932508,0.306921,1.47415,1.41585,1.35444,1.29101,0.04,-7.43699,-7.44307,-7.42088,0.0221925,-16.8063,80,412.514
1775545566016,755,1,-0.0102672,0.308995,1.41379,1.35985,1.30315,1.24463,0.04,-7.44307,-7.44186,-7.41795,0.0239134,-16.8009,80,411.698
1775545566155,756,1,-0.0103762,0.309604,1.39181,1.33944,1.28444,1.22769,0.04,-7.44186,-7.45364,-7.43006,0.0235848,-16.8537,80,411.877
1775545566259,757,1,-0.0119434,0.319185,1.28276,1.23687,1.18899,1.13978,0.04,-7.45364,-7.61897,-7.60177,0.017199,-17.6072,79,411.836
1775545566376,758,1,-0.014517,0.337132,1.06477,1.03128,0.996743,0.961481,0.04,-7.61897,-7.95585,-7.95344,0.0024128,-19.2206,78,411.659
1775545566559,759,1,-0.0163914,0.348699,0.954903,0.926958,0.898302,0.869154,0.04,-7.95585,-8.15433,-8.15286,0.0014658,-20.2216,77,411.812
1775545566676,760,1,-0.021446,0.381273,0.570535,0.559496,0.548334,0.537078,0.04,-8.15433,-8.74024,-8.74035,0.000115395,-23.4049,74,411.913
1775545566792,761,1,-0.0242244,0.400457,0.390521,0.385033,0.379513,0.373967,0.04,-8.74024,-9.09334,-9.08399,0.00934982,-25,72,413.057
1775545566906,762,1,-0.0258645,0.412891,0.246363,0.244095,0.24182,0.239538,0.04,-9.09334,-9.33789,-9.32796,0.00992775,-25,72,413.933
1775545567013,763,1,-0.0331715,0.458477,0.241904,0.244415,0.246925,0.249431,0.04,-9.33789,-10.0646,-10.019,0.0456142,-25,72,413.301
1775545567131,764,1,-0.0367743,0.478932,0.421128,0.429227,0.437329,0.44542,0.04,-10.0646,-10.3383,-10.2542,0.0841665,-25,72,413.315
1775545567256,765,1,-0.0392268,0.492217,0.569514,0.584937,0.60039,0.615828,0.04,-10.3383,-10.5018,-10.3817,0.120175,-25,72,413.627
1775545567386,766,1,-0.0403449,0.488557,0.489785,0.501065,0.512361,0.52365,0.04,-10.5018,-10.34,-10.2404,0.0996504,-25,72,415.822
1775545567489,767,1,-0.0390773,0.477787,0.389313,0.396211,0.40311,0.410003,0.04,-10.34,-10.154,-10.0821,0.0719213,-25,72,418.568
1775545567613,768,1,-0.0370594,0.462651,0.202186,0.203963,0.20574,0.207515,0.04,-10.154,-9.91585,-9.89235,0.0234995,-25,72,420.263
1775545567751,769,1,-0.032607,0.434558,0.0852165,0.0849266,0.0846364,0.0843461,0.04,-9.91585,-9.48314,-9.4859,0.00276279,-25,72,422.89
1775545567907,770,1,-0.0299923,0.416456,0.249166,0.24682,0.244467,0.242109,0.04,-9.48314,-9.14906,-9.14185,0.00721836,-25,72,425.227
1775545568031,771,1,-0.0274014,0.397309,0.458387,0.450897,0.443353,0.435769,0.04,-9.14906,-8.77913,-8.76643,0.0126972,-23.6287,73,428.194
1775545568159,772,1,-0.026141,0.385184,0.636082,0.62218,0.608119,0.593949,0.04,-8.77913,-8.51264,-8.50296,0.00968552,-22.1269,75,430.119
1775545568276,773,1,-0.0262942,0.383224,0.697261,0.68065,0.66383,0.646872,0.04,-8.51264,-8.4404,-8.43617,0.0042305,-21.7324,75,430.693
1775545568415,774,1,-0.0275736,0.388308,0.652478,0.637702,0.622764,0.607719,0.04,-8.4404,-8.49587,-8.49378,0.00208664,-22.0349,75,431.133
1775545568543,775,1,-0.0273629,0.381645,0.745949,0.727022,0.707842,0.688496,0.04,-8.49587,-8.31717,-8.31079,0.00638866,-21.0716,76,430.93
1775545568667,776,1,-0.0270235,0.378782,0.79469,0.773393,0.751784,0.729976,0.04,-8.31717,-8.25637,-8.25332,0.00304413,-20.7512,76,430.753
1775545568826,777,1,-0.0279342,0.380218,0.773489,0.753226,0.732677,0.711945,0.04,-8.25637,-8.23529,-8.2333,0.00198746,-20.6409,76,430.781
1775545568950,778,1,-0.0282371,0.377797,0.77846,0.758091,0.737423,0.71656,0.04,-8.23529,-8.14819,-8.14368,0.0045166,-20.1901,77,429.788
1775545569081,779,1,-0.0293569,0.382279,0.714016,0.696646,0.679051,0.661308,0.04,-8.14819,-8.20106,-8.20013,0.000927925,-20.4628,77,429.295
1775545569218,780,1,-0.0294608,0.38361,0.637005,0.623131,0.609096,0.594947,0.04,-8.20106,-8.24072,-8.23691,0.00380421,-20.6693,76,427.826
1775545569365,781,1,-0.0306116,0.389318,0.54676,0.536361,0.525864,0.515294,0.04,-8.24072,-8.32854,-8.32297,0.00557613,-21.132,76,426.456
1775545569477,782,1,-0.0313606,0.389379,0.503443,0.494628,0.485735,0.476783,0.04,-8.32854,-8.28475,-8.27494,0.00980663,-20.9003,76,425.112
1775545569608,783,1,-0.0301645,0.385031,0.497685,0.489191,0.480615,0.471976,0.04,-8.28475,-8.25057,-8.2402,0.0103741,-20.7208,76,424.59
1775545569746,784,1,-0.0292501,0.379035,0.536395,0.526711,0.51692,0.507046,0.04,-8.25057,-8.14597,-8.13434,0.0116291,-20.1787,77,423.916
1775545569922,785,1,-0.0289834,0.379026,0.506436,0.497807,0.489086,0.480294,0.04,-8.14597,-8.16844,-8.15868,0.00975609,-20.2942,77,422.816
1775545570055,786,1,-0.0293639,0.380757,0.397901,0.392551,0.387156,0.381722,0.04,-8.16844,-8.20488,-8.19328,0.0116053,-20.4827,77,420.892
1775545570185,787,1,-0.0272738,0.367168,0.498732,0.490681,0.482531,0.474299,0.04,-8.20488,-7.96697,-7.94953,0.0174417,-19.2757,78,419.669
1775545570357,788,1,-0.0262124,0.360782,0.531289,0.522339,0.513263,0.504083,0.04,-7.96697,-7.86275,-7.84817,0.014585,-18.7641,78,417.927
1775545570493,789,1,-0.0253135,0.355832,0.522193,0.51369,0.505061,0.496327,0.04,-7.86275,-7.79225,-7.77763,0.0146241,-18.4239,79,415.758
1775545570612,790,1,-0.0248041,0.353651,0.495194,0.487606,0.479909,0.472117,0.04,-7.79225,-7.77238,-7.75821,0.0141764,-18.3288,79,414.081
1775545570749,791,1,-0.0248954,0.353969,0.469253,0.462435,0.455522,0.44853,0.04,-7.77238,-7.77847,-7.76448,0.013989,-18.3579,79,412.734
1775545570905,792,1,-0.0238219,0.350576,0.443182,0.437172,0.43108,0.424917,0.04,-7.77847,-7.76466,-7.74953,0.0151267,-18.292,79,411.281
1775545571041,793,1,-0.0236566,0.353771,0.369967,0.365738,0.361462,0.357143,0.04,-7.76466,-7.87334,-7.86059,0.0127511,-18.8156,78,409.315
1775545571181,794,1,-0.022758,0.352092,0.323619,0.320404,0.317156,0.313879,0.04,-7.87334,-7.89696,-7.88317,0.0137949,-18.9309,78,407.28
1775545571322,795,1,-0.0212671,0.348669,0.297617,0.294931,0.292218,0.289482,0.04,-7.89696,-7.91124,-7.89768,0.0135579,-19.0009,78,405.013
1775545571465,796,1,-0.0210293,0.35115,0.20825,0.206925,0.205592,0.204249,0.04,-7.91124,-8.00834,-7.99863,0.00971556,-19.4817,78,401.581
1775545571588,797,1,-0.0207611,0.352077,0.154873,0.154139,0.153401,0.152659,0.04,-8.00834,-8.06017,-8.05224,0.00792503,-19.742,77,399.103
1775545571722,798,1,-0.0199952,0.349837,0.102656,0.102336,0.102015,0.101693,0.04,-8.06017,-8.06063,-8.05433,0.00629711,-19.7443,77,396.962
1775545571846,799,1,-0.0190922,0.346611,0.0573372,0.0572386,0.0571399,0.0570409,0.04,-8.06063,-8.04285,-8.03758,0.00526905,-19.6547,77,394.545
1775545571991,800,1,-0.018186,0.343374,0.0390843,0.039039,0.0389936,0.0389482,0.04,-8.04285,-8.02078,-8.01554,0.00523853,-19.5439,77,393.055
1775545572131,801,1,-0.0176171,0.339288,0.0149822,0.0149756,0.0149691,0.0149625,0.04,-8.02078,-7.95342,-7.94795,0.00547266,-19.2086,78,390.716
1775545572259,802,1,-0.0163195,0.331551,0.00388846,0.00388804,0.00388761,0.00388718,0.04,-7.95342,-7.83562,-7.82929,0.00633764,-18.6326,78,389.931
1775545572390,803,1,-0.0142985,0.319518,0.0325021,0.0324734,0.0324446,0.0324158,0.04,-7.83562,-7.64532,-7.63744,0.00788069,-17.7297,79,389.758
1775545572532,804,1,-0.0129712,0.311546,0.0415125,0.041467,0.0414213,0.0413756,0.04,-7.64532,-7.51999,-7.51186,0.0081296,-17.1531,80,388.493
1775545572678,805,1,-0.0115083,0.302487,0.0560112,0.0559311,0.0558508,0.0557702,0.04,-7.51999,-7.37381,-7.36462,0.00918818,-16.4986,81,386.987
1775545572819,806,1,-0.010423,0.2951,0.0450187,0.0449684,0.044918,0.0448674,0.04,-7.37381,-7.25076,-7.24148,0.00928497,-15.9623,81,385.041
1775545572964,807,1,-0.00821672,0.283262,0.0570778,0.0570006,0.0569232,0.0568455,0.04,-7.25076,-7.08115,-7.07038,0.0107689,-15.2447,82,383.468
1775545573120,808,1,-0.00820608,0.275602,0.0530269,0.0529623,0.0528975,0.0528325,0.04,-7.08115,-6.87545,-6.86367,0.0117731,-14.4071,83,381.588
1775545573273,809,1,-0.00630927,0.264104,0.0591055,0.0590291,0.0589522,0.0588751,0.04,-6.87545,-6.69461,-6.68248,0.0121269,-13.6996,83,380.275
1775545573437,810,1,-0.00567835,0.257695,0.0367835,0.0367547,0.0367258,0.0366969,0.04,-6.69461,-6.56841,-6.55718,0.0112281,-13.2214,84,378.512
1775545573588,811,1,-0.00408315,0.249114,0.0309936,0.0309739,0.0309542,0.0309344,0.04,-6.56841,-6.44749,-6.43601,0.0114727,-12.7751,84,377.283
1775545573735,812,1,-0.00338323,0.244722,0.0102049,0.0102028,0.0102007,0.0101986,0.04,-6.44749,-6.38035,-6.3696,0.0107489,-12.5321,84,375.529
1775545573864,813,1,-0.0031218,0.240461,0.0114823,0.0114849,0.0114875,0.0114901,0.04,-6.38035,-6.28299,-6.27158,0.011415,-12.186,85,373.641
1775545574004,814,1,-0.0031906,0.23704,0.0243078,0.0243192,0.0243306,0.024342,0.04,-6.28299,-6.18373,-6.17229,0.0114365,-11.8404,85,372.919
1775545574152,815,1,-0.00280997,0.233712,0.0374057,0.0374324,0.037459,0.0374855,0.04,-6.18373,-6.11797,-6.1071,0.0108657,-11.6155,85,371.968
1775545574299,816,1,-0.00180956,0.22726,0.0459215,0.0459605,0.0459993,0.0460379,0.04,-6.11797,-6.01124,-5.99918,0.0120616,-11.2572,86,370.502
1775545574436,817,1,-0.00141073,0.223475,0.0631835,0.0632559,0.0633278,0.0633993,0.04,-6.01124,-5.93371,-5.92186,0.0118499,-11.0021,86,369.243
1775545574589,818,1,-0.00014532,0.214896,0.0625478,0.0626158,0.0626833,0.0627504,0.04,-5.93371,-5.78925,-5.77566,0.0135865,-10.5382,86,368.03
1775545574732,819,1,-5.13457e-05,0.210366,0.0796169,0.0797244,0.079831,0.0799368,0.04,-5.78925,-5.67056,-5.65698,0.0135798,-10.1679,87,366.477
1775545574942,820,1,0.00103695,0.205264,0.0892498,0.0893813,0.0895116,0.0896406,0.04,-5.67056,-5.60621,-5.59382,0.0123844,-9.97115,87,365.501
1775545575088,821,1,0.00216892,0.195502,0.0934843,0.0936212,0.0937566,0.0938906,0.04,-5.60621,-5.41981,-5.4037,0.016118,-9.41686,88,364.056
1775545575236,822,1,0.00281636,0.192358,0.0999781,0.100132,0.100284,0.100434,0.04,-5.41981,-5.37845,-5.3666,0.011848,-9.29695,88,363.25
1775545575387,823,1,0.00372915,0.186274,0.109824,0.110003,0.11018,0.110354,0.04,-5.37845,-5.27542,-5.26132,0.0140944,-9.00303,88,362.478
1775545575574,824,1,0.00579712,0.177114,0.099526,0.0996656,0.0998034,0.0999393,0.04,-5.27542,-5.1722,-5.15904,0.0131669,-8.71533,88,361.917
1775545575714,825,1,0.00734006,0.166814,0.0978851,0.0980118,0.0981368,0.0982601,0.04,-5.1722,-5.00054,-4.98551,0.015028,-8.25143,89,361.044
1775545575838,826,1,0.00842026,0.159303,0.0978167,0.0979372,0.098056,0.0981731,0.04,-5.00054,-4.87208,-4.85885,0.013236,-7.91588,89,361.025
1775545575985,827,1,0.00930589,0.154243,0.0989627,0.099082,0.0991995,0.0993151,0.04,-4.87208,-4.79624,-4.78511,0.0111327,-7.72232,89,360.668
1775545576130,828,1,0.010949,0.143769,0.0808784,0.0809525,0.0810256,0.0810977,0.04,-4.79624,-4.62941,-4.61605,0.01336,-7.30811,90,359.793
1775545576266,829,1,0.0119402,0.137035,0.0801504,0.0802197,0.0802879,0.0803552,0.04,-4.62941,-4.51591,-4.50486,0.0110493,-7.03519,90,359.812
1775545576398,830,1,0.0132462,0.130094,0.0718122,0.071865,0.071917,0.0719682,0.04,-4.51591,-4.41976,-4.40994,0.00982189,-6.80946,90,359.628
1775545576528,831,1,0.0142669,0.124383,0.0689821,0.0690285,0.0690743,0.0691195,0.04,-4.41976,-4.33627,-4.32733,0.00894356,-6.61744,90,359.456
1775545576650,832,1,0.0146011,0.122671,0.0837405,0.0838079,0.0838741,0.0839392,0.04,-4.33627,-4.31069,-4.30391,0.00678062,-6.55931,90,359.008
1775545576768,833,1,0.015797,0.116071,0.0765857,0.076639,0.0766913,0.0767429,0.04,-4.31069,-4.21599,-4.20711,0.00888634,-6.34714,91,358.71
1775545576898,834,1,0.0168208,0.110235,0.0684987,0.0685392,0.068579,0.0686182,0.04,-4.21599,-4.13017,-4.12212,0.00805235,-6.15877,91,358.957
1775545577027,835,1,0.0177894,0.104398,0.0621555,0.062187,0.062218,0.0622486,0.04,-4.13017,-4.04027,-4.03249,0.00778151,-5.96537,91,359.421
1775545577168,836,1,0.0178951,0.101951,0.0708361,0.070876,0.0709152,0.0709537,0.04,-4.04027,-3.98001,-3.97352,0.00649381,-5.83793,91,359.173
1775545577302,837,1,0.0192432,0.0936417,0.0599981,0.0600244,0.0600502,0.0600756,0.04,-3.98001,-3.8502,-3.84149,0.00870895,-5.56924,91,358.732
1775545577416,838,1,0.019872,0.0894545,0.0625297,0.0625569,0.0625836,0.0626099,0.04,-3.8502,-3.78,-3.77405,0.00594807,-5.4272,92,358.91
1775545577542,839,1,0.0204763,0.0857638,0.0589117,0.0589348,0.0589576,0.0589799,0.04,-3.78,-3.72251,-3.71737,0.0051403,-5.31255,92,359.226
1775545577688,840,1,0.0207321,0.0811078,0.058434,0.0584555,0.0584766,0.0584974,0.04,-3.72251,-3.61439,-3.60737,0.00701785,-5.1009,92,359.03
1775545577808,841,1,0.0215021,0.0738704,0.0510428,0.0510578,0.0510725,0.0510869,0.04,-3.61439,-3.47308,-3.46506,0.00802112,-4.8319,92,358.879
1775545577966,842,1,0.0218746,0.0712577,0.0549365,0.0549532,0.0549696,0.0549856,0.04,-3.47308,-3.42752,-3.42387,0.00365663,-4.74698,92,358.898
1775545578085,843,1,0.0221096,0.0665881,0.0506714,0.0506847,0.0506977,0.0507104,0.04,-3.42752,-3.3182,-3.31201,0.00619912,-4.54664,92,358.942
1775545578200,844,1,0.023072,0.0613529,0.0402052,0.0402129,0.0402205,0.0402279,0.04,-3.3182,-3.24477,-3.2405,0.00427723,-4.41475,93,358.513
1775545578331,845,1,0.0224321,0.0612803,0.0512114,0.0512238,0.051236,0.0512479,0.04,-3.24477,-3.19689,-3.19375,0.00313902,-4.32987,93,358.449
1775545578459,846,1,0.0234839,0.0551272,0.0391211,0.0391276,0.039134,0.0391403,0.04,-3.19689,-3.10509,-3.10039,0.0047009,-4.16961,93,357.949
1775545578588,847,1,0.0235072,0.0519536,0.0365185,0.0365239,0.0365291,0.0365343,0.04,-3.10509,-3.02131,-3.01713,0.0041852,-4.0261,93,357.455
1775545578712,848,1,0.0234367,0.0497267,0.0420419,0.0420487,0.0420553,0.0420618,0.04,-3.02131,-2.95537,-2.95216,0.00320196,-3.91493,93,357.236
1775545578828,849,1,0.0237846,0.0451321,0.0366488,0.0366535,0.0366581,0.0366626,0.04,-2.95537,-2.85605,-2.85158,0.00446439,-3.75039,93,356.448
1775545578970,850,1,0.0239159,0.0421066,0.0324595,0.032463,0.0324663,0.0324696,0.04,-2.85605,-2.78398,-2.78094,0.00303841,-3.63312,93,356.046
1775545579099,851,1,0.0240443,0.0388437,0.0353316,0.0353354,0.035339,0.0353426,0.04,-2.78398,-2.70418,-2.70103,0.00315356,-3.50531,93,355.492
1775545579222,852,1,0.0242469,0.0344422,0.0287095,0.0287117,0.0287139,0.028716,0.04,-2.70418,-2.60024,-2.5962,0.00403857,-3.3419,94,355.248
1775545579369,853,1,0.0241576,0.0323916,0.0344841,0.0344871,0.03449,0.0344928,0.04,-2.60024,-2.53772,-2.53581,0.00191212,-3.24524,94,355.02
1775545579546,854,1,0.024553,0.0284615,0.028481,0.0284828,0.0284845,0.0284862,0.04,-2.53772,-2.45973,-2.45735,0.00237703,-3.12632,94,354.507
1775545579699,855,1,0.023856,0.0281156,0.0432846,0.0432886,0.0432925,0.0432962,0.04,-2.45973,-2.39991,-2.39839,0.00152278,-3.03635,94,354.096
1775545579837,856,1,0.0247958,0.0223258,0.0314471,0.0314488,0.0314504,0.031452,0.04,-2.39991,-2.31015,-2.30766,0.00249004,-2.90325,94,353.693
1775545579953,857,1,0.024993,0.0200866,0.0299233,0.0299247,0.029926,0.0299273,0.04,-2.31015,-2.26347,-2.26325,0.000213623,-2.83491,94,353.501
1775545580063,858,1,0.025739,0.0134394,0.0172786,0.0172789,0.0172792,0.0172795,0.04,-2.26347,-2.1373,-2.13371,0.00358891,-2.65316,94,352.935
1775545580217,859,1,0.0251428,0.0142449,0.025539,0.0255397,0.0255404,0.025541,0.04,-2.1373,-2.11658,-2.1181,0.00151491,-2.62371,94,353.099
1775545580361,860,1,0.0250118,0.0113889,0.0179731,0.0179733,0.0179736,0.0179739,0.04,-2.11658,-2.03155,-2.03009,0.00145555,-2.50397,94,353.81
1775545580493,861,1,0.0243625,0.0114956,0.0327104,0.0327113,0.0327122,0.0327129,0.04,-2.03155,-1.98726,-1.98775,0.000489354,-2.44231,95,353.744
1775545580625,862,1,0.0244143,0.00823529,0.0236234,0.0236237,0.0236241,0.0236244,0.04,-1.98726,-1.90415,-1.90299,0.00116515,-2.32786,95,353.556
1775545580752,863,1,0.0259991,2.16773e-06,3.82265e-06,3.82265e-06,3.82265e-06,3.82265e-06,0.04,-1.90415,-1.79474,-1.79308,0.0016613,-2.17958,95,353.349
1775545580880,864,1,0.02426,0.00353976,0.0192835,0.0192836,0.0192837,0.0192838,0.04,-1.79474,-1.76725,-1.76929,0.00204051,-2.14273,95,352.947
1775545581014,865,1,0.0255086,-0.00390521,0.00181808,0.00181809,0.00181809,0.00181809,0.04,-1.76725,-1.65497,-1.65353,0.00143766,-1.99387,95,353.183
1775545581126,866,1,0.0249564,-0.00547264,0.00127818,0.00127818,0.00127818,0.00127818,0.04,-1.65497,-1.57456,-1.57488,0.000326633,-1.88881,95,353.623
1775545581262,867,1,0.0248793,-0.00689449,0.000966997,0.000966997,0.000966996,0.000966996,0.04,-1.57456,-1.53084,-1.53318,0.00233352,-1.83222,95,354.211
1775545581372,868,1,0.0245162,-0.00966626,0.00318591,0.00318592,0.00318593,0.00318594,0.04,-1.53084,-1.43051,-1.43023,0.000283003,-1.70364,95,354.584
1775545581501,869,1,0.0238329,-0.00979147,0.00327597,0.00327598,0.00327598,0.00327599,0.04,-1.43051,-1.37993,-1.38221,0.00227714,-1.63948,95,354.522
1775545581607,870,1,0.0239504,-0.0139786,0.0152078,0.015208,0.0152083,0.0152085,0.04,-1.37993,-1.27297,-1.27255,0.000418901,-1.50517,95,354.691
1775545581714,871,1,0.0237442,-0.0169112,0.0238633,0.0238641,0.0238648,0.0238655,0.04,-1.27297,-1.17809,-1.17837,0.000278115,-1.3875,96,354.971
1775545581831,872,1,0.024925,-0.0265924,0.0854131,0.0854276,0.0854409,0.0854529,0.04,-1.17809,-0.988142,-0.982119,0.00602251,-1.15566,96,355.815
1775545581935,873,1,0.0278636,-0.047297,0.220121,0.220289,0.220436,0.220561,0.04,-0.988142,-0.609904,-0.588774,0.0211307,-0.705928,96,357.166
1775545582059,874,1,0.0368194,-0.0954219,0.530225,0.532186,0.533847,0.535204,0.04,-0.609904,0.122643,0.167362,0.0447195,0.141076,97,360.821
1775545582184,875,1,0.0379319,-0.106336,0.627813,0.630869,0.633428,0.635481,0.04,0.122643,0.356615,0.353096,0.00351855,0.411014,97,361.808
1775545582303,876,1,0.0356177,-0.097827,0.593164,0.595663,0.597743,0.599395,0.04,0.356615,0.280743,0.251864,0.0288793,0.323297,97,360.392
1775545582407,877,1,0.0334597,-0.0900547,0.563117,0.565181,0.566887,0.568226,0.04,0.280743,0.214706,0.189314,0.0253916,0.24711,97,358.979
1775545582530,878,1,0.0319117,-0.0844813,0.543283,0.54508,0.546553,0.547698,0.04,0.214706,0.16766,0.145809,0.0218504,0.192903,97,357.103
1775545582660,879,1,0.0288828,-0.0704861,0.453139,0.45418,0.455032,0.455694,0.04,0.16766,-0.0160616,-0.0423322,0.0262706,-0.0184709,97,356.244
1775545582782,880,1,0.0234673,-0.0463561,0.311,0.31132,0.311579,0.311777,0.04,-0.0160616,-0.317331,-0.341638,0.0243073,-0.365569,97,354.023
1775545582904,881,1,0.0181982,-0.0202643,0.151132,0.151165,0.151191,0.151209,0.04,-0.317331,-0.684396,-0.706954,0.0225579,-0.793466,96,350.683
1775545583041,882,1,0.0146769,-0.00409353,0.0676988,0.0677,0.0677005,0.0677004,0.04,-0.684396,-0.891712,-0.904684,0.0129722,-1.03965,96,348.759
1775545583160,883,1,0.0132353,0.00417172,0.00148262,0.00148262,0.00148262,0.00148262,0.04,-0.891712,-1.02611,-1.03645,0.0103453,-1.20163,96,347.09
1775545583276,884,1,0.0087377,0.0252737,0.128188,0.128218,0.128244,0.128266,0.04,-1.02611,-1.26601,-1.2759,0.00988567,-1.49649,96,344.899
1775545583384,885,1,0.00626125,0.0361658,0.212683,0.212801,0.212899,0.212978,0.04,-1.26601,-1.37608,-1.37509,0.000983834,-1.6346,95,344.213
1775545583529,886,1,0.00433817,0.0447952,0.259953,0.260172,0.260355,0.260503,0.04,-1.37608,-1.46908,-1.4652,0.00388193,-1.75285,95,343.219
1775545583641,887,1,0.00346512,0.0471026,0.294036,0.294328,0.29457,0.294759,0.04,-1.46908,-1.46576,-1.45469,0.0110662,-1.74861,95,343.394
1775545583763,888,1,0.0053515,0.0383629,0.272255,0.272457,0.272618,0.272738,0.04,-1.46576,-1.3632,-1.34693,0.0162736,-1.61834,95,344.505
1775545583882,889,1,0.00536456,0.0367016,0.275048,0.275244,0.275397,0.275508,0.04,-1.3632,-1.31876,-1.30643,0.0123278,-1.56245,95,344.718
1775545583999,890,1,0.00792457,0.0235527,0.227839,0.227922,0.227982,0.228017,0.04,-1.31876,-1.14754,-1.12939,0.0181465,-1.34989,96,345.427
1775545584098,891,1,0.0106739,0.00802906,0.169979,0.169992,0.169995,0.169988,0.04,-1.14754,-0.926869,-0.909261,0.0176075,-1.08182,96,347.314
1775545584199,892,1,0.0118897,-0.00011494,0.136305,0.136303,0.136295,0.136282,0.04,-0.926869,-0.796021,-0.786034,0.009987,-0.925512,96,347.97
1775545584312,893,1,0.0126743,-0.00520096,0.114322,0.114315,0.114305,0.114292,0.04,-0.796021,-0.716164,-0.710651,0.00551301,-0.830935,96,348.327
1775545584411,894,1,0.0140333,-0.0140843,0.0789608,0.0789534,0.0789451,0.0789357,0.04,-0.716164,-0.575459,-0.568997,0.0064621,-0.665589,96,348.669
1775545584529,895,1,0.0153409,-0.0219092,0.0470693,0.0470654,0.0470613,0.047057,0.04,-0.575459,-0.459243,-0.456722,0.00252125,-0.530067,96,349.291
1775545584640,896,1,0.0203322,-0.0513057,0.0857724,0.0858013,0.0858289,0.0858552,0.04,-0.459243,-0.00293459,0.0187626,0.0216972,-0.00337478,97,351.412
1775545584773,897,1,0.0193059,-0.0478733,0.072251,0.0722702,0.0722886,0.0723062,0.04,-0.00293459,-0.0270203,-0.033999,0.00697868,-0.0310737,97,351.909
1775545584903,898,1,0.0190676,-0.0525904,0.0963075,0.0963447,0.0963801,0.0964138,0.04,-0.0270203,0.120722,0.124998,0.00427615,0.138865,97,351.085
1775545585021,899,1,0.017235,-0.0501247,0.0943834,0.0944175,0.0944498,0.0944805,0.04,0.120722,0.180282,0.179909,0.000372991,0.207441,97,349.761
1775545585140,900,1,0.0149293,-0.0395109,0.0410691,0.0410743,0.0410792,0.0410841,0.04,0.180282,0.0440983,0.0308723,0.013226,0.0507148,97,347.503
1775545585256,901,1,0.0114698,-0.0230062,0.0435941,0.0435906,0.043587,0.0435831,0.04,0.0440983,-0.162901,-0.17754,0.0146385,-0.187423,97,343.245
1775545585371,902,1,0.00899022,-0.0128563,0.0906903,0.0906813,0.0906707,0.0906587,0.04,-0.162901,-0.258649,-0.263386,0.00473675,-0.297793,97,338.028
1775545585487,903,1,0.00797833,-0.00899158,0.109499,0.109489,0.109477,0.109462,0.04,-0.258649,-0.290283,-0.289858,0.000425637,-0.334315,97,334.338
1775545585600,904,1,0.00782102,-0.00675323,0.125796,0.125785,0.125771,0.125753,0.04,-0.290283,-0.337345,-0.336944,0.000401407,-0.388715,97,330.533
1775545585703,905,1,0.00865009,-0.00883782,0.128101,0.128088,0.12807,0.128048,0.04,-0.337345,-0.337868,-0.335006,0.0028615,-0.389319,97,329.241
1775545585816,906,1,0.0132774,-0.0238861,0.0923051,0.0922884,0.0922701,0.0922503,0.04,-0.337868,-0.256166,-0.252636,0.00352943,-0.294927,97,331.334
1775545585931,907,1,0.0141809,-0.0276188,0.0953191,0.0952987,0.0952765,0.0952525,0.04,-0.256166,-0.217157,-0.216451,0.00070636,-0.249936,97,333.7
1775545586047,908,1,0.0175333,-0.0421746,0.0489824,0.0489744,0.0489661,0.0489576,0.04,-0.217157,-0.0624225,-0.0597191,0.00270341,-0.0717907,97,340.451
1775545586156,909,1,0.0165156,-0.0410889,0.0551658,0.0551559,0.0551456,0.055135,0.04,-0.0624225,-0.0205541,-0.0235262,0.0029721,-0.0236374,97,346.458
1775545586295,910,1,0.012407,-0.0296741,0.0884161,0.0883973,0.0883771,0.0883555,0.04,-0.0205541,-0.0402375,-0.0428166,0.00257917,-0.0462744,97,350.507
1775545586390,911,1,0.0137755,-0.0377611,0.0675744,0.0675607,0.0675463,0.0675312,0.04,-0.0402375,0.0805779,0.0839105,0.00333255,0.0926751,97,349.776
1775545586493,912,1,0.01468,-0.0447122,0.0384216,0.0384164,0.038411,0.0384056,0.04,0.0805779,0.201427,0.201872,0.000445738,0.231804,97,349.197
1775545586606,913,1,0.0154198,-0.0509638,0.0110575,0.011057,0.0110565,0.011056,0.04,0.201427,0.315021,0.312135,0.00288591,0.362899,97,349.043
1775545586706,914,1,0.0157119,-0.0552556,0.00646461,0.00646479,0.00646497,0.00646515,0.04,0.315021,0.410153,0.405283,0.00486988,0.473056,97,348.685
1775545586816,915,1,0.0156155,-0.0596884,0.0304537,0.030458,0.0304622,0.0304664,0.04,0.410153,0.54044,0.538976,0.00146407,0.624663,98,348.324
1775545586953,916,1,0.0156121,-0.0616812,0.0388147,0.0388219,0.038829,0.038836,0.04,0.54044,0.595887,0.590657,0.00522971,0.689502,98,348.059
1775545587075,917,1,0.0151644,-0.066071,0.0606841,0.0607029,0.0607213,0.0607392,0.04,0.595887,0.748912,0.750805,0.00189257,0.86965,98,348.662
1775545587195,918,1,0.0144643,-0.0652657,0.0614013,0.0614204,0.0614389,0.061457,0.04,0.748912,0.77561,0.770497,0.00511277,0.901283,98,349.338
1775545587313,919,1,0.013363,-0.0635438,0.054709,0.0547237,0.0547381,0.0547522,0.04,0.77561,0.804015,0.79897,0.00504524,0.935013,98,349.501
1775545587434,920,1,0.0122638,-0.0630194,0.0546256,0.0546401,0.0546544,0.0546683,0.04,0.804015,0.865699,0.862972,0.00272709,1.00853,98,349.872
1775545587553,921,1,0.010319,-0.0566248,0.0311042,0.0311084,0.0311126,0.0311168,0.04,0.865699,0.823364,0.813996,0.00936759,0.958032,98,350.737
1775545587675,922,1,0.00906707,-0.0550136,0.0256256,0.0256284,0.0256312,0.0256339,0.04,0.823364,0.865342,0.860676,0.00466591,1.0081,98,351.867
1775545587800,923,1,0.00751945,-0.0516129,0.00976864,0.00976902,0.0097694,0.00976978,0.04,0.865342,0.87773,0.870754,0.00697625,1.02291,98,352.196
1775545587914,924,1,0.00671511,-0.0500206,4.69276e-06,4.69276e-06,4.69276e-06,4.69276e-06,0.04,0.87773,0.888658,0.881042,0.00761628,1.03599,98,352.066
1775545588048,925,1,0.0055177,-0.0461262,0.0170164,0.0170154,0.0170143,0.0170133,0.04,0.888658,0.868742,0.86203,0.00671291,1.01217,98,352.576
1775545588173,926,1,0.00339886,-0.0398069,0.0481305,0.0481232,0.0481157,0.0481079,0.04,0.868742,0.849103,0.846817,0.00228608,0.988712,98,352.798
1775545588290,927,1,0.00318885,-0.0398128,0.0543642,0.0543549,0.0543452,0.0543352,0.04,0.849103,0.864745,0.865088,0.000342131,1.00739,98,352.28
1775545588405,928,1,0.00175957,-0.0362463,0.0728139,0.0727985,0.0727824,0.0727654,0.04,0.864745,0.869921,0.872314,0.00239372,1.01358,98,352.412
1775545588509,929,1,0.000612825,-0.0346356,0.0862632,0.0862424,0.0862203,0.086197,0.04,0.869921,0.90767,0.913859,0.00618947,1.05878,98,351.69
1775545588642,930,1,-0.000754495,-0.0310362,0.10557,0.105542,0.105511,0.105478,0.04,0.90767,0.907811,0.91443,0.00661922,1.05895,98,350.873
1775545588781,931,1,-0.000772486,-0.0341738,0.100661,0.100633,0.100603,0.10057,0.04,0.907811,0.993071,1.00424,0.0111701,1.16162,98,349.98
1775545588930,932,1,-0.00149015,-0.0330709,0.112518,0.112484,0.112447,0.112407,0.04,0.993071,1.0147,1.02366,0.00896657,1.18779,98,349.871
1775545589044,933,1,-0.00215229,-0.0341975,0.116151,0.116114,0.116073,0.116029,0.04,1.0147,1.09141,1.10445,0.0130416,1.28113,98,349.805
1775545589160,934,1,-0.00205521,-0.0364126,0.114933,0.114894,0.114852,0.114807,0.04,1.09141,1.1444,1.15587,0.0114615,1.34604,98,350.081
1775545589306,935,1,-0.00235183,-0.0374413,0.11719,0.117148,0.117103,0.117055,0.04,1.1444,1.19304,1.20468,0.0116335,1.40596,98,350.363
1775545589439,936,1,-0.00233086,-0.0413831,0.10996,0.10992,0.109877,0.109831,0.04,1.19304,1.297,1.31124,0.0142403,1.53518,99,350.576
1775545589569,937,1,-0.0032731,-0.0398148,0.126589,0.126537,0.126481,0.126421,0.04,1.297,1.32229,1.3341,0.0118067,1.56688,99,351.138
1775545589697,938,1,-0.00328613,-0.0416484,0.125332,0.125279,0.125222,0.125161,0.04,1.32229,1.37255,1.38577,0.0132173,1.63015,99,351.401
1775545589832,939,1,-0.0032173,-0.0467487,0.109826,0.109781,0.109733,0.109682,0.04,1.37255,1.5032,1.51971,0.0165036,1.79662,99,351.561
1775545589958,940,1,-0.00313756,-0.0485775,0.106214,0.10617,0.106123,0.106074,0.04,1.5032,1.54658,1.55755,0.010963,1.85256,99,351.769
1775545590089,941,1,-0.00332881,-0.0505029,0.102159,0.102117,0.102073,0.102026,0.04,1.54658,1.61119,1.62312,0.0119374,1.93651,99,352.581
1775545590206,942,1,-0.00339321,-0.0531063,0.0966475,0.0966078,0.0965663,0.096523,0.04,1.61119,1.68513,1.69704,0.0119107,2.03361,99,352.774
1775545590317,943,1,-0.00345253,-0.055206,0.0926066,0.0925688,0.0925294,0.0924884,0.04,1.68513,1.74535,1.75604,0.010693,2.11349,99,352.878
1775545590439,944,1,-0.00351167,-0.0575229,0.0821858,0.0821548,0.0821228,0.0820896,0.04,1.74535,1.81041,1.82019,0.00977802,2.20065,99,352.947
1775545590574,945,1,-0.00316507,-0.060663,0.0732783,0.0732524,0.0732257,0.0731983,0.04,1.81041,1.86996,1.87794,0.00797796,2.28123,99,352.767
1775545590689,946,1,-0.00271089,-0.0647247,0.0578959,0.0578787,0.0578611,0.0578432,0.04,1.86996,1.94597,1.95229,0.00631917,2.38524,99,352.667
1775545590791,947,1,-0.00325973,-0.0654502,0.0552095,0.0551937,0.0551776,0.0551612,0.04,1.94597,2.00304,2.00837,0.00532317,2.46423,99,352.746
1775545590924,948,1,-0.00307801,-0.069728,0.0392221,0.0392136,0.039205,0.0391963,0.04,2.00304,2.1036,2.10849,0.00489569,2.60531,100,352.218
1775545591051,949,1,-0.00266303,-0.0735092,0.0272479,0.0272436,0.0272392,0.0272348,0.04,2.1036,2.17528,2.17614,0.000864029,2.70743,100,351.914
1775545591184,950,1,-0.00275291,-0.0752898,0.0177555,0.0177536,0.0177517,0.0177498,0.04,2.17528,2.22811,2.22638,0.00173402,2.78356,100,351.486
1775545591320,951,1,-0.00249088,-0.0791073,0.00316123,0.00316117,0.00316111,0.00316105,0.04,2.22811,2.3109,2.30759,0.00331616,2.90435,100,351.155
1775545591431,952,1,-0.00250627,-0.0806523,0.00315005,0.00315011,0.00315018,0.00315024,0.04,2.3109,2.35374,2.34817,0.00556898,2.9676,100,351.548
1775545591563,953,1,-0.00281576,-0.0817253,0.0105926,0.0105933,0.010594,0.0105947,0.04,2.35374,2.40529,2.40143,0.00385904,3.04439,100,352.108
1775545591667,954,1,-0.00245129,-0.0863263,0.0308778,0.0308842,0.0308906,0.0308969,0.04,2.40529,2.50771,2.50887,0.00115228,3.19927,100,352.55
1775545591796,955,1,-0.00217601,-0.089266,0.0405639,0.0405754,0.0405867,0.0405979,0.04,2.50771,2.56973,2.56968,4.50611e-05,3.29457,100,352.587
1775545591926,956,1,-0.00292424,-0.0891021,0.0425568,0.0425694,0.0425818,0.0425941,0.04,2.56973,2.61727,2.6174,0.000134706,3.36843,100,352.76
1775545592052,957,1,-0.0029239,-0.0905762,0.0456546,0.0456693,0.0456839,0.0456982,0.04,2.61727,2.65759,2.65762,3.33786e-05,3.43162,100,352.639
1775545592170,958,1,-0.0038405,-0.0889354,0.0440322,0.0440456,0.0440589,0.044072,0.04,2.65759,2.67625,2.6759,0.000350237,3.46105,100,352.893
1775545592290,959,1,-0.00439565,-0.0891544,0.0454948,0.0455092,0.0455234,0.0455374,0.04,2.67625,2.72071,2.72241,0.00169802,3.53161,101,352.838
1775545592396,960,1,-0.00541133,-0.0865959,0.0377828,0.0377924,0.037802,0.0378114,0.04,2.72071,2.72045,2.71983,0.000613928,3.53119,101,352.982
1775545592526,961,1,-0.00591085,-0.0860819,0.0373821,0.0373915,0.0374008,0.0374099,0.04,2.72045,2.74096,2.74188,0.000916719,3.56396,101,353.07
1775545592648,962,1,-0.00639359,-0.086653,0.0426122,0.0426245,0.0426366,0.0426486,0.04,2.74096,2.79055,2.79422,0.0036695,3.64374,101,353.25
1775545592776,963,1,-0.00765601,-0.0829762,0.0268593,0.0268639,0.0268686,0.0268732,0.04,2.79055,2.77581,2.77525,0.000558615,3.61994,101,353.473
1775545592906,964,1,-0.00848946,-0.0800983,0.0187109,0.0187131,0.0187153,0.0187175,0.04,2.77581,2.75425,2.75315,0.0011003,3.58526,101,353.305
1775545593034,965,1,-0.00878853,-0.0792299,0.0170835,0.0170853,0.0170871,0.0170889,0.04,2.75425,2.75116,2.75108,7.84397e-05,3.5803,101,353.254
1775545593186,966,1,-0.0104409,-0.0726914,0.00581186,0.00581167,0.00581147,0.00581128,0.04,2.75116,2.68669,2.6842,0.00248599,3.47756,100,353.237
1775545593305,967,1,-0.0117285,-0.0683601,0.0254116,0.0254081,0.0254046,0.025401,0.04,2.68669,2.66158,2.66619,0.00460958,3.43791,100,353.307
1775545593430,968,1,-0.012558,-0.0665382,0.0326277,0.0326221,0.0326164,0.0326107,0.04,2.66158,2.67073,2.67931,0.00858736,3.45233,100,353.282
1775545593551,969,1,-0.0142203,-0.0603443,0.0566432,0.0566279,0.0566122,0.0565961,0.04,2.67073,2.62185,2.63384,0.0119848,3.37559,100,353.326
1775545593689,970,1,-0.0150274,-0.0574265,0.0695871,0.069565,0.0695423,0.0695188,0.04,2.62185,2.60073,2.61717,0.0164397,3.34266,100,353.748
1775545593812,971,1,-0.0152929,-0.05618,0.0753234,0.075298,0.0752718,0.0752447,0.04,2.60073,2.58627,2.60425,0.0179751,3.32019,100,353.885
1775545593935,972,1,-0.0164095,-0.0519667,0.0928663,0.0928305,0.092793,0.092754,0.04,2.58627,2.55224,2.57315,0.0209126,3.26758,100,354.659
1775545594062,973,1,-0.0163765,-0.0520618,0.0938053,0.0937686,0.0937303,0.0936904,0.04,2.55224,2.55267,2.57545,0.0227783,3.26824,100,354.579
1775545594194,974,1,-0.0178331,-0.0466176,0.119811,0.119757,0.1197,0.119639,0.04,2.55267,2.51017,2.53583,0.0256648,3.20302,100,355.435
1775545594313,975,1,-0.0177315,-0.0469033,0.119524,0.11947,0.119412,0.119351,0.04,2.51017,2.51083,2.53864,0.0278075,3.20403,100,355.339
1775545594426,976,1,-0.0170647,-0.0506494,0.104216,0.104172,0.104126,0.104077,0.04,2.51083,2.56363,2.59151,0.0278785,3.28515,100,355.442
1775545594531,977,1,-0.0172433,-0.0494785,0.109294,0.109247,0.109197,0.109144,0.04,2.56363,2.54513,2.57008,0.0249577,3.25662,100,355.601
1775545594648,978,1,-0.0168131,-0.0510636,0.104332,0.104287,0.10424,0.104191,0.04,2.54513,2.55749,2.58288,0.0253839,3.27567,100,355.852
1775545594793,979,1,-0.0168697,-0.0514423,0.103861,0.103816,0.103769,0.10372,0.04,2.55749,2.57155,2.59707,0.0255151,3.2974,100,356.035
1775545594919,980,1,-0.0165015,-0.0525251,0.0991899,0.0991485,0.0991052,0.0990599,0.04,2.57155,2.57468,2.59849,0.0238171,3.30222,100,356.164
1775545595036,981,1,-0.0160532,-0.0553436,0.089739,0.0897035,0.0896664,0.089628,0.04,2.57468,2.61842,2.64249,0.0240769,3.37022,100,357.24
1775545595157,982,1,-0.0165182,-0.0540374,0.0989354,0.0988931,0.0988488,0.0988026,0.04,2.61842,2.61667,2.64027,0.0236006,3.36749,100,357.873
1775545595277,983,1,-0.016557,-0.0537171,0.100628,0.100584,0.100539,0.100491,0.04,2.61667,2.61096,2.63462,0.0236592,3.35859,100,357.904
1775545595406,984,1,-0.0156196,-0.0575712,0.0868776,0.086843,0.086807,0.0867698,0.04,2.61096,2.64825,2.67098,0.0227327,3.41694,100,358.003
1775545595525,985,1,-0.0152998,-0.0581298,0.0862213,0.0861869,0.0861512,0.0861141,0.04,2.64825,2.64118,2.66106,0.0198836,3.40585,100,358.145
1775545595664,986,1,-0.0145326,-0.0618987,0.0690251,0.0690017,0.0689777,0.068953,0.04,2.64118,2.68737,2.70638,0.0190096,3.47864,100,358.215
1775545595793,987,1,-0.0138403,-0.0655015,0.0510868,0.0510733,0.0510596,0.0510455,0.04,2.68737,2.73413,2.74928,0.0151472,3.55303,101,358.347
1775545595914,988,1,-0.01219,-0.072479,0.0189743,0.0189722,0.0189701,0.0189681,0.04,2.73413,2.80374,2.81186,0.00811362,3.66511,101,357.995
1775545596044,989,1,-0.0109265,-0.0783418,0.0106808,0.0106815,0.0106822,0.0106829,0.04,2.80374,2.8737,2.87821,0.00450969,3.77938,101,357.567
1775545596168,990,1,-0.0102436,-0.0822295,0.0378858,0.037895,0.0379041,0.0379131,0.04,2.8737,2.93598,2.94397,0.00799227,3.88253,101,357.846
1775545596288,991,1,-0.00963857,-0.0853096,0.0600455,0.0600694,0.0600929,0.060116,0.04,2.93598,2.981,2.99098,0.00997758,3.95795,101,357.807
1775545596413,992,1,-0.0086084,-0.0910663,0.0927744,0.0928351,0.0928943,0.0929519,0.04,2.981,3.07071,3.08662,0.0159123,4.1104,101,358.244
1775545596518,993,1,-0.00812552,-0.0948857,0.122606,0.122716,0.122822,0.122925,0.04,3.07071,3.14538,3.16396,0.0185797,4.23955,101,358.536
1775545596637,994,1,-0.00729625,-0.0995187,0.151209,0.151384,0.151553,0.151715,0.04,3.14538,3.21794,3.23874,0.0208056,4.36707,101,358.853
1775545596757,995,1,-0.00655027,-0.103853,0.185652,0.185928,0.18619,0.18644,0.04,3.21794,3.28911,3.31242,0.0233128,4.49412,101,359.002
1775545596873,996,1,-0.00564691,-0.109443,0.221648,0.222061,0.222452,0.222822,0.04,3.28911,3.38363,3.41022,0.0265825,4.66596,102,358.747
1775545596983,997,1,-0.00479149,-0.114175,0.256538,0.257114,0.257657,0.258166,0.04,3.38363,3.45809,3.48435,0.0262601,4.80386,102,359.081
1775545597093,998,1,-0.0038679,-0.118846,0.28903,0.28979,0.290503,0.291167,0.04,3.45809,3.52581,3.55171,0.0258963,4.9313,102,359.253
1775545597194,999,1,-0.00229551,-0.127476,0.343794,0.344946,0.346018,0.34701,0.04,3.52581,3.65938,3.68928,0.0298929,5.18835,102,359.474
1775545597326,1000,1,-0.00145309,-0.132255,0.38316,0.384642,0.386015,0.387275,0.04,3.65938,3.73679,3.7613,0.024507,5.34089,102,359.623
1775545597428,1001,1,-0.000603756,-0.135957,0.42366,0.42552,0.427231,0.42879,0.04,3.73679,3.7848,3.80524,0.0204358,5.43684,102,360.16
1775545597550,1002,1,-5.17629e-06,-0.140198,0.459981,0.462239,0.464308,0.466182,0.04,3.7848,3.86401,3.88555,0.0215371,5.59745,103,360.616
1775545597671,1003,1,0.00151344,-0.147263,0.518466,0.521477,0.524216,0.526677,0.04,3.86401,3.95967,3.97931,0.0196314,5.7953,103,360.386
1775545597789,1004,1,0.00206472,-0.150625,0.565113,0.568766,0.572066,0.575004,0.04,3.95967,4.02011,4.03483,0.0147204,5.92252,103,360.341
1775545597891,1005,1,0.00355648,-0.156544,0.62043,0.625001,0.629108,0.632733,0.04,4.02011,4.08619,4.09882,0.012639,6.06365,103,360.173
1775545598012,1006,1,0.00401096,-0.159053,0.658487,0.663711,0.66838,0.672472,0.04,4.08619,4.12888,4.13868,0.0098033,6.15596,103,360.239
1775545598124,1007,1,0.00344074,-0.155775,0.679265,0.684688,0.689499,0.693676,0.04,4.12888,4.08299,4.0846,0.00160885,6.05677,103,360.128
1775545598241,1008,1,0.00442012,-0.160472,0.726002,0.73238,0.738012,0.742867,0.04,4.08299,4.15002,4.16227,0.0122457,6.20202,103,359.742
1775545598355,1009,1,0.00349461,-0.157262,0.748563,0.755181,0.760978,0.76592,0.04,4.15002,4.13078,4.13588,0.00510168,6.1601,103,359.059
1775545598468,1010,1,0.0021647,-0.151019,0.769939,0.77662,0.782402,0.787249,0.04,4.13078,4.0572,4.05825,0.00105429,6.00147,103,358.368
1775545598571,1011,1,0.00323199,-0.15448,0.826858,0.834723,0.841473,0.847061,0.04,4.0572,4.0864,4.09894,0.0125403,6.0641,103,356.934
1775545598670,1012,1,0.00381944,-0.156047,0.876124,0.885018,0.892583,0.898762,0.04,4.0864,4.09629,4.10925,0.012958,6.08541,103,356.051
1775545598788,1013,1,0.0037845,-0.155277,0.919293,0.928995,0.937159,0.943713,0.04,4.09629,4.08491,4.09869,0.013772,6.06091,103,354.632
1775545598892,1014,1,0.00313664,-0.150868,0.95383,0.963909,0.972262,0.97881,0.04,4.08491,4.01597,4.02662,0.0106564,5.91375,103,353.236
1775545599011,1015,1,0.00225906,-0.14365,0.963213,0.972926,0.980853,0.986918,0.04,4.01597,3.88273,3.88733,0.00459313,5.63584,103,352.186
1775545599109,1016,1,0.000286942,-0.13332,0.968247,0.977257,0.984444,0.989737,0.04,3.88273,3.74011,3.74494,0.00482297,5.3475,102,350.798
1775545599224,1017,1,-0.00104952,-0.125587,0.975217,0.983748,0.990409,0.995134,0.04,3.74011,3.62423,3.63273,0.00850296,5.11995,102,350.118
1775545599366,1018,1,-0.00185355,-0.118248,0.995419,1.00369,1.00997,1.01419,0.04,3.62423,3.48436,3.49201,0.00764322,4.85308,102,348.58
1775545599508,1019,1,-0.00266601,-0.110272,1.01338,1.02128,1.02706,1.03066,0.04,3.48436,3.32748,3.33484,0.00736141,4.56344,102,346.933
1775545599626,1020,1,-0.00453112,-0.0958767,1.02107,1.02786,1.03249,1.0349,0.04,3.32748,3.06782,3.06566,0.00215673,4.10544,101,345.845
1775545599744,1021,1,-0.00650829,-0.0847312,1.02279,1.02867,1.03237,1.03385,0.04,3.06782,2.90292,2.91176,0.00883484,3.82762,101,344.685
1775545599893,1022,1,-0.00719585,-0.0745805,1.03079,1.0359,1.03877,1.03938,0.04,2.90292,2.67698,2.67986,0.00287914,3.4622,100,344.08
1775545600007,1023,1,-0.00979461,-0.0580158,1.01992,1.02356,1.02505,1.02435,0.04,2.67698,2.40629,2.40457,0.00172186,3.04589,100,342.971
1775545600122,1024,1,-0.0113027,-0.0435401,1.016,1.01845,1.01876,1.01693,0.04,2.40629,2.11808,2.11427,0.00380778,2.62584,100,342.167
1775545600241,1025,1,-0.0138793,-0.0247164,0.993379,0.994288,0.993206,0.990142,0.04,2.11808,1.78301,1.77267,0.0103419,2.16383,99,340.905
1775545600353,1026,1,-0.0162318,-0.0060807,0.96589,0.965419,0.963126,0.959034,0.04,1.78301,1.43685,1.42298,0.013862,1.7117,99,339.954
1775545600468,1027,1,-0.0167332,0.00253459,0.967595,0.966493,0.963565,0.958839,0.04,1.43685,1.23856,1.24045,0.00188529,1.46235,98,339.992
1775545600587,1028,1,-0.0189549,0.0231093,0.929545,0.927177,0.923204,0.917661,0.04,1.23856,0.829392,0.805841,0.0235515,0.965212,98,339.617
1775545600710,1029,1,-0.0201559,0.0378915,0.916656,0.913396,0.90861,0.902337,0.04,0.829392,0.510339,0.495346,0.0149935,0.589548,98,340.163
1775545600829,1030,1,-0.0211757,0.0541725,0.894973,0.890865,0.88535,0.878472,0.04,0.510339,0.136934,0.114871,0.022063,0.157525,97,341.135
1775545600947,1031,1,-0.0228434,0.0714746,0.874342,0.8694,0.863163,0.855677,0.04,0.136934,-0.219196,-0.240182,0.0209859,-0.252286,97,342.338
1775545601068,1032,1,-0.0232586,0.0831763,0.862569,0.857083,0.850365,0.842464,0.04,-0.219196,-0.508914,-0.523387,0.014473,-0.587887,96,342.952
1775545601202,1033,1,-0.0236005,0.098205,0.838785,0.832778,0.825653,0.817458,0.04,-0.508914,-0.895465,-0.920309,0.0248438,-1.04415,96,343.172
1775545601333,1034,1,-0.022541,0.107056,0.841171,0.834631,0.826973,0.818251,0.04,-0.895465,-1.20771,-1.22417,0.0164593,-1.42409,96,342.931
1775545601438,1035,1,-0.0197617,0.112777,0.863893,0.856638,0.848182,0.838586,0.04,-1.20771,-1.55093,-1.56782,0.0168897,-1.85818,95,344.372
1775545601560,1036,1,-0.0187211,0.117487,0.874132,0.86641,0.85745,0.84732,0.04,-1.55093,-1.74867,-1.74976,0.0010829,-2.11792,95,345.829
1775545601677,1037,1,-0.0176378,0.125378,0.878746,0.87045,0.86091,0.850197,0.04,-1.74867,-2.03624,-2.0444,0.00815868,-2.51053,94,347.785
1775545601781,1038,1,-0.0162288,0.131927,0.88818,0.879283,0.869112,0.857745,0.04,-2.03624,-2.30928,-2.314,0.00471711,-2.90198,94,348.9
1775545601901,1039,1,-0.0165354,0.142657,0.865302,0.856223,0.845982,0.834653,0.04,-2.30928,-2.58183,-2.58688,0.0050478,-3.3133,94,349.643
1775545601996,1040,1,-0.0169503,0.156387,0.842968,0.833571,0.82312,0.811685,0.04,-2.58183,-2.92793,-2.93916,0.011234,-3.86913,93,350.766
1775545602115,1041,1,-0.0166724,0.16138,0.837984,0.828413,0.817814,0.806258,0.04,-2.92793,-3.08298,-3.0768,0.00617838,-4.13148,93,351.39
1775545602253,1042,1,-0.0159844,0.170575,0.831572,0.821627,0.810691,0.798838,0.04,-3.08298,-3.38014,-3.38518,0.00504804,-4.65954,92,352.635
1775545602373,1043,1,-0.0153274,0.183571,0.817883,0.807547,0.796289,0.784183,0.04,-3.38014,-3.77905,-3.79083,0.0117824,-5.4253,92,353.794
1775545602483,1044,1,-0.0148329,0.194063,0.796824,0.786464,0.775269,0.763305,0.04,-3.77905,-4.10013,-4.10474,0.00460434,-6.0937,91,354.695
1775545602599,1045,1,-0.0140287,0.200178,0.795283,0.784636,0.77317,0.760951,0.04,-4.10013,-4.3213,-4.31724,0.0040617,-6.58339,90,354.838
1775545602716,1046,1,-0.01313,0.209298,0.788864,0.777908,0.766167,0.753709,0.04,-4.3213,-4.63099,-4.63224,0.00124454,-7.31197,90,355.266
1775545602811,1047,1,-0.0119204,0.217637,0.769822,0.758973,0.747407,0.735187,0.04,-4.63099,-4.94284,-4.94325,0.00040102,-8.09951,89,355.615
1775545602937,1048,1,-0.0104605,0.220964,0.7699,0.758878,0.747144,0.734764,0.04,-4.94284,-5.13364,-5.12534,0.00829363,-8.60955,88,356.193
1775545603052,1049,1,-0.00947371,0.229894,0.75096,0.740043,0.72848,0.71633,0.04,-5.13364,-5.44604,-5.44465,0.00139189,-9.49347,88,356.656
1775545603159,1050,1,-0.0080719,0.232717,0.748497,0.737515,0.725896,0.713702,0.04,-5.44604,-5.61958,-5.60959,0.00998831,-10.0118,87,356.889
1775545603262,1051,1,-0.00699804,0.239669,0.728093,0.717385,0.706101,0.694296,0.04,-5.61958,-5.88469,-5.87942,0.0052743,-10.8431,86,357.648
1775545603377,1052,1,-0.00581302,0.244199,0.712189,0.701746,0.690769,0.679311,0.04,-5.88469,-6.09138,-6.08276,0.00862265,-11.5255,85,357.74
1775545603518,1053,1,-0.0034449,0.244016,0.739318,0.728062,0.71621,0.703825,0.04,-6.09138,-6.24594,-6.23486,0.0110831,-12.0561,85,358.097
1775545603627,1054,1,-0.00193226,0.247568,0.740901,0.729422,0.717351,0.70475,0.04,-6.24594,-6.44619,-6.43736,0.00882721,-12.7703,84,358.778
1775545603731,1055,1,-0.000109885,0.247529,0.745882,0.734249,0.722011,0.709233,0.04,-6.44619,-6.57022,-6.55846,0.0117583,-13.2282,84,359.389
1775545603847,1056,1,0.00216091,0.246871,0.776554,0.763965,0.750696,0.736822,0.04,-6.57022,-6.70473,-6.69404,0.0106859,-13.7384,83,360.701
1775545603965,1057,1,0.00468505,0.242986,0.825919,0.811889,0.797036,0.781456,0.04,-6.70473,-6.76676,-6.7539,0.0128565,-13.9786,83,362.251
1775545604063,1058,1,0.00752437,0.237177,0.87487,0.859491,0.843125,0.825888,0.04,-6.76676,-6.79858,-6.78533,0.0132504,-14.1031,83,363.775
1775545604158,1059,1,0.00879447,0.236108,0.898779,0.882609,0.865369,0.847188,0.04,-6.79858,-6.8539,-6.84201,0.0118847,-14.3214,83,365.047
1775545604251,1060,1,0.00959089,0.236325,0.921772,0.904733,0.886544,0.867348,0.04,-6.8539,-6.91146,-6.90001,0.0114489,-14.5512,82,366.153
1775545604357,1061,1,0.00983227,0.238227,0.919297,0.90221,0.883988,0.864773,0.04,-6.91146,-6.97994,-6.96933,0.0106163,-14.8281,82,366.801
1775545604473,1062,1,0.0123148,0.232951,0.981853,0.962761,0.942277,0.920582,0.04,-6.97994,-6.99967,-6.9882,0.011466,-14.9086,82,368.568
1775545604581,1063,1,0.0131606,0.233702,0.996353,0.976617,0.955432,0.93299,0.04,-6.99967,-7.07633,-7.06732,0.00900793,-15.2246,82,370.004
1775545604695,1064,1,0.0148685,0.232234,1.03616,1.01492,0.992048,0.967777,0.04,-7.07633,-7.1489,-7.14085,0.0080452,-15.5284,81,371.618
1775545604792,1065,1,0.0140436,0.241932,0.985065,0.965081,0.943728,0.921197,0.04,-7.1489,-7.36157,-7.35812,0.00344849,-16.4447,81,372.964
1775545604924,1066,1,0.0142029,0.243554,0.962529,0.943332,0.92286,0.901289,0.04,-7.36157,-7.41966,-7.41304,0.00661802,-16.7019,80,373.374
1775545605032,1067,1,0.0131854,0.254851,0.87903,0.862289,0.844602,0.826093,0.04,-7.41966,-7.66689,-7.66524,0.00164938,-17.8303,79,374.846
1775545605145,1068,1,0.0117765,0.266085,0.804404,0.789763,0.774416,0.758454,0.04,-7.66689,-7.88425,-7.88162,0.00263405,-18.8688,78,376.46
1775545605240,1069,1,0.0119697,0.267611,0.790545,0.776323,0.761434,0.745961,0.04,-7.88425,-7.94089,-7.93556,0.00532675,-19.1467,78,376.896
1775545605354,1070,1,0.0107271,0.276235,0.721229,0.709005,0.696284,0.683128,0.04,-7.94089,-8.09834,-8.09371,0.00463676,-19.9354,77,377.847
1775545605450,1071,1,0.0105217,0.281044,0.683822,0.672637,0.661034,0.649062,0.04,-8.09834,-8.21967,-8.21413,0.00553799,-20.5595,76,378.488
1775545605545,1072,1,0.0105979,0.281729,0.662266,0.651753,0.64086,0.62963,0.04,-8.21967,-8.24661,-8.23967,0.00694084,-20.7001,76,378.444
1775545605649,1073,1,0.00995662,0.28511,0.634327,0.624563,0.614468,0.604078,0.04,-8.24661,-8.29786,-8.29062,0.00724697,-20.9695,76,378.846
1775545605753,1074,1,0.00913664,0.288236,0.60225,0.59335,0.584168,0.574735,0.04,-8.29786,-8.33049,-8.32229,0.00820541,-21.1423,76,379.481
1775545605861,1075,1,0.00883614,0.286933,0.61977,0.610387,0.600697,0.590733,0.04,-8.33049,-8.27195,-8.26284,0.00911331,-20.833,76,379.637
1775545605975,1076,1,0.00956133,0.282049,0.651517,0.641334,0.630787,0.61992,0.04,-8.27195,-8.18531,-8.17616,0.00915241,-20.3813,77,379.333
1775545606073,1077,1,0.00996193,0.278587,0.677285,0.66642,0.655143,0.643504,0.04,-8.18531,-8.11557,-8.10677,0.00879955,-20.0231,77,379.145
1775545606172,1078,1,0.0107835,0.273181,0.711779,0.700019,0.687776,0.675106,0.04,-8.11557,-8.02106,-8.01216,0.00890446,-19.5453,77,379.016
1775545606282,1079,1,0.0105555,0.270069,0.737701,0.725215,0.712187,0.698681,0.04,-8.02106,-7.9174,-7.90791,0.00948811,-19.0311,78,378.934
1775545606395,1080,1,0.0117536,0.262759,0.779434,0.765883,0.751679,0.736901,0.04,-7.9174,-7.79633,-7.78663,0.00969791,-18.4434,79,378.929
1775545606488,1081,1,0.0122456,0.256673,0.833054,0.817928,0.801996,0.785359,0.04,-7.79633,-7.65796,-7.6475,0.0104599,-17.7886,79,378.935
1775545606596,1082,1,0.0126567,0.253299,0.875575,0.859075,0.841633,0.823372,0.04,-7.65796,-7.58898,-7.57988,0.00909805,-17.4687,80,378.738
1775545606707,1083,1,0.0132736,0.248081,0.914726,0.897082,0.878353,0.858682,0.04,-7.58898,-7.48481,-7.47445,0.0103526,-16.9939,80,378.724
1775545606810,1084,1,0.0134505,0.24273,0.943815,0.925434,0.905846,0.88521,0.04,-7.48481,-7.34811,-7.33587,0.0122418,-16.3855,81,378.384
1775545606934,1085,1,0.0121489,0.245264,0.936834,0.918532,0.899057,0.878566,0.04,-7.34811,-7.32781,-7.31769,0.0101247,-16.2966,81,378.365
1775545607041,1086,1,0.012417,0.242586,0.938304,0.920152,0.900812,0.880441,0.04,-7.32781,-7.27364,-7.26236,0.0112753,-16.061,81,378.115
1775545607145,1087,1,0.0115286,0.242266,0.950077,0.931485,0.91166,0.890767,0.04,-7.27364,-7.20199,-7.18914,0.0128493,-15.7535,81,377.889
1775545607236,1088,1,0.011138,0.240119,0.957604,0.938884,0.918895,0.897805,0.04,-7.20199,-7.11589,-7.10167,0.0142174,-15.3897,82,377.159
1775545607330,1089,1,0.0113483,0.238834,0.956973,0.938382,0.918519,0.897552,0.04,-7.11589,-7.0957,-7.0834,0.0123043,-15.3053,82,376.389
1775545607436,1090,1,0.0114847,0.23679,0.96526,0.946507,0.926442,0.905239,0.04,-7.0957,-7.04862,-7.03517,0.0134435,-15.1098,82,375.65
1775545607540,1091,1,0.0112568,0.236334,0.960609,0.942076,0.922248,0.901294,0.04,-7.04862,-7.0212,-7.00808,0.0131192,-14.9969,82,375.329
1775545607648,1092,1,0.0105903,0.238338,0.94907,0.930829,0.911344,0.890778,0.04,-7.0212,-7.03106,-7.01892,0.0121417,-15.0375,82,375.164
1775545607750,1093,1,0.0105294,0.23736,0.94435,0.92637,0.90716,0.886879,0.04,-7.03106,-7.00107,-6.98751,0.0135603,-14.9144,82,374.615
1775545607855,1094,1,0.00957192,0.240055,0.923903,0.906504,0.88796,0.868417,0.04,-7.00107,-7.01079,-6.99829,0.0125079,-14.9542,82,373.813
1775545607960,1095,1,0.0091124,0.241561,0.918438,0.901135,0.882712,0.863312,0.04,-7.01079,-7.02059,-7.00798,0.012609,-14.9944,82,373.865
1775545608062,1096,1,0.00830694,0.244502,0.900251,0.883428,0.865555,0.846768,0.04,-7.02059,-7.04717,-7.03507,0.0121045,-15.1039,82,373.895
1775545608176,1097,1,0.00854321,0.2433,0.910254,0.893137,0.874933,0.855781,0.04,-7.04717,-7.02955,-7.01593,0.0136185,-15.0312,82,374.014
1775545608302,1098,1,0.00803322,0.246252,0.885137,0.86876,0.851391,0.833153,0.04,-7.02955,-7.07777,-7.06653,0.0112371,-15.2306,82,374.006
1775545608402,1099,1,0.00840769,0.244598,0.888733,0.872337,0.854931,0.836642,0.04,-7.07777,-7.05837,-7.045,0.0133715,-15.1502,82,374.502
1775545608494,1100,1,0.00802254,0.245397,0.878042,0.86199,0.844965,0.827087,0.04,-7.05837,-7.05491,-7.04194,0.0129685,-15.1358,82,374.608
1775545608588,1101,1,0.00783859,0.246182,0.861859,0.846351,0.829922,0.812685,0.04,-7.05491,-7.06578,-7.05336,0.0124207,-15.1809,82,374.055
1775545608683,1102,1,0.00787414,0.245839,0.855308,0.84006,0.823911,0.80697,0.04,-7.06578,-7.05988,-7.04694,0.0129447,-15.1564,82,373.987
1775545608777,1103,1,0.00808748,0.245772,0.839928,0.825236,0.809689,0.793387,0.04,-7.05988,-7.07499,-7.06294,0.012044,-15.2191,82,373.582
1775545608880,1104,1,0.00867883,0.242933,0.852728,0.837761,0.821892,0.805229,0.04,-7.07499,-7.03718,-7.02344,0.0137453,-15.0627,82,372.964
1775545608992,1105,1,0.00888439,0.242597,0.850839,0.83596,0.820185,0.803619,0.04,-7.03718,-7.04255,-7.03032,0.0122318,-15.0848,82,372.771
1775545609084,1106,1,0.00962588,0.238499,0.875237,0.859756,0.84329,0.825957,0.04,-7.04255,-6.97937,-6.96476,0.014605,-14.8258,82,372.651
1775545609194,1107,1,0.0105573,0.234035,0.904785,0.888543,0.871204,0.852899,0.04,-6.97937,-6.91865,-6.90398,0.0146713,-14.5801,82,372.452
1775545609286,1108,1,0.011401,0.230381,0.933156,0.916139,0.89791,0.878616,0.04,-6.91865,-6.87398,-6.85973,0.0142574,-14.4012,83,373.106
1775545609379,1109,1,0.0113588,0.229932,0.936253,0.919155,0.900832,0.881433,0.04,-6.87398,-6.85845,-6.84501,0.0134444,-14.3394,83,373.306
1775545609496,1110,1,0.0116126,0.22788,0.938347,0.921328,0.903069,0.88372,0.04,-6.85845,-6.82017,-6.80585,0.014318,-14.188,83,373.493
1775545609594,1111,1,0.0121297,0.225217,0.950226,0.932974,0.914427,0.89474,0.04,-6.82017,-6.78211,-6.76772,0.0143943,-14.0386,83,373.124
1775545609687,1112,1,0.011464,0.228311,0.918398,0.902077,0.884591,0.866078,0.04,-6.78211,-6.8244,-6.81299,0.011405,-14.2046,83,373.286
1775545609780,1113,1,0.0108694,0.230782,0.904451,0.888455,0.871352,0.853272,0.04,-6.8244,-6.85222,-6.84031,0.011909,-14.3147,83,373.808
1775545609886,1114,1,0.0119307,0.226492,0.927302,0.910793,0.893081,0.874307,0.04,-6.85222,-6.80613,-6.79178,0.0143495,-14.1327,83,374.345
1775545610000,1115,1,0.0120458,0.22574,0.939066,0.922184,0.904053,0.88482,0.04,-6.80613,-6.79204,-6.77862,0.0134244,-14.0774,83,374.729
1775545610115,1116,1,0.0111504,0.22913,0.917481,0.901132,0.883626,0.865098,0.04,-6.79204,-6.82505,-6.81318,0.0118675,-14.2072,83,375.501
1775545610222,1117,1,0.0103442,0.233724,0.829102,0.815523,0.801091,0.785897,0.04,-6.82505,-6.90635,-6.89677,0.00958395,-14.5306,82,376.268
1775545610314,1118,1,0.0101234,0.234808,0.805374,0.792511,0.778866,0.764521,0.04,-6.90635,-6.92388,-6.91218,0.0117025,-14.6011,82,377.117
1775545610429,1119,1,0.00981383,0.237113,0.771548,0.759638,0.747042,0.733828,0.04,-6.92388,-6.96977,-6.95898,0.0107894,-14.7867,82,377.854
1775545610525,1120,1,0.0101367,0.235051,0.802629,0.789841,0.776279,0.762025,0.04,-6.96977,-6.93178,-6.91828,0.013504,-14.6329,82,378.542
1775545610624,1121,1,0.00973386,0.237014,0.790448,0.777943,0.764702,0.750802,0.04,-6.93178,-6.95883,-6.9474,0.0114317,-14.7423,82,379.528
1775545610731,1122,1,0.0101883,0.234219,0.776147,0.764246,0.75164,0.738402,0.04,-6.95883,-6.91668,-6.90298,0.0137,-14.5721,82,380.301
1775545610856,1123,1,0.00904707,0.238624,0.695202,0.685497,0.675286,0.664616,0.04,-6.91668,-6.96884,-6.95742,0.0114226,-14.783,82,381.016
1775545610971,1124,1,0.00941031,0.238228,0.670746,0.661736,0.65227,0.642388,0.04,-6.96884,-6.98682,-6.97426,0.0125647,-14.8562,82,381.472
1775545611084,1125,1,0.00862971,0.243203,0.506633,0.501411,0.495992,0.490388,0.04,-6.98682,-7.09183,-7.07969,0.0121412,-15.2891,82,382.037
1775545611199,1126,1,0.00980649,0.238196,0.456882,0.452737,0.448444,0.444011,0.04,-7.09183,-7.04518,-7.02971,0.0154724,-15.0956,82,382.316
1775545611319,1127,1,0.0104638,0.235916,0.301311,0.299537,0.297721,0.295862,0.04,-7.04518,-7.05263,-7.04098,0.0116496,-15.1264,82,382.812
1775545611408,1128,1,0.0113296,0.230006,0.173103,0.172537,0.171962,0.171379,0.04,-7.05263,-6.9725,-6.96293,0.00956964,-14.7978,82,382.812
1775545611495,1129,1,0.0129983,0.219577,0.451668,0.447952,0.444086,0.440079,0.04,-6.9725,-6.76291,-6.74418,0.0187254,-13.9636,83,382.586
1775545611602,1130,1,0.0127909,0.221972,0.0194661,0.0194592,0.0194524,0.0194455,0.04,-6.76291,-6.88031,-6.87176,0.00855255,-14.4265,83,382.94
1775545611689,1131,1,0.013093,0.219877,0.595431,0.601581,0.607349,0.612714,0.04,-6.88031,-6.75107,-6.69708,0.0539908,-13.9176,83,382.653
1775545611780,1132,1,0.0183982,0.247493,0.82371,0.809484,0.794454,0.778713,0.04,-6.75107,-7.8356,-7.84956,0.0139537,-18.6325,78,350
1775545611882,1133,1,0.0185064,0.248637,0.827119,0.812704,0.797478,0.781536,0.04,-7.8356,-7.87353,-7.87069,0.00284243,-18.8165,78,350
1775545611972,1134,1,0.0203055,0.243448,0.870259,0.854625,0.838037,0.820611,0.04,-7.87353,-7.85118,-7.84863,0.00254774,-18.708,78,350
1775545612064,1135,1,0.0228672,0.234599,0.931295,0.914027,0.895568,0.876067,0.04,-7.85118,-7.77987,-7.77807,0.00179958,-18.3646,79,350
1775545612169,1136,1,0.0232377,0.233905,0.948163,0.930307,0.911195,0.890985,0.04,-7.77987,-7.78424,-7.78392,0.000314713,-18.3855,79,350
1775545612276,1137,1,0.280691,-0.877658,1.21847,1.45947,1.75084,2.09827,0.04,-7.78424,4.66837,4.34155,0.326823,7.40345,104,382.653
1775545612402,1138,1,0.0270774,0.219967,1.06677,1.04544,1.02228,0.997524,0.04,4.66837,-7.65534,-7.57965,0.0756865,-17.7763,79,350
1775545612503,1139,1,0.0301315,0.207522,1.16847,1.14422,1.11751,1.08868,0.04,-7.65534,-7.51511,-7.51763,0.00252533,-17.131,80,350
1775545612593,1140,1,0.0318977,0.200693,1.2565,1.22925,1.19893,1.16598,0.04,-7.51511,-7.43991,-7.44539,0.00547791,-16.7922,80,350
1775545612684,1141,1,0.0326733,0.197948,1.30479,1.27574,1.24323,1.20779,0.04,-7.43991,-7.41245,-7.41973,0.00728369,-16.6698,80,350
1775545623237,1142,1,0.0346145,0.190471,1.40006,1.36768,1.33101,1.2907,0.04,-7.41245,-7.33093,-7.34097,0.0100408,-16.3102,81,350
1775545623378,1143,1,0.0627612,0.353474,0.34581,0.349456,0.353055,0.356601,0.04,-7.33093,-13.8314,-13.248,0.583342,-25,72,350
1775545623499,1144,1,0.100701,0.197829,0.381939,0.379564,0.377094,0.374532,0.04,-13.8314,-12.2394,-12.3625,0.12315,-25,72,350
1775545623630,1145,1,0.0951367,0.220091,0.219071,0.218204,0.21732,0.216418,0.04,-12.2394,-12.4823,-12.4925,0.0102434,-25,72,350
1775545623776,1146,1,0.0913423,0.233473,0.111385,0.111147,0.110907,0.110665,0.04,-12.4823,-12.5989,-12.6182,0.0192575,-25,72,350
1775545623901,1147,1,0.0903397,0.225733,0.111991,0.111759,0.111525,0.111289,0.04,-12.5989,-12.3205,-12.3734,0.0529413,-25,72,350
1775545624022,1148,1,0.0888633,0.221474,0.100629,0.100446,0.100261,0.100075,0.04,-12.3205,-12.1052,-12.1552,0.0499811,-25,72,350
1775545624148,1149,1,0.257813,-0.627285,0.862503,0.915522,0.970506,1.02716,0.04,-12.1052,-0.680753,-0.701832,0.0210798,-0.789175,96,498.734
1775545624281,1150,1,0.0921902,0.179188,0.264819,0.263796,0.262739,0.26165,0.04,-0.680753,-11.166,-10.7701,0.395875,-25,72,350
1775545624397,1151,1,0.264363,-0.675465,0.987103,1.0676,1.15282,1.24226,0.04,-11.166,0.201402,0.0976768,0.103725,0.231775,97,498.734
1775545624534,1152,1,0.207007,-0.448124,0.625616,0.641868,0.658016,0.674,0.04,0.201402,-2.06981,-2.14058,0.0707698,-2.55763,94,452.918
1775545624642,1153,1,0.0670237,0.150181,1.47368,1.4965,1.51279,1.52219,0.04,-2.06981,-8.44795,-8.22078,0.227166,-21.7734,75,353.893
1775545624754,1154,1,0.0100541,0.399055,1.96624,2.10078,2.22486,2.33293,0.04,-8.44795,-11.128,-10.9818,0.14627,-25,72,316.15
1775545624874,1155,1,-0.0106956,0.485344,1.98349,2.16655,2.34503,2.51064,0.04,-11.128,-12.0056,-11.8769,0.128689,-25,72,301.156
1775545625025,1156,1,-0.0134537,0.492468,1.97263,2.15793,2.33943,2.50885,0.04,-12.0056,-12.0082,-11.9003,0.107912,-25,72,298.939
1775545625146,1157,1,-0.015123,0.490438,1.94034,2.11847,2.29291,2.456,0.04,-12.0082,-11.8455,-11.7582,0.0873652,-25,72,297.478
1775545625276,1158,1,-0.0184871,0.485931,1.85597,2.01661,2.17395,2.32172,0.04,-11.8455,-11.5103,-11.4526,0.0577774,-25,72,294.081
1775545625408,1159,1,-0.018593,0.464826,1.68047,1.80356,1.92342,2.03622,0.04,-11.5103,-10.9729,-10.9265,0.0463896,-25,72,292.813
1775545625518,1160,1,0.020953,0.232458,0.341907,0.344092,0.346208,0.348252,0.04,-10.9729,-7.67524,-7.6439,0.0313344,-17.8694,79,312.872
1775545625674,1161,1,0.051667,0.0566362,0.950385,0.945529,0.938994,0.930839,0.04,-7.67524,-4.94958,-4.85168,0.097898,-8.11714,89,327.102
1775545625821,1162,1,0.04334,0.0686536,0.846307,0.841856,0.836226,0.829456,0.04,-4.94958,-4.7157,-4.71932,0.00362444,-7.52039,89,324.034
1775545625928,1163,1,0.0371743,0.0751589,0.780387,0.77633,0.771351,0.76548,0.04,-4.7157,-4.47616,-4.47364,0.00252247,-6.94127,90,322.276
1775545626047,1164,1,0.0338889,0.0819084,0.752273,0.748218,0.74334,0.737668,0.04,-4.47616,-4.43618,-4.44203,0.00585127,-6.84767,90,321.361
1775545626158,1165,1,0.0325528,0.0838818,0.743889,0.739842,0.735001,0.729393,0.04,-4.43618,-4.39862,-4.4035,0.00488186,-6.76048,90,320.641
1775545626259,1166,1,0.0303136,0.0917156,0.716136,0.712082,0.707323,0.701884,0.04,-4.39862,-4.46014,-4.46856,0.00841618,-6.90367,90,320.349
1775545626381,1167,1,0.0285445,0.0979805,0.69502,0.690971,0.686282,0.680973,0.04,-4.46014,-4.51069,-4.51663,0.00593758,-7.02282,90,319.962
1775545626501,1168,1,0.0271873,0.103617,0.681377,0.677284,0.672589,0.667315,0.04,-4.51069,-4.57153,-4.57655,0.00502682,-7.16805,90,319.831
1775545626617,1169,1,0.0255677,0.109394,0.663455,0.659379,0.654751,0.649591,0.04,-4.57153,-4.61871,-4.62128,0.00257349,-7.28208,90,320.147
1775545626749,1170,1,0.0239177,0.117862,0.636732,0.632713,0.62821,0.62324,0.04,-4.61871,-4.7379,-4.74244,0.0045414,-7.57568,89,320.335
1775545626858,1171,1,0.0233732,0.121328,0.641209,0.637018,0.632333,0.627175,0.04,-4.7379,-4.79337,-4.79371,0.000340462,-7.71507,89,321.007
1775545626965,1172,1,0.0226709,0.125669,0.637108,0.63283,0.62807,0.622848,0.04,-4.79337,-4.86291,-4.86315,0.000234127,-7.89231,89,321.903
1775545627090,1173,1,0.0221727,0.128999,0.629315,0.625037,0.620298,0.615114,0.04,-4.86291,-4.91979,-4.91864,0.00114298,-8.03935,89,322.607
1775545627206,1174,1,0.0215245,0.133249,0.623176,0.61885,0.614077,0.608876,0.04,-4.91979,-4.99091,-4.9897,0.00121355,-8.22594,89,323.938
1775545627304,1175,1,0.0214467,0.13513,0.625213,0.620798,0.615934,0.610638,0.04,-4.99091,-5.03611,-5.0333,0.00281048,-8.34608,89,325.912
1775545627434,1176,1,0.0213337,0.136143,0.627074,0.6226,0.617673,0.612312,0.04,-5.03611,-5.05542,-5.0511,0.00431728,-8.39778,89,326.837
1775545627551,1177,1,0.0215002,0.137777,0.644576,0.639787,0.634508,0.628758,0.04,-5.05542,-5.10844,-5.10595,0.00249624,-8.54093,88,329.009
1775545627664,1178,1,0.0220269,0.139493,0.651818,0.646859,0.641394,0.635445,0.04,-5.10844,-5.19011,-5.18922,0.000891209,-8.76477,88,331.04
1775545627784,1179,1,0.0218939,0.140675,0.659111,0.653996,0.648358,0.642222,0.04,-5.19011,-5.21182,-5.20771,0.00410652,-8.82497,88,332.463
1775545627918,1180,1,0.0229463,0.138205,0.695072,0.689464,0.683243,0.676438,0.04,-5.21182,-5.21223,-5.20794,0.00429487,-8.82613,88,333.928
1775545628035,1181,1,0.0237764,0.137273,0.713831,0.707946,0.701397,0.694216,0.04,-5.21223,-5.24148,-5.23923,0.00224447,-8.90769,88,335.337
1775545628148,1182,1,0.0241767,0.138203,0.732605,0.726356,0.719392,0.711748,0.04,-5.24148,-5.29145,-5.29038,0.00106668,-9.04831,88,337.285
1775545628270,1183,1,0.0249564,0.137759,0.746648,0.74017,0.732935,0.724981,0.04,-5.29145,-5.33116,-5.33003,0.0011282,-9.16119,88,338.697
1775545628390,1184,1,0.0269096,0.131902,0.789626,0.782652,0.774778,0.76605,0.04,-5.33116,-5.30111,-5.29791,0.00319815,-9.07568,88,339.97
1775545628506,1185,1,0.0266147,0.134065,0.806421,0.799023,0.79067,0.781414,0.04,-5.30111,-5.33674,-5.33626,0.000477791,-9.17715,88,341.865
1775545630732,1186,1,0.0280829,0.130604,0.851113,0.843045,0.833852,0.823598,0.04,-5.33674,-5.33781,-5.33622,0.00158262,-9.18019,88,343.734
1775545630849,1187,1,0.0311381,0.202848,1.02753,1.00932,0.989389,0.967937,0.04,-5.33781,-7.47784,-7.51151,0.0336676,-16.9625,80,364.278
1775545630968,1188,1,0.0307884,0.212804,0.976528,0.959308,0.94064,0.920692,0.04,-7.47784,-7.73035,-7.73765,0.00730419,-18.1289,79,366.009
1775545631083,1189,1,0.0303692,0.220288,0.94545,0.928755,0.910768,0.891636,0.04,-7.73035,-7.9084,-7.91483,0.00643587,-18.9869,78,366.638
1775545631199,1190,1,0.0295027,0.233588,0.864273,0.849506,0.833776,0.817192,0.04,-7.9084,-8.22005,-8.22679,0.00673866,-20.5615,76,368.185
1775545632843,1191,1,0.0289957,0.241384,0.821179,0.807408,0.792824,0.777519,0.04,-8.22005,-8.40219,-8.40753,0.00534248,-21.5259,75,369.539
1775545632957,1192,1,0.0215696,0.222134,1.04384,1.02323,1.00091,0.977105,0.04,-8.40219,-7.33703,-7.31173,0.0253005,-16.3369,81,378.185
1775545633070,1193,1,0.0219359,0.214718,1.12437,1.10119,1.07584,1.04863,0.04,-7.33703,-7.15034,-7.14132,0.00901413,-15.5344,81,379.427
1775545635415,1194,1,0.0220681,0.21074,1.15817,1.13399,1.10743,1.07883,0.04,-7.15034,-7.04703,-7.03912,0.00791216,-15.1033,82,379.641
1775545635532,1195,1,0.00484819,0.245055,1.13679,1.10967,1.08052,1.04967,0.04,-7.04703,-6.79031,-6.76145,0.0288644,-14.0707,83,389.697
1775545635626,1196,1,0.00415689,0.247859,1.12508,1.09822,1.0694,1.03894,0.04,-6.79031,-6.82008,-6.80083,0.0192542,-14.1876,83,390.686
1775545635759,1197,1,0.0036035,0.249505,1.12634,1.09924,1.07017,1.03949,0.04,-6.82008,-6.82627,-6.80594,0.0203309,-14.212,83,391.395
1775545637715,1198,1,0.00338825,0.249841,1.16303,1.13405,1.10293,1.07005,0.04,-6.82627,-6.81549,-6.79383,0.0216613,-14.1695,83,391.768
1775545637824,1199,1,-0.00248871,0.334748,0.670287,0.657214,0.643841,0.630223,0.04,-6.81549,-8.77617,-8.78544,0.00926304,-23.6116,73,394.605
1775545637954,1200,1,-0.00463483,0.349161,0.552488,0.543177,0.533709,0.524112,0.04,-8.77617,-9.03477,-9.02754,0.00722504,-25,72,395.507
1775545638099,1201,1,-0.00811927,0.375609,0.337079,0.333306,0.329503,0.325674,0.04,-9.03477,-9.54112,-9.5266,0.0145206,-25,72,395.534
1775545638219,1202,1,-0.0115345,0.401117,0.111187,0.110742,0.110297,0.109851,0.04,-9.54112,-10.0295,-10.0139,0.015542,-25,72,396.518
1775545638349,1203,1,-0.0123842,0.405482,0.100083,0.0997178,0.0993519,0.0989854,0.04,-10.0295,-10.0906,-10.0851,0.00549984,-25,72,397.911
1775545638452,1204,1,-0.0127053,0.403334,0.132643,0.132005,0.131366,0.130726,0.04,-10.0906,-10.0054,-10.0028,0.00259876,-25,72,398.733
1775545638562,1205,1,-0.0133003,0.400788,0.15151,0.150685,0.149858,0.149028,0.04,-10.0054,-9.89258,-9.88986,0.00272179,-25,72,398.903
1775545638687,1206,1,-0.0132088,0.395802,0.174682,0.173602,0.172519,0.171432,0.04,-9.89258,-9.76053,-9.75722,0.00331879,-25,72,398.896
1775545638805,1207,1,-0.0124494,0.386399,0.217104,0.215485,0.213859,0.212226,0.04,-9.76053,-9.55225,-9.5482,0.00405312,-25,72,398.587
1775545638923,1208,1,-0.012665,0.382072,0.203948,0.20254,0.201125,0.199704,0.04,-9.55225,-9.4224,-9.41695,0.00545692,-25,72,397.542
1775545639038,1209,1,-0.0126786,0.377322,0.203799,0.202415,0.201023,0.199625,0.04,-9.4224,-9.29306,-9.28702,0.00604439,-25,72,396.751
1775545639158,1210,1,-0.0120457,0.37191,0.19572,0.194466,0.193205,0.191938,0.04,-9.29306,-9.19168,-9.18516,0.00651169,-25,72,395.561
1775545639373,1211,1,-0.0109853,0.36207,0.208993,0.207609,0.206216,0.204815,0.04,-9.19168,-8.99684,-8.98985,0.00698662,-24.911,72,393.185
1775545639513,1212,1,-0.010226,0.349503,0.188623,0.187543,0.186456,0.185363,0.04,-8.99684,-8.71267,-8.70519,0.00748444,-23.2473,74,389.869
1775545639623,1213,1,-0.0112384,0.348374,0.117748,0.11733,0.116909,0.116487,0.04,-8.71267,-8.62322,-8.61668,0.00653553,-22.7411,74,386.814
1775545639744,1214,1,-0.0113651,0.34601,0.071524,0.0713709,0.0712174,0.0710635,0.04,-8.62322,-8.55778,-8.5518,0.00598049,-22.3761,75,384.733
1775545639865,1215,1,-0.0112575,0.339761,0.0430523,0.042998,0.0429437,0.0428893,0.04,-8.55778,-8.40078,-8.39476,0.00601387,-21.5183,75,382.538
1775545640000,1216,1,-0.0113901,0.333064,0.0111524,0.0111488,0.0111453,0.0111417,0.04,-8.40078,-8.21563,-8.20881,0.00682354,-20.5385,76,380.572
1775545640207,1217,1,-0.0113074,0.325456,0.00705154,0.00705292,0.0070543,0.00705568,0.04,-8.21563,-8.01633,-8.00873,0.00760651,-19.5216,77,378.245
1775545640325,1218,1,-0.0114375,0.314527,0.032613,0.0326413,0.0326696,0.0326979,0.04,-8.01633,-7.70786,-7.6985,0.00936747,-18.0227,79,375.168
1775545640460,1219,1,-0.0110683,0.304512,0.0351123,0.035144,0.0351756,0.0352071,0.04,-7.70786,-7.46221,-7.45218,0.0100346,-16.8921,80,373.169
1775545640572,1220,1,-0.0108015,0.296829,0.0433875,0.0434344,0.0434812,0.0435279,0.04,-7.46221,-7.27161,-7.26123,0.0103812,-16.0523,81,371.912
1775545640681,1221,1,-0.0113156,0.288511,0.0547764,0.0548487,0.0549208,0.0549927,0.04,-7.27161,-7.00947,-6.99699,0.012486,-14.9488,82,370.699
1775545640778,1222,1,-0.0120116,0.281253,0.0673968,0.0675031,0.067609,0.0677144,0.04,-7.00947,-6.76321,-6.74961,0.0135946,-13.9648,83,369.552
1775545640890,1223,1,-0.0110513,0.272455,0.0540955,0.0541616,0.0542274,0.0542931,0.04,-6.76321,-6.59377,-6.58174,0.0120215,-13.3165,84,369.093
1775545641018,1224,1,-0.0100377,0.263827,0.0368964,0.0369261,0.0369557,0.0369852,0.04,-6.59377,-6.43324,-6.42161,0.0116301,-12.7232,84,368.379
1775545641122,1225,1,-0.00908626,0.254886,0.0272544,0.02727,0.0272856,0.0273011,0.04,-6.43324,-6.25874,-6.24664,0.0120974,-12.1009,85,368.017
1775545641238,1226,1,-0.00703333,0.240552,0.00354277,0.00354252,0.00354228,0.00354203,0.04,-6.25874,-6.01674,-6.00262,0.0141263,-11.2755,86,366.958
1775545641352,1227,1,-0.00582914,0.233513,0.0233955,0.023385,0.0233745,0.0233641,0.04,-6.01674,-5.90643,-5.89515,0.0112734,-10.9134,86,366.801
1775545641472,1228,1,-0.00278606,0.21818,0.0662898,0.0662117,0.0661331,0.066054,0.04,-5.90643,-5.69518,-5.68032,0.0148654,-10.2439,87,365.778
1775545641603,1229,1,-0.00046636,0.204416,0.113671,0.113457,0.113239,0.11302,0.04,-5.69518,-5.47582,-5.45906,0.0167627,-9.581,87,365.295
1775545641720,1230,1,0.0026305,0.191463,0.150415,0.150064,0.149706,0.149343,0.04,-5.47582,-5.33361,-5.31838,0.0152345,-9.1682,88,364.891
1775545641838,1231,1,0.00423409,0.183469,0.173025,0.17258,0.172125,0.171662,0.04,-5.33361,-5.22466,-5.21005,0.0146174,-8.86073,88,364.462
1775545641958,1232,1,0.00626853,0.174782,0.208703,0.208086,0.207452,0.206802,0.04,-5.22466,-5.12467,-5.10971,0.014967,-8.58509,88,365.114
1775545642579,1233,1,0.00738835,0.169356,0.226633,0.225927,0.225201,0.224453,0.04,-5.12467,-5.05248,-5.03838,0.014102,-8.3899,89,364.575
1775545642723,1234,1,0.0191176,0.110945,0.553028,0.550191,0.547032,0.543561,0.04,-5.05248,-4.23232,-4.17804,0.054285,-6.3834,91,364.159
1775545642843,1235,1,0.0215654,0.0984353,0.660166,0.656512,0.652308,0.647572,0.04,-4.23232,-4.04662,-4.03364,0.0129724,-5.97889,91,363.392
1775545644869,1236,1,0.0241816,0.0856457,0.75578,0.751516,0.746422,0.740525,0.04,-4.04662,-3.8667,-3.8563,0.0104053,-5.60296,91,362.78
1775545644969,1237,1,0.0439409,-0.00887704,3.88937,3.84069,3.68138,3.4335,0.04,-3.8667,-2.24625,-2.26162,0.015372,-2.80986,94,356.699
1775545645086,1238,1,0.0314605,0.0654058,3.57459,3.46531,3.2789,3.03604,0.04,-2.24625,-3.44834,-3.53832,0.0899787,-4.78568,92,353.58
1775545647737,1239,1,0.00488665,0.227098,1.55636,1.50856,1.45554,1.39843,0.04,-3.44834,-6.25042,-6.30085,0.0504289,-12.0718,85,348.758
1775545647881,1240,1,0.0566649,0.0654113,0.00827529,0.00827564,0.00827599,0.00827633,0.04,-6.25042,-5.67838,-5.67816,0.000212193,-10.192,87,350
1775545647991,1241,1,0.0574452,0.0600799,0.00147596,0.00147595,0.00147594,0.00147593,0.04,-5.67838,-5.58922,-5.59712,0.00790358,-9.91968,87,350
1775545648106,1242,1,0.0575774,0.0583941,0.000322576,0.000322576,0.000322577,0.000322577,0.04,-5.58922,-5.55295,-5.56178,0.00883007,-9.81041,87,350
1775545650785,1243,1,0.0579728,0.0548975,0.00349234,0.00349229,0.00349224,0.00349218,0.04,-5.55295,-5.48522,-5.4942,0.00898075,-9.60874,87,350
1775545650875,1244,1,0.0375622,-0.0135844,0.035408,0.0354092,0.0354104,0.0354115,0.04,-5.48522,-2.21999,-2.06692,0.153078,-2.77181,94,350
1775545650983,1245,1,0.0312745,0.0154801,0.198374,0.198414,0.198438,0.198446,0.04,-2.21999,-2.5458,-2.56727,0.0214705,-3.25765,94,350
1775545651099,1246,1,0.0418502,-0.0440402,0.0297097,0.0297127,0.0297157,0.0297186,0.04,-2.5458,-1.69359,-1.65987,0.0337231,-2.04478,95,350
1775545651209,1247,1,0.0424376,-0.0618068,0.124987,0.125061,0.125131,0.125196,0.04,-1.69359,-1.23881,-1.22422,0.0145979,-1.46266,96,350
1775545652951,1248,1,0.0349734,-0.0451983,0.0814164,0.0814392,0.081461,0.0814817,0.04,-1.23881,-1.17938,-1.18462,0.00523806,-1.3891,96,350
1775545653078,1249,1,-0.0809411,0.731629,3.16607,4.23709,5.51069,6.76202,0.04,-1.17938,-13.3444,-11.3456,1.99877,-25,72,316.918
1775545653187,1250,1,-0.136647,0.835954,2.36421,3.20862,4.32084,5.64824,0.04,-13.3444,-12.424,-12.0081,0.415851,-25,72,292.965
1775545653807,1251,1,-0.136528,0.808276,2.3997,3.18509,4.18524,5.34183,0.04,-12.424,-11.7147,-11.5435,0.171246,-25,72,314.73
1775545654019,1252,1,-0.0854967,0.550296,3.20666,3.79898,4.37733,4.85461,0.04,-11.7147,-8.303,-8.44223,0.139231,-20.9966,76,416.441
1775545654134,1253,1,-0.0461189,0.366267,3.48632,3.84788,4.12238,4.2677,0.04,-8.303,-6.09866,-6.29922,0.200557,-11.5501,85,463.348
1775545654459,1254,1,-0.0548586,0.376574,3.54319,3.93163,4.22927,4.38833,0.04,-6.09866,-5.75965,-6.12512,0.365466,-10.445,87,461.339
1775545654578,1255,1,0.109847,-0.34259,0.965363,0.937373,0.908611,0.879302,0.04,-5.75965,1.82061,2.21111,0.390501,2.21439,99,461.339
1775545654702,1256,1,0.241274,-0.838008,0.588676,0.635434,0.686051,0.740724,0.04,1.82061,6.11305,6.27691,0.16386,11.5988,109,461.339
1775545654834,1257,1,0.304062,-1.01832,0.576458,0.663715,0.767121,0.889811,0.04,6.11305,6.67719,6.58369,0.0934935,13.6328,111,461.339
1775545654948,1258,1,0.318225,-1.08049,0.537187,0.636751,0.759839,0.912719,0.04,6.67719,7.38634,7.23418,0.15217,16.554,114,461.339
1775545655068,1259,1,0.297296,-1.06846,0.575091,0.683677,0.818231,0.985655,0.04,7.38634,8.51724,8.39219,0.125053,22.1522,119,461.339
1775545655190,1260,1,0.313123,-1.11456,0.53109,0.646276,0.794053,0.985169,0.04,8.51724,8.6749,8.46236,0.212537,23.0325,120,461.339
1775545655320,1261,1,0.281644,-1.07041,0.605625,0.727875,0.881466,1.07532,0.04,8.6749,9.66546,9.52117,0.144293,25,122,461.339
1775545655457,1262,1,0.217705,-0.96044,0.777759,0.906527,1.06022,1.24327,0.04,9.66546,11.1276,11.0439,0.0836954,25,122,461.339
1775545655595,1263,1,0.140353,-0.794864,0.97025,1.08317,1.20865,1.34696,0.04,11.1276,12.0044,11.9399,0.0644293,25,122,461.339
1775545655794,1264,1,0.0949905,-0.668981,1.00846,1.0909,1.17806,1.26937,0.04,12.0044,11.7216,11.6322,0.0894527,25,122,461.339
1775545655961,1265,1,-0.0571718,-0.152869,0.0189496,0.018954,0.0189583,0.0189627,0.04,11.7216,8.0819,8.11325,0.0313473,19.8519,117,350.146
1775545656133,1266,1,-0.0570422,-0.140533,0.00943654,0.00943753,0.00943852,0.00943951,0.04,8.0819,7.73805,7.81633,0.0782781,18.1655,115,348.803
1775545656334,1267,1,-0.0544739,-0.13366,0.0128957,0.0128975,0.0128992,0.012901,0.04,7.73805,7.37551,7.45014,0.0746279,16.5061,114,347.038
1775545656488,1268,1,-0.0524572,-0.12222,0.0100036,0.0100046,0.0100055,0.0100065,0.04,7.37551,6.92661,6.99686,0.0702529,14.6121,112,345.848
1775545656636,1269,1,-0.051549,-0.109351,0.0057493,0.00574902,0.00574874,0.00574845,0.04,6.92661,6.51536,6.58624,0.0708795,13.0242,110,345.965
1775545656787,1270,1,-0.0509407,-0.0995689,0.0146668,0.0146651,0.0146634,0.0146617,0.04,6.51536,6.21032,6.28738,0.0770559,11.9323,109,345.965
1775545657071,1271,1,-0.0483785,-0.0940988,0.0104378,0.010437,0.0104362,0.0104354,0.04,6.21032,5.88493,5.95257,0.067637,10.8439,108,345.148
1775545657299,1272,1,-0.0458803,-0.0869358,0.0103841,0.0103833,0.0103826,0.0103819,0.04,5.88493,5.51885,5.57859,0.0597396,9.7085,107,344.746
1775545657526,1273,1,-0.044121,-0.0739668,0.0221753,0.0221725,0.0221696,0.0221667,0.04,5.51885,5.04872,5.10475,0.0560308,8.37982,105,345.17
1775545657741,1274,1,-0.0419917,-0.0696114,0.0136636,0.0136626,0.0136616,0.0136606,0.04,5.04872,4.7826,4.83564,0.0530376,7.68786,105,345.044
1775545657953,1275,1,-0.0404118,-0.0641799,0.00828879,0.00828845,0.0082881,0.00828775,0.04,4.7826,4.52586,4.57339,0.0475302,7.05885,104,345.437
1775545658196,1276,1,-0.0385055,-0.0587715,0.00774784,0.00774756,0.00774728,0.007747,0.04,4.52586,4.24799,4.28958,0.0415916,6.41832,103,344.523
1775545658427,1277,1,-0.0366829,-0.0513802,0.0148463,0.0148454,0.0148445,0.0148436,0.04,4.24799,3.92351,3.96031,0.0367999,5.72,103,343.716
1775545658621,1278,1,-0.0358108,-0.047327,0.0193903,0.0193889,0.0193875,0.0193861,0.04,3.92351,3.75443,3.79513,0.0407083,5.37602,102,343.365
1775545658766,1279,1,-0.035076,-0.0421599,0.0189139,0.0189128,0.0189116,0.0189103,0.04,3.75443,3.56396,3.60175,0.0377889,5.00392,102,343.279
1775545658885,1280,1,-0.0330379,-0.0397667,0.014762,0.0147614,0.0147607,0.01476,0.04,3.56396,3.35792,3.38933,0.0314164,4.61885,102,342.308
1775545659006,1281,1,-0.0328027,-0.0365959,0.0196748,0.0196737,0.0196726,0.0196715,0.04,3.35792,3.25672,3.2923,0.0355818,4.43606,101,342.407
1775545659123,1282,1,-0.0314121,-0.0378445,0.0102299,0.0102296,0.0102293,0.010229,0.04,3.25672,3.19298,3.22511,0.0321252,4.32298,101,341.94
1775545659247,1283,1,-0.0311161,-0.0347258,0.0151045,0.0151038,0.0151032,0.0151026,0.04,3.19298,3.08903,3.11983,0.0308073,4.14189,101,341.781
1775545659366,1284,1,-0.0305156,-0.0339256,0.0113885,0.0113882,0.0113878,0.0113875,0.04,3.08903,3.02534,3.05569,0.0303402,4.03295,101,341.791
1775545659477,1285,1,-0.0293696,-0.0339725,0.00511221,0.00511214,0.00511207,0.005112,0.04,3.02534,2.94651,2.97275,0.0262425,3.90012,101,341.737
1775545659614,1286,1,-0.0289513,-0.032078,0.00718707,0.00718694,0.00718681,0.00718668,0.04,2.94651,2.86676,2.89248,0.0257249,3.76797,101,341.935
1775545659737,1287,1,-0.02811,-0.0293555,0.0129444,0.012944,0.0129436,0.0129432,0.04,2.86676,2.73601,2.75905,0.0230319,3.55604,101,341.614
1775545659862,1288,1,-0.0270065,-0.0301423,0.00294554,0.00294552,0.0029455,0.00294548,0.04,2.73601,2.67951,2.70169,0.0221858,3.4662,100,341.772
1775545659964,1289,1,-0.026937,-0.0275386,0.00854765,0.00854749,0.00854733,0.00854717,0.04,2.67951,2.60522,2.62748,0.022264,3.34964,100,342.159
1775545660061,1290,1,-0.0267252,-0.0248345,0.0166509,0.0166504,0.0166498,0.0166493,0.04,2.60522,2.51879,2.54146,0.02267,3.2162,100,342.144
1775545660179,1291,1,-0.0264587,-0.0237181,0.016604,0.0166035,0.016603,0.0166025,0.04,2.51879,2.47019,2.49389,0.0236983,3.14218,100,342.666
1775545660292,1292,1,-0.0261553,-0.0207122,0.0242346,0.0242336,0.0242326,0.0242316,0.04,2.47019,2.36922,2.39125,0.0220311,2.99058,100,342.176
1775545660398,1293,1,-0.0252074,-0.0186772,0.0263509,0.0263499,0.0263488,0.0263477,0.04,2.36922,2.24911,2.26886,0.0197439,2.81402,100,341.651
1775545660516,1294,1,-0.0249381,-0.0168219,0.0300659,0.0300647,0.0300634,0.0300621,0.04,2.24911,2.18095,2.20293,0.0219779,2.71556,100,341.109
1775545660636,1295,1,-0.0241903,-0.0162818,0.0253636,0.0253627,0.0253619,0.025361,0.04,2.18095,2.11398,2.13402,0.0200374,2.62003,100,340.721
1775545660752,1296,1,-0.0234636,-0.0134902,0.0304912,0.0304902,0.0304891,0.030488,0.04,2.11398,1.98918,2.00604,0.0168637,2.44497,99,340.309
1775545660871,1297,1,-0.0231858,-0.00986683,0.0404749,0.0404735,0.0404721,0.0404705,0.04,1.98918,1.87364,1.89156,0.0179166,2.28624,99,339.894
1775545660991,1298,1,-0.0225196,-0.00858124,0.0459228,0.0459213,0.0459196,0.0459177,0.04,1.87364,1.79375,1.81289,0.0191346,2.17825,99,339.649
1775545661100,1299,1,-0.0218658,-0.00686147,0.0479911,0.0479898,0.0479882,0.0479864,0.04,1.79375,1.70247,1.72019,0.017724,2.05652,99,339.646
1775545661218,1300,1,-0.0211436,-0.00640533,0.0455006,0.0454994,0.0454981,0.0454966,0.04,1.70247,1.63988,1.65755,0.0176605,1.97407,99,339.416
1775545661368,1301,1,-0.020918,-0.00281276,0.0575567,0.0575558,0.0575545,0.0575528,0.04,1.63988,1.52912,1.54531,0.0161905,1.82999,99,339.374
1775545662189,1302,1,-0.0195814,-0.00329156,0.0565508,0.0565498,0.0565484,0.0565467,0.04,1.52912,1.44963,1.46539,0.0157609,1.728,99,339.308
1775545662309,1303,1,-0.0112737,-0.0117669,0.0186961,0.0186958,0.0186955,0.0186951,0.04,1.44963,1.09926,1.08871,0.0105432,1.29071,98,338.629
1775545662407,1304,1,-0.0093402,-0.0181082,0.0311025,0.0311039,0.0311052,0.0311064,0.04,1.09926,1.13917,1.14735,0.00818038,1.33961,98,338.541
1775545662509,1305,1,-0.00767756,-0.0235617,0.0926187,0.0926336,0.092647,0.0926587,0.04,1.13917,1.18159,1.19529,0.0136945,1.39182,98,338.401
1775545662784,1306,1,-0.0066412,-0.0267148,0.11898,0.119008,0.119032,0.119053,0.04,1.18159,1.19948,1.2133,0.0138206,1.41392,98,338.882
1775545662905,1307,1,-0.0116194,0.0101314,0.0406874,0.0406886,0.0406897,0.0406907,0.04,1.19948,0.53464,0.510684,0.0239565,0.617893,98,342.02
1775545663009,1308,1,-0.0118021,0.0165649,0.0718418,0.071848,0.0718536,0.0718584,0.04,0.53464,0.378314,0.381484,0.00316969,0.436144,97,341.579
1775545663733,1309,1,-0.0110034,0.0200085,0.0964085,0.0964221,0.0964339,0.0964439,0.04,0.378314,0.23399,0.238708,0.00471844,0.269344,97,341.072
1775545663846,1310,1,-0.00368175,0.0104495,0.0428147,0.0428161,0.0428174,0.0428185,0.04,0.23399,-0.0215412,-0.0312653,0.00972409,-0.0247725,97,334.405
1775545663952,1311,1,-0.00191229,0.00453614,0.011111,0.0111109,0.0111109,0.0111108,0.04,-0.0215412,0.0111404,0.0127773,0.00163692,0.0128115,97,333.72
1775545664068,1312,1,-0.00288894,0.0112424,0.0481317,0.0481336,0.0481353,0.0481368,0.04,0.0111404,-0.0968581,-0.0989842,0.00212619,-0.111405,97,333.057
1775545664187,1313,1,-0.000802611,0.00385864,0.0214131,0.0214133,0.0214134,0.0214135,0.04,-0.0968581,-0.0455091,-0.04249,0.0030191,-0.0523374,97,333.243
1775545664319,1314,1,-1.02584e-06,2.56648e-06,4.57662e-06,4.57662e-06,4.57662e-06,4.57662e-06,0.04,-0.0455091,2.15902e-06,0.000470161,0.000468002,2.48287e-06,97,333.723
1775545664436,1315,1,0.00341122,-0.0119721,0.0458613,0.0458632,0.0458649,0.0458664,0.04,2.15902e-06,0.0954457,0.100656,0.00520988,0.10978,97,334.552
1775545664928,1316,1,0.000999035,2.36356e-06,3.89201e-06,3.89201e-06,3.89201e-06,3.89201e-06,0.04,0.0954457,-0.0690244,-0.0794353,0.0104109,-0.0793847,97,335.578
1775545665039,1317,1,0.00361168,0.00183423,0.00955751,0.00955752,0.00955753,0.00955754,0.04,-0.0690244,-0.297373,-0.311036,0.013663,-0.342505,97,338.875
1775545665147,1318,1,0.00303399,0.0081591,0.0375455,0.0375463,0.037547,0.0375477,0.04,-0.297373,-0.424005,-0.430352,0.00634721,-0.48913,97,339.635
1775545665266,1319,1,0.00499917,2.07729e-06,3.58337e-06,3.58337e-06,3.58337e-06,3.58337e-06,0.04,-0.424005,-0.345137,-0.344185,0.000951976,-0.39773,97,340.315
1775545665361,1320,1,0.00433895,0.00898071,0.0424014,0.0424025,0.0424036,0.0424045,0.04,-0.345137,-0.535508,-0.545313,0.00980443,-0.618906,96,341.05
1775545666341,1321,1,0.00644991,0.00290029,0.0224694,0.0224695,0.0224695,0.0224696,0.04,-0.535508,-0.52006,-0.521012,0.000952542,-0.600882,96,341.75
1775545666453,1322,1,0.0261163,-0.0688466,0.402173,0.40298,0.403655,0.404198,0.04,-0.52006,0.122395,0.167623,0.0452285,0.14079,97,341.937
1775545666568,1323,1,0.0287433,-0.0785371,0.465075,0.466306,0.467335,0.468158,0.04,0.122395,0.2131,0.208973,0.00412688,0.245259,97,341.296
1775545666671,1324,1,0.030356,-0.0837581,0.500939,0.502463,0.503733,0.504747,0.04,0.2131,0.2487,0.237134,0.0115662,0.286312,97,342.329
1775545668052,1325,1,0.0287752,-0.0788522,0.511416,0.5129,0.514113,0.515053,0.04,0.2487,0.226852,0.210507,0.0163446,0.261113,97,339.731
1775545668146,1326,1,0.0368221,-0.0860309,0.901439,0.906193,0.909456,0.911202,0.04,0.226852,-0.0721936,-0.122042,0.0498486,-0.0830302,97,337.078
1775545668277,1327,1,0.0383232,-0.0933847,0.97827,0.984358,0.988539,0.990773,0.04,-0.0721936,0.0353928,0.0250616,0.0103312,0.0407026,97,336.836
1775545669597,1328,1,0.0402567,-0.0979009,1.05209,1.05945,1.06444,1.06699,0.04,0.0353928,0.0359368,0.0200462,0.0158906,0.0413282,97,337.952
1775545669704,1329,1,0.0311545,-0.000446916,1.17495,1.17336,1.1685,1.16045,0.04,0.0359368,-1.95463,-2.08541,0.130782,-2.39718,95,338.087
1775545669822,1330,1,0.0343862,-0.0109696,1.32126,1.32041,1.31491,1.30486,0.04,-1.95463,-1.8706,-1.84991,0.0206939,-2.2821,95,339.569
1775545669954,1331,1,0.0342882,-0.00174874,1.34547,1.34325,1.33614,1.32427,0.04,-1.8706,-2.10985,-2.10943,0.000413895,-2.61416,94,339.563
1775545671193,1332,1,0.0347337,0.00508405,1.37686,1.37347,1.36486,1.35119,0.04,-2.10985,-2.32097,-2.31697,0.00399899,-2.91917,94,339.221
1775545671312,1333,1,0.0338507,0.113617,1.53619,1.51161,1.48055,1.44372,0.04,-2.32097,-5.17732,-5.2459,0.0685844,-8.72944,88,350.955
1775545671410,1334,1,0.0357109,0.112313,1.67371,1.64446,1.60691,1.56203,0.04,-5.17732,-5.25138,-5.25057,0.000808239,-8.93544,88,353.251
1775545671507,1335,1,0.0364494,0.118295,1.72868,1.69592,1.65412,1.60445,0.04,-5.25138,-5.45699,-5.46239,0.00539207,-9.52559,87,355.51
1775545672255,1336,1,0.0370765,0.127775,1.81832,1.77933,1.73005,1.67199,0.04,-5.45699,-5.74526,-5.75625,0.0109921,-10.3998,87,358.599
1775545672376,1337,1,0.0274645,0.233872,1.43387,1.39229,1.34664,1.29777,0.04,-5.74526,-8.00854,-8.01701,0.00846672,-19.4827,78,369.669
1775545672480,1338,1,0.0249071,0.260015,1.20163,1.16935,1.13481,1.09846,0.04,-8.00854,-8.57098,-8.57994,0.00895309,-22.4494,75,370.601
1775545674337,1339,1,0.0184994,0.306665,0.763908,0.748505,0.732592,0.71625,0.04,-8.57098,-9.45196,-9.44949,0.00246239,-25,72,370.656
1775545674460,1340,1,0.00949238,0.333316,0.743131,0.727119,0.710705,0.693966,0.04,-9.45196,-9.55413,-9.55721,0.00307465,-25,72,380.6
1775545674553,1341,1,0.00364097,0.36144,0.464106,0.457269,0.450346,0.44335,0.04,-9.55413,-9.95104,-9.94053,0.0105124,-25,72,381.067
1775545674646,1342,1,0.00406545,0.354003,0.62107,0.609098,0.596917,0.584569,0.04,-9.95104,-9.75649,-9.75935,0.00286007,-25,72,383.263
1775545677271,1343,1,0.00416701,0.348609,0.723149,0.707183,0.690884,0.674326,0.04,-9.75649,-9.60309,-9.6072,0.00411129,-25,72,385.29
1775545677385,1344,1,-0.0068648,0.303964,1.72444,1.64509,1.56095,1.47403,0.04,-9.60309,-7.50185,-7.45549,0.0463605,-17.0709,80,400.921
1775545677483,1345,1,-0.00854616,0.310272,1.69761,1.61905,1.5361,1.45066,0.04,-7.50185,-7.56008,-7.54747,0.0126076,-17.336,80,401.224
1775545677581,1346,1,-0.00822518,0.305266,1.7859,1.7003,1.60951,1.51584,0.04,-7.56008,-7.43591,-7.4234,0.0125117,-16.7744,80,402.033
1775545678895,1347,1,-0.00958309,0.309464,1.7268,1.6457,1.55998,1.47167,0.04,-7.43591,-7.46306,-7.4488,0.0142589,-16.8959,80,402.014
1775545679035,1348,1,0.039321,0.0641067,7.22695,6.62424,5.56198,4.39614,0.04,-7.46306,-3.63851,-4.60218,0.963671,-5.14768,92,422.902
1775545679151,1349,1,0.0105932,0.223135,5.35299,4.72869,3.99598,3.27685,0.04,-3.63851,-6.16248,-6.24425,0.0817719,-11.7674,85,413.22
1775545679279,1350,1,-0.0261855,0.46212,0.586191,0.571282,0.55641,0.541614,0.04,-6.16248,-10.5975,-10.5345,0.0630445,-25,72,405.745
1775545680041,1351,1,-0.0264166,0.470676,0.66349,0.643912,0.624429,0.605103,0.04,-10.5975,-10.8023,-10.8102,0.00787449,-25,72,405.639
1775545680150,1352,1,-0.00228397,0.301109,1.08925,1.05833,1.02599,0.992554,0.04,-10.8023,-7.82189,-7.74005,0.0818415,-18.5664,78,350
1775545680255,1353,1,-0.0032732,0.308362,1.04074,1.0118,0.981655,0.950587,0.04,-7.82189,-7.95649,-7.94914,0.00735664,-19.2238,78,350
1775545681174,1354,1,-0.00361592,0.310165,1.02469,0.996466,0.967097,0.936853,0.04,-7.95649,-7.98384,-7.97448,0.00936604,-19.3595,78,350
1775545681285,1355,1,-0.00766378,0.357354,0.793088,0.773298,0.753111,0.732635,0.04,-7.98384,-9.01319,-9.02154,0.00834751,-25,72,350
1775545681392,1356,1,-0.0074888,0.361778,0.766552,0.7478,0.728703,0.709354,0.04,-9.01319,-9.14861,-9.14984,0.00122643,-25,72,350
1775545681503,1357,1,-0.00727409,0.366984,0.727489,0.710319,0.692865,0.675205,0.04,-9.14861,-9.30973,-9.31081,0.00107861,-25,72,350
1775545681603,1358,1,-0.00626567,0.370803,0.702769,0.686552,0.670086,0.653441,0.04,-9.30973,-9.48611,-9.48712,0.00100803,-25,72,350
1775545681724,1359,1,-0.00521437,0.371998,0.672721,0.657808,0.642678,0.627389,0.04,-9.48611,-9.59525,-9.59572,0.000473976,-25,72,350
1775545681870,1360,1,-0.00535243,0.377763,0.612527,0.599941,0.587197,0.574337,0.04,-9.59525,-9.75017,-9.74859,0.00158405,-25,72,350
1775545681985,1361,1,-0.00492739,0.378433,0.578557,0.567308,0.555926,0.544442,0.04,-9.75017,-9.80252,-9.80063,0.00188732,-25,72,350
1775545682115,1362,1,-0.00541991,0.384113,0.503679,0.495004,0.486243,0.477418,0.04,-9.80252,-9.93291,-9.92771,0.00519753,-25,72,350
1775545682267,1363,1,-0.00541884,0.389262,0.436946,0.430313,0.423627,0.416899,0.04,-9.93291,-10.0819,-10.0747,0.00721741,-25,72,350
1775545682372,1364,1,-0.00553513,0.394859,0.346757,0.342508,0.338234,0.333938,0.04,-10.0819,-10.2386,-10.2298,0.00876427,-25,72,350
1775545682523,1365,1,-0.00457288,0.39099,0.338235,0.334242,0.330224,0.326185,0.04,-10.2386,-10.2017,-10.1975,0.00423622,-25,72,350
1775545682622,1366,1,-0.005712,0.398748,0.239489,0.237439,0.235381,0.233315,0.04,-10.2017,-10.3477,-10.3393,0.0084219,-25,72,350
1775545682759,1367,1,-0.00538134,0.399863,0.20207,0.200606,0.199137,0.197663,0.04,-10.3477,-10.4064,-10.4009,0.00551605,-25,72,350
1775545682875,1368,1,-0.00582059,0.401789,0.163084,0.162125,0.161164,0.160199,0.04,-10.4064,-10.4341,-10.4298,0.004282,-25,72,350
1775545682981,1369,1,-0.00518072,0.402581,0.117607,0.117108,0.116607,0.116105,0.04,-10.4341,-10.5067,-10.5014,0.00533676,-25,72,350
1775545683092,1370,1,-0.00281242,0.396034,0.084539,0.0842862,0.0840329,0.0837792,0.04,-10.5067,-10.4984,-10.4957,0.00269318,-25,72,350
1775545683195,1371,1,-0.00313406,0.400304,0.0457412,0.0456662,0.0455911,0.045516,0.04,-10.4984,-10.5977,-10.5905,0.00722027,-25,72,350
1775545683313,1372,1,-0.00218488,0.395931,0.0209431,0.0209276,0.0209121,0.0208965,0.04,-10.5977,-10.5489,-10.5456,0.00335789,-25,72,350
1775545683432,1373,1,-0.00172642,0.392726,0.0201434,0.0201576,0.0201717,0.0201859,0.04,-10.5489,-10.4941,-10.4906,0.00342369,-25,72,350
1775545683558,1374,1,-0.00182547,0.392812,0.0852393,0.0854932,0.0857467,0.0859996,0.04,-10.4941,-10.4791,-10.4739,0.005229,-25,72,350
1775545683678,1375,1,0.000645336,0.381584,0.0899647,0.0902373,0.0905093,0.0907807,0.04,-10.4791,-10.3454,-10.344,0.00146008,-25,72,350
1775545683805,1376,1,0.00379763,0.367179,0.0816163,0.0818302,0.0820435,0.0822563,0.04,-10.3454,-10.175,-10.1751,0.000120163,-25,72,350
1775545683933,1377,1,0.00530807,0.359692,0.093916,0.094192,0.0944671,0.0947413,0.04,-10.175,-10.0748,-10.0725,0.0023489,-25,72,350
1775545684048,1378,1,0.0076701,0.346898,0.0916158,0.0918671,0.0921175,0.092367,0.04,-10.0748,-9.89242,-9.89234,8.01086e-05,-25,72,350
1775545684166,1379,1,0.0124282,0.3348,0.0953834,0.0956443,0.0959041,0.0961629,0.04,-9.89242,-9.8932,-9.8896,0.00359726,-25,72,350
1775545685092,1380,1,0.0128702,0.32232,0.0957028,0.0959537,0.0962036,0.0964523,0.04,-9.8932,-9.58634,-9.5893,0.00295734,-25,72,350
1775545685205,1381,1,0.0189086,0.231217,0.0653609,0.0654412,0.0655211,0.0656005,0.04,-9.58634,-7.54521,-7.5348,0.0104141,-17.268,80,350
1775545685298,1382,1,0.0204974,0.213652,0.0442466,0.0442805,0.0443142,0.0443477,0.04,-7.54521,-7.18352,-7.17353,0.00998259,-15.6748,81,350
1775545686576,1383,1,0.0224105,0.199157,0.00899977,0.00900107,0.00900237,0.00900367,0.04,-7.18352,-6.92933,-6.91762,0.0117102,-14.6231,82,350
1775545686681,1384,1,0.0214161,0.105029,0.0455781,0.0455608,0.0455433,0.0455257,0.04,-6.92933,-4.31029,-4.20938,0.100912,-6.55842,90,350
1775545686780,1385,1,0.022133,0.0943099,0.0573068,0.0572822,0.0572573,0.0572321,0.04,-4.31029,-4.06821,-4.05595,0.0122657,-6.02505,91,350
1775545687722,1386,1,0.0211321,0.0906199,0.0610719,0.0610452,0.061018,0.0609903,0.04,-4.06821,-3.89876,-3.88918,0.00957298,-5.66882,91,350
1775545687839,1387,1,0.0207201,0.0478399,0.113601,0.113552,0.113499,0.113443,0.04,-3.89876,-2.70549,-2.64392,0.0615714,-3.50739,93,350
1775545687940,1388,1,0.0197163,0.0470453,0.110039,0.109993,0.109945,0.109894,0.04,-2.70549,-2.61531,-2.60991,0.00539637,-3.36537,94,350
1775545689421,1389,1,0.0191985,0.047059,0.107188,0.107145,0.107099,0.107051,0.04,-2.61531,-2.58038,-2.57769,0.00268722,-3.31106,94,350
1775545689523,1390,1,0.0176018,0.0252642,0.292006,0.291812,0.291569,0.291275,0.04,-2.58038,-1.85191,-1.80094,0.0509753,-2.25672,95,350
1775545689642,1391,1,0.0175843,0.0240265,0.309617,0.309407,0.309137,0.308808,0.04,-1.85191,-1.8143,-1.8095,0.00480342,-2.20589,95,350
1775545689777,1392,1,0.0190301,0.0149979,0.36871,0.3685,0.368189,0.367777,0.04,-1.8143,-1.66071,-1.64958,0.0111253,-2.00142,95,350
1775545691315,1393,1,3.25174,-1.54507,0.00423542,0.00731111,0.0142549,0.0336791,0.04,-1.66071,-28,-31.0973,3.09729,-25,72,405.639
1775545691433,1394,1,0.041907,-0.198032,1.39528,1.42385,1.44706,1.46442,0.04,-28,2.68934,4.20628,1.51694,3.48175,100,395.351
1775545691555,1395,1,0.0477056,-0.22186,1.49563,1.53299,1.56383,1.5874,0.04,2.68934,2.95155,2.97521,0.0236678,3.90853,101,400.054
1775545691688,1396,1,0.0366873,-0.18482,1.45208,1.48049,1.50277,1.51842,0.04,2.95155,2.70094,2.68564,0.0152993,3.50015,101,390.456
1775545691815,1397,1,0.0174222,-0.111385,1.27271,1.28488,1.29284,1.29645,0.04,2.70094,2.01234,1.96886,0.0434833,2.47718,99,374.82
1775545691937,1398,1,0.000531539,-0.046887,1.10591,1.10902,1.10937,1.10696,0.04,2.01234,1.40573,1.37023,0.0355027,1.67215,99,360.302
1775545692495,1399,1,0.000483753,-0.0392898,1.12574,1.12819,1.12772,1.12435,0.04,1.40573,1.20651,1.21483,0.00832117,1.42261,98,359.333
1775545692630,1400,1,0.00540065,-0.0155537,1.27605,1.27592,1.27158,1.26312,0.04,1.20651,0.247506,0.200064,0.0474424,0.284935,97,359.01
1775545692759,1401,1,0.00622113,-0.0102394,1.31923,1.31829,1.31272,1.30262,0.04,0.247506,0.053548,0.0810137,0.0274657,0.0615832,97,357.603
1775545692870,1402,1,0.00522001,0.00462213,1.32151,1.31854,1.31096,1.29888,0.04,0.053548,-0.279454,-0.262118,0.017336,-0.321809,97,355.962
1775545692996,1403,1,0.00463499,0.0153568,1.32217,1.31774,1.30872,1.29525,0.04,-0.279454,-0.529705,-0.502957,0.026748,-0.612134,96,355.187
1775545693120,1404,1,0.00402222,0.0285789,1.33756,1.33117,1.32005,1.30442,0.04,-0.529705,-0.843187,-0.818873,0.0243145,-0.981655,96,353.967
1775545693254,1405,1,3.04524e-05,0.0520466,1.32137,1.31197,1.2981,1.28,0.04,-0.843187,-1.20566,-1.18082,0.0248381,-1.42156,96,350.714
1775545693390,1406,1,-0.00211917,0.0745868,1.28168,1.27001,1.25434,1.23492,0.04,-1.20566,-1.67347,-1.65756,0.0159136,-2.01822,95,349.892
1775545693517,1407,1,-0.0131745,0.140249,1.0001,0.988044,0.974205,0.958716,0.04,-1.67347,-2.72891,-2.78801,0.059104,-3.54468,93,344.357
1775545693637,1408,1,0.000728926,0.0953991,1.30331,1.28843,1.26944,1.24666,0.04,-2.72891,-2.43051,-2.35118,0.0793283,-3.08225,94,355.326
1775545693743,1409,1,0.00505518,0.0914671,1.39725,1.38058,1.35885,1.33247,0.04,-2.43051,-2.60917,-2.56831,0.0408516,-3.35579,94,357.772
1775545693870,1410,1,0.00576635,0.0975647,1.41993,1.4017,1.37821,1.34991,0.04,-2.60917,-2.82014,-2.7821,0.0380387,-3.69174,93,358.178
1775545694006,1411,1,0.0067429,0.110232,1.42909,1.40857,1.38277,1.35221,0.04,-2.82014,-3.22933,-3.20614,0.0231946,-4.38728,93,357.454
1775545694137,1412,1,0.00792321,0.117718,1.46894,1.4459,1.41721,1.38345,0.04,-3.22933,-3.50804,-3.47807,0.0299675,-4.89767,92,357.248
1775545694278,1413,1,0.00939731,0.124239,1.50896,1.48339,1.45176,1.41476,0.04,-3.50804,-3.78088,-3.75363,0.0272489,-5.42897,92,358.018
1775545694412,1414,1,0.0102487,0.134898,1.50994,1.48239,1.44888,1.41012,0.04,-3.78088,-4.1283,-4.10763,0.0206785,-6.15471,91,358.574
1775545694533,1415,1,0.0102733,0.147144,1.5155,1.48548,1.44956,1.40851,0.04,-4.1283,-4.46107,-4.44153,0.0195384,-6.90583,90,359.444
1775545694655,1416,1,0.0108894,0.158219,1.53216,1.49933,1.46056,1.41666,0.04,-4.46107,-4.80139,-4.78537,0.0160222,-7.73536,89,360.76
1775545694801,1417,1,0.0104441,0.173923,1.52757,1.49197,1.45065,1.4045,0.04,-4.80139,-5.19678,-5.18504,0.011744,-8.78325,88,362.307
1775545694936,1418,1,0.0102633,0.188795,1.49471,1.45794,1.41599,1.36969,0.04,-5.19678,-5.59172,-5.58139,0.0103335,-9.92724,87,363.632
1775545695058,1419,1,0.0113753,0.200045,1.51003,1.47034,1.42546,1.3763,0.04,-5.59172,-5.97124,-5.96465,0.00659084,-11.1251,86,366.057
1775545695193,1420,1,0.0115699,0.211836,1.52172,1.4791,1.43133,1.37942,0.04,-5.97124,-6.30264,-6.29803,0.00460863,-12.2553,85,368.628
1775545695319,1421,1,0.0116771,0.221954,1.55057,1.5042,1.45257,1.39679,0.04,-6.30264,-6.58044,-6.57847,0.00197411,-13.2665,84,371.744
1775545695419,1422,1,0.0125555,0.232484,1.5625,1.51319,1.45869,1.40016,0.04,-6.58044,-6.92485,-6.92826,0.0034132,-14.605,82,374.837
1775545695565,1423,1,0.012642,0.239696,1.57435,1.52272,1.46592,1.40519,0.04,-6.92485,-7.12478,-7.12847,0.00368881,-15.4269,82,376.893
1775545695713,1424,1,0.0131465,0.247603,1.61325,1.55718,1.49574,1.43032,0.04,-7.12478,-7.36893,-7.37758,0.0086441,-16.4771,81,379.128
1775545695849,1425,1,0.0137879,0.256906,1.76056,1.69094,1.61478,1.53407,0.04,-7.36893,-7.64688,-7.66489,0.0180106,-17.7369,79,375.203
1775545695991,1426,1,0.0114915,0.28032,1.6169,1.55297,1.48437,1.41262,0.04,-7.64688,-8.141,-8.15335,0.0123568,-20.1532,77,376.956
1775545696112,1427,1,0.00517817,0.331667,1.0424,1.0109,0.978373,0.945104,0.04,-8.141,-9.17049,-9.17557,0.00508118,-25,72,383.697
1775545696237,1428,1,-0.00158601,0.380651,0.527216,0.517813,0.50831,0.498729,0.04,-9.17049,-10.1006,-10.0834,0.0171766,-25,72,382.425
1775545696356,1429,1,-0.00701839,0.417201,0.130394,0.12975,0.129106,0.12846,0.04,-10.1006,-10.7731,-10.7465,0.026597,-25,72,381.527
1775545696456,1430,1,-0.0125122,0.451879,0.276314,0.279525,0.282731,0.28593,0.04,-10.7731,-11.3067,-11.2461,0.0605946,-25,72,379.8
1775545696556,1431,1,-0.0133972,0.456751,0.317087,0.321379,0.325665,0.32994,0.04,-11.3067,-11.3704,-11.317,0.0534277,-25,72,379.711
1775545696666,1432,1,-0.0114616,0.445482,0.209901,0.211718,0.213532,0.215343,0.04,-11.3704,-11.2174,-11.1975,0.0199356,-25,72,380.284
1775545696767,1433,1,-0.0121313,0.447738,0.220073,0.222085,0.224093,0.226098,0.04,-11.2174,-11.2305,-11.2019,0.028595,-25,72,380.042
1775545696905,1434,1,-0.0138901,0.457662,0.403584,0.410555,0.417512,0.424443,0.04,-11.2305,-11.3463,-11.2706,0.0756807,-25,72,379.146
1775545697054,1435,1,-0.0114036,0.440345,0.264983,0.267833,0.270676,0.27351,0.04,-11.3463,-11.0734,-11.0468,0.0266094,-25,72,380.079
1775545697171,1436,1,-0.00945565,0.424475,0.166057,0.167122,0.168186,0.169247,0.04,-11.0734,-10.7953,-10.7886,0.00668049,-25,72,380.525
1775545697294,1437,1,-0.00752385,0.41102,0.0481849,0.048271,0.048357,0.0484429,0.04,-10.7953,-10.584,-10.5857,0.0017662,-25,72,381.332
1775545697410,1438,1,-0.00608122,0.399764,0.00448704,0.00448776,0.00448848,0.0044892,0.04,-10.584,-10.3862,-10.3864,0.000128746,-25,72,381.586
1775545697518,1439,1,-0.00411588,0.384576,0.158995,0.158133,0.157267,0.156399,0.04,-10.3862,-10.0872,-10.0911,0.00396633,-25,72,381.892
1775545697638,1440,1,-0.00169981,0.36944,0.315719,0.312477,0.309208,0.305915,0.04,-10.0872,-9.82082,-9.8201,0.0007267,-25,72,382.611
1775545697763,1441,1,-0.000153445,0.355009,0.44625,0.440065,0.433799,0.427462,0.04,-9.82082,-9.51794,-9.51495,0.00298977,-25,72,383.444
1775545697904,1442,1,0.00146065,0.34087,0.647055,0.634618,0.621923,0.609015,0.04,-9.51794,-9.21777,-9.21557,0.00219917,-25,72,384.514
1775545698027,1443,1,0.00274339,0.327671,0.789415,0.771682,0.753452,0.734826,0.04,-9.21777,-8.92909,-8.92678,0.00230789,-24.5065,72,385.621
1775545698182,1444,1,0.000876892,0.332831,0.744296,0.728261,0.711819,0.695051,0.04,-8.92909,-8.94612,-8.94422,0.00190258,-24.6078,72,386.615
1775545698303,1445,1,0.000375129,0.323901,0.913998,0.890479,0.866197,0.841325,0.04,-8.94612,-8.64629,-8.64078,0.00551224,-22.8709,74,388.32
1775545698432,1446,1,-0.00388489,0.344448,0.689192,0.6749,0.660307,0.645473,0.04,-8.64629,-8.9395,-8.93742,0.00208282,-24.5684,72,389.427
1775545698544,1447,1,-0.00898422,0.368002,0.433035,0.426955,0.420807,0.414604,0.04,-8.9395,-9.26157,-9.25081,0.0107546,-25,72,391.005
1775545698674,1448,1,-0.0106764,0.374734,0.413963,0.408284,0.40255,0.39677,0.04,-9.26157,-9.32961,-9.32007,0.00954723,-25,72,394.231
1775545698797,1449,1,-0.0117535,0.367695,0.563113,0.552823,0.542394,0.531854,0.04,-9.32961,-9.04321,-9.03523,0.00798702,-25,72,398.327
1775545698929,1450,1,-0.0154693,0.375484,0.49537,0.487209,0.478959,0.470636,0.04,-9.04321,-9.00713,-8.99803,0.00910854,-24.9729,72,401.375
1775545699059,1451,1,-0.0182682,0.384549,0.424523,0.418356,0.412137,0.405876,0.04,-9.00713,-9.0694,-9.05941,0.0099926,-25,72,404.097
1775545699225,1452,1,-0.0187874,0.379665,0.503776,0.49522,0.486575,0.477859,0.04,-9.0694,-8.88996,-8.87979,0.0101738,-24.2752,73,405.784
1775545699399,1453,1,-0.0194201,0.371409,0.560275,0.549965,0.539523,0.528977,0.04,-8.88996,-8.61486,-8.60262,0.0122356,-22.6942,74,410.599
1775545699542,1454,1,-0.0224368,0.388872,0.419033,0.412942,0.406803,0.400625,0.04,-8.61486,-8.8993,-8.89017,0.00913334,-24.3303,73,413.244
1775545699660,1455,1,-0.0205967,0.375176,0.639376,0.625772,0.611985,0.598064,0.04,-8.8993,-8.62419,-8.61441,0.00978184,-22.7466,74,414.636
1775545699803,1456,1,-0.0193331,0.361438,0.830369,0.808371,0.785942,0.763212,0.04,-8.62419,-8.3131,-8.30161,0.0114937,-21.05,76,415.402
1775545699938,1457,1,-0.0181629,0.353247,0.980724,0.95079,0.920125,0.888973,0.04,-8.3131,-8.15175,-8.1402,0.0115519,-20.2083,77,415.505
1775545700108,1458,1,-0.0158738,0.336266,1.16937,1.12903,1.08733,1.04474,0.04,-8.15175,-7.82509,-7.79813,0.0269637,-18.5818,78,415.128
1775545700238,1459,1,-0.0129225,0.316341,1.42036,1.36449,1.30598,1.24579,0.04,-7.82509,-7.45685,-7.42098,0.0358734,-16.8681,80,414.508
1775545700357,1460,1,-0.0108058,0.30256,1.55786,1.49363,1.4257,1.35541,0.04,-7.45685,-7.21225,-7.18129,0.0309601,-15.7972,81,414.217
1775545700487,1461,1,-0.00980287,0.290127,1.68991,1.6174,1.53993,1.45931,0.04,-7.21225,-6.92811,-6.89954,0.0285721,-14.6181,82,413.981
1775545700612,1462,1,-0.00944802,0.287213,1.7404,1.66421,1.58257,1.4975,0.04,-6.92811,-6.86737,-6.84682,0.0205483,-14.3749,83,413.498
1775545700748,1463,1,-0.009941,0.292334,1.71459,1.63931,1.55895,1.47543,0.04,-6.86737,-6.97532,-6.95774,0.0175819,-14.8093,82,413.208
1775545700905,1464,1,-0.0122853,0.311248,1.4616,1.40344,1.34231,1.27929,0.04,-6.97532,-7.35748,-7.341,0.0164781,-16.4267,81,412.949
1775545701039,1465,1,-0.0156031,0.337161,1.13923,1.10084,1.0612,1.02073,0.04,-7.35748,-7.87177,-7.87133,0.000433445,-18.808,78,413.286
1775545701164,1466,1,-0.021599,0.380708,0.622502,0.609377,0.596094,0.582697,0.04,-7.87177,-8.70699,-8.71386,0.00686741,-23.2149,74,412.319
1775545701300,1467,1,-0.0244315,0.404023,0.395733,0.390034,0.384304,0.378549,0.04,-8.70699,-9.17469,-9.16547,0.00922012,-25,72,411.44
1775545701429,1468,1,-0.0275619,0.429749,0.140089,0.139317,0.138543,0.137769,0.04,-9.17469,-9.69267,-9.6803,0.0123615,-25,72,410.907
1775545701558,1469,1,-0.0328215,0.465509,0.135488,0.136293,0.137098,0.137903,0.04,-9.69267,-10.2964,-10.2688,0.027648,-25,72,410.92
1775545701686,1470,1,-0.0353055,0.48117,0.316106,0.3207,0.325297,0.329893,0.04,-10.2964,-10.5182,-10.458,0.060257,-25,72,411.408
1775545701823,1471,1,-0.0383516,0.496706,0.529182,0.542678,0.55621,0.569745,0.04,-10.5182,-10.6907,-10.5759,0.114814,-25,72,412.017
1775545701966,1472,1,-0.040988,0.506956,0.644923,0.665604,0.68638,0.707173,0.04,-10.6907,-10.7647,-10.6227,0.141984,-25,72,412.906
1775545702103,1473,1,-0.045077,0.522081,0.762768,0.793061,0.823599,0.854219,0.04,-10.7647,-10.8689,-10.6999,0.168938,-25,72,414.367
1775545702251,1474,1,-0.0455728,0.521454,0.733403,0.761351,0.789517,0.817764,0.04,-10.8689,-10.8233,-10.6591,0.16417,-25,72,415.492
1775545702394,1475,1,-0.041121,0.491213,0.351482,0.357335,0.363199,0.369066,0.04,-10.8233,-10.3823,-10.3199,0.0624409,-25,72,418.726
1775545702535,1476,1,-0.0365052,0.462067,0.142493,0.143374,0.144255,0.145136,0.04,-10.3823,-9.94816,-9.93962,0.0085392,-25,72,422.463
1775545702673,1477,1,-0.0347472,0.449782,0.0432356,0.0433138,0.0433919,0.0434701,0.04,-9.94816,-9.75341,-9.75451,0.00110054,-25,72,424.667
1775545702815,1478,1,-0.0302414,0.420909,0.271507,0.268682,0.26585,0.263011,0.04,-9.75341,-9.24892,-9.24217,0.00674725,-25,72,428.084
1775545702963,1479,1,-0.0324694,0.433253,0.164703,0.163623,0.162543,0.161461,0.04,-9.24892,-9.44491,-9.43781,0.00710106,-25,72,428.675
1775545703126,1480,1,-0.0319146,0.425935,0.271868,0.268991,0.266108,0.26322,0.04,-9.44491,-9.26917,-9.26148,0.00768948,-25,72,430.323
1775545703269,1481,1,-0.0323573,0.425914,0.284939,0.281779,0.278612,0.275439,0.04,-9.26917,-9.23605,-9.22767,0.00838184,-25,72,430.689
1775545703422,1482,1,-0.0316491,0.418166,0.38928,0.383518,0.377734,0.371935,0.04,-9.23605,-9.05998,-9.05058,0.00939846,-25,72,430.749
1775545703569,1483,1,-0.0319531,0.419712,0.37829,0.372824,0.367337,0.361838,0.04,-9.05998,-9.08237,-9.07372,0.00864983,-25,72,430.217
1775545703715,1484,1,-0.0310776,0.411455,0.461464,0.45353,0.445554,0.437551,0.04,-9.08237,-8.9074,-8.89829,0.0091095,-24.3781,73,430.018
1775545703857,1485,1,-0.0306521,0.406252,0.484831,0.476212,0.46754,0.458832,0.04,-8.9074,-8.79267,-8.784,0.00867081,-23.707,73,429.522
1775545704036,1486,1,-0.0314181,0.409402,0.437164,0.43009,0.422978,0.41584,0.04,-8.79267,-8.83187,-8.82374,0.00812817,-23.9347,73,428.708
1775545704236,1487,1,-0.0314849,0.410677,0.361801,0.356939,0.352055,0.347155,0.04,-8.83187,-8.87283,-8.86342,0.00941753,-24.1744,73,427.203
1775545704443,1488,1,-0.0313007,0.409388,0.327933,0.323956,0.319961,0.315953,0.04,-8.87283,-8.85574,-8.8459,0.00984478,-24.0742,73,425.866
1775545704591,1489,1,-0.0291205,0.39682,0.390782,0.38535,0.379884,0.374389,0.04,-8.85574,-8.65712,-8.64473,0.0123949,-22.932,74,424.173
1775545704741,1490,1,-0.028922,0.393472,0.327687,0.32391,0.32011,0.316292,0.04,-8.65712,-8.58967,-8.57823,0.011445,-22.5535,74,422.291
1775545704887,1491,1,-0.0269679,0.382964,0.364,0.359493,0.354951,0.350379,0.04,-8.58967,-8.43502,-8.42142,0.0135965,-21.7032,75,421.299
1775545705041,1492,1,-0.0243328,0.366371,0.504326,0.496115,0.4878,0.4794,0.04,-8.43502,-8.14759,-8.13013,0.0174599,-20.187,77,419.028
1775545705190,1493,1,-0.0231853,0.35963,0.518468,0.509979,0.501372,0.492665,0.04,-8.14759,-8.04242,-8.0279,0.0145178,-19.6525,77,417.328
1775545705346,1494,1,-0.0233409,0.355174,0.509284,0.501216,0.493029,0.484744,0.04,-8.04242,-7.91252,-7.89643,0.0160899,-19.0071,78,415.457
1775545705492,1495,1,-0.0233089,0.352113,0.492133,0.484678,0.477113,0.469455,0.04,-7.91252,-7.83446,-7.81878,0.015687,-18.627,78,413.679
1775545705668,1496,1,-0.0235841,0.351845,0.45051,0.444272,0.437949,0.431552,0.04,-7.83446,-7.81431,-7.79928,0.015027,-18.5298,78,412.146
1775545705837,1497,1,-0.0247843,0.355463,0.343626,0.339958,0.336253,0.332513,0.04,-7.81431,-7.84519,-7.83144,0.013752,-18.6789,78,409.092
1775545705998,1498,1,-0.0237849,0.351287,0.294745,0.292087,0.289404,0.286698,0.04,-7.84519,-7.80868,-7.79454,0.0141411,-18.5028,78,405.686
1775545706144,1499,1,-0.0231311,0.348792,0.227294,0.225729,0.224151,0.222562,0.04,-7.80868,-7.79662,-7.78502,0.0116048,-18.4448,79,401.922
1775545706293,1500,1,-0.0223758,0.345897,0.164854,0.164039,0.16322,0.162396,0.04,-7.79662,-7.78013,-7.77106,0.00906897,-18.3658,79,398.343
1775545706466,1501,1,-0.0228781,0.347858,0.0954076,0.0951333,0.0948581,0.0945819,0.04,-7.78013,-7.80926,-7.80372,0.0055418,-18.5055,78,395.376
1775545706627,1502,1,-0.0223936,0.343863,0.0413518,0.0413011,0.0412502,0.0411993,0.04,-7.80926,-7.74322,-7.73856,0.00466585,-18.19,79,392.078
1775545706781,1503,1,-0.0206693,0.334891,0.0392179,0.0391737,0.0391294,0.039085,0.04,-7.74322,-7.62005,-7.61426,0.00579405,-17.6123,79,390.625
1775545706966,1504,1,-0.0209283,0.333929,0.0109631,0.0109597,0.0109562,0.0109528,0.04,-7.62005,-7.58062,-7.57594,0.0046773,-17.4302,80,389.188
1775545707140,1505,1,-0.018547,0.322016,0.0154283,0.0154218,0.0154153,0.0154087,0.04,-7.58062,-7.42226,-7.41544,0.00682402,-16.7135,80,388.091
1775545707369,1506,1,-0.0158415,0.306207,0.0533279,0.0532543,0.0531804,0.0531064,0.04,-7.42226,-7.1757,-7.16568,0.0100179,-15.6417,81,387.087
1775545707614,1507,1,-0.0139445,0.291688,0.0512743,0.0512099,0.0511453,0.0510806,0.04,-7.1757,-6.9145,-6.90301,0.0114846,-14.5633,82,384.326
1775545707779,1508,1,-0.0125761,0.280404,0.0352824,0.0352533,0.0352241,0.0351948,0.04,-6.9145,-6.70643,-6.69528,0.0111465,-13.745,83,380.987
1775545707933,1509,1,-0.0103684,0.267911,0.0415987,0.0415602,0.0415216,0.041483,0.04,-6.70643,-6.52009,-6.50838,0.0117111,-13.0417,84,379.63
1775545708101,1510,1,-0.00978272,0.260497,0.033538,0.0335138,0.0334895,0.0334651,0.04,-6.52009,-6.36138,-6.34997,0.0114098,-12.4641,85,378.216
1775545708273,1511,1,-0.00871871,0.25319,0.0175475,0.017541,0.0175346,0.0175282,0.04,-6.36138,-6.23981,-6.22897,0.0108395,-12.0348,85,377.339
1775545708427,1512,1,-0.00722591,0.244029,0.00872176,0.00872024,0.00871871,0.00871719,0.04,-6.23981,-6.0966,-6.08488,0.0117197,-11.5431,85,375.535
1775545708730,1513,1,-0.0069071,0.240942,0.00791242,0.00791366,0.00791489,0.00791613,0.04,-6.0966,-6.03527,-6.02532,0.00994587,-11.3372,86,374.126
1775545708917,1514,1,-0.00566703,0.233651,0.0421177,0.0421515,0.0421851,0.0422187,0.04,-6.03527,-5.91834,-5.90642,0.0119276,-10.9521,86,371.934
1775545709074,1515,1,-0.00387739,0.225808,0.0492275,0.0492719,0.0493162,0.0493602,0.04,-5.91834,-5.82872,-5.81711,0.0116172,-10.6635,86,370.328
1775545709211,1516,1,-0.00302611,0.220285,0.0671493,0.0672297,0.0673097,0.0673891,0.04,-5.82872,-5.73532,-5.72293,0.0123935,-10.3688,87,368.621
1775545709454,1517,1,-0.00184068,0.214812,0.0679831,0.0680633,0.068143,0.0682222,0.04,-5.73532,-5.66907,-5.65739,0.0116811,-10.1633,87,367.569
1775545709602,1518,1,-0.000968836,0.209452,0.0961697,0.0963257,0.0964801,0.096633,0.04,-5.66907,-5.57986,-5.56624,0.0136189,-9.89139,87,365.574
1775545709738,1519,1,-0.000738438,0.206194,0.105924,0.10611,0.106294,0.106476,0.04,-5.57986,-5.50613,-5.49245,0.0136743,-9.67068,87,364.986
1775545709883,1520,1,0.000450667,0.199858,0.115831,0.116046,0.116258,0.116467,0.04,-5.50613,-5.41536,-5.40073,0.0146322,-9.40389,88,363.82
1775545710018,1521,1,0.00211876,0.191915,0.113518,0.113715,0.11391,0.114103,0.04,-5.41536,-5.31616,-5.30169,0.0144706,-9.11845,88,363.277
1775545710166,1522,1,0.00385101,0.1838,0.103621,0.103778,0.103933,0.104087,0.04,-5.31616,-5.21796,-5.20439,0.0135717,-8.84205,88,362.724
1775545710302,1523,1,0.00433186,0.180029,0.114781,0.11497,0.115156,0.115339,0.04,-5.21796,-5.14742,-5.13433,0.0130858,-8.64724,88,362.203
1775545710439,1524,1,0.00622593,0.170769,0.103902,0.104048,0.104193,0.104335,0.04,-5.14742,-5.02959,-5.01589,0.0136924,-8.32867,89,361.784
1775545710573,1525,1,0.00717003,0.165806,0.103296,0.103436,0.103574,0.10371,0.04,-5.02959,-4.96069,-4.94897,0.0117202,-8.14628,89,361.761
1775545710717,1526,1,0.00834842,0.158366,0.0981789,0.0982996,0.0984186,0.0985357,0.04,-4.96069,-4.84172,-4.82881,0.0129132,-7.838,89,361.316
1775545710849,1527,1,0.010295,0.147988,0.0895143,0.0896079,0.0897,0.0897908,0.04,-4.84172,-4.69695,-4.68396,0.012989,-7.47392,90,360.777
1775545710999,1528,1,0.0118297,0.138882,0.0728448,0.0729028,0.0729601,0.0730167,0.04,-4.69695,-4.55937,-4.54751,0.0118599,-7.13886,90,360.539
1775545711173,1529,1,0.0121933,0.136127,0.08679,0.0868706,0.0869499,0.087028,0.04,-4.55937,-4.50777,-4.49896,0.00880337,-7.01588,90,360.098
1775545711304,1530,1,0.0138095,0.125981,0.0769363,0.0769948,0.0770524,0.0771092,0.04,-4.50777,-4.34665,-4.33449,0.0121627,-6.64111,90,359.339
1775545711440,1531,1,0.0145246,0.122178,0.0759657,0.076021,0.0760754,0.076129,0.04,-4.34665,-4.29333,-4.28559,0.00773668,-6.52008,90,359.476
1775545711576,1532,1,0.015221,0.118547,0.0850443,0.0851114,0.0851773,0.085242,0.04,-4.29333,-4.2418,-4.23428,0.00751638,-6.40451,91,359.231
1775545711756,1533,1,0.0175654,0.107192,0.0638398,0.063874,0.0639076,0.0639407,0.04,-4.2418,-4.10008,-4.0901,0.00998306,-6.0936,91,359.154
1775545711898,1534,1,0.0178106,0.102347,0.0669015,0.0669372,0.0669724,0.0670069,0.04,-4.10008,-3.98552,-3.97681,0.00870705,-5.8495,91,358.889
1775545712040,1535,1,0.0187626,0.0971263,0.0631161,0.0631463,0.0631759,0.0632051,0.04,-3.98552,-3.91071,-3.90402,0.00669026,-5.69351,91,359.114
1775545712180,1536,1,0.0194951,0.0913382,0.0597057,0.059731,0.059756,0.0597805,0.04,-3.91071,-3.80536,-3.7978,0.00756288,-5.47825,92,359.254
1775545712315,1537,1,0.0205241,0.0862473,0.0575789,0.0576012,0.057623,0.0576445,0.04,-3.80536,-3.7391,-3.73357,0.00552654,-5.34547,92,359.34
1775545712480,1538,1,0.0208934,0.0824857,0.0599234,0.0599464,0.059969,0.0599912,0.04,-3.7391,-3.66253,-3.65683,0.00570345,-5.1945,92,359.036
1775545712620,1539,1,0.0219496,0.0754134,0.0503606,0.0503754,0.05039,0.0504044,0.04,-3.66253,-3.54578,-3.53884,0.0069406,-4.96924,92,358.89
1775545712757,1540,1,0.021558,0.0740347,0.0556611,0.0556789,0.0556963,0.0557134,0.04,-3.54578,-3.48063,-3.47593,0.00470281,-4.84607,92,358.849
1775545712885,1541,1,0.0221308,0.0687364,0.0505087,0.0505223,0.0505357,0.0505488,0.04,-3.48063,-3.37777,-3.37176,0.00601053,-4.6552,92,358.795
1775545713011,1542,1,0.0226554,0.0652479,0.0490059,0.049018,0.0490299,0.0490416,0.04,-3.37777,-3.31991,-3.31613,0.00378132,-4.54972,92,358.888
1775545713151,1543,1,0.0236048,0.0583715,0.0344884,0.0344938,0.0344991,0.0345043,0.04,-3.31991,-3.20187,-3.19579,0.00607824,-4.33866,93,358.275
1775545713295,1544,1,0.0233221,0.0562923,0.0434824,0.0434906,0.0434987,0.0435066,0.04,-3.20187,-3.12471,-3.12063,0.00408936,-4.20361,93,357.968
1775545713422,1545,1,0.0234367,0.0523528,0.037663,0.0376687,0.0376744,0.0376799,0.04,-3.12471,-3.02706,-3.02223,0.00483489,-4.03587,93,357.747
1775545713580,1546,1,0.0238094,0.0493341,0.0359591,0.0359641,0.0359689,0.0359737,0.04,-3.02706,-2.97144,-2.96873,0.00271463,-3.94189,93,357.318
1775545713726,1547,1,0.0235444,0.0432832,0.0358526,0.0358569,0.0358611,0.0358652,0.04,-2.97144,-2.78963,-2.78138,0.00824618,-3.64225,93,356.188
1775545713862,1548,1,0.0237302,0.0384363,0.0333319,0.0333352,0.0333384,0.0333415,0.04,-2.78963,-2.67181,-2.66684,0.00497341,-3.45404,94,356.06
1775545713999,1549,1,0.0234105,0.0367368,0.0394094,0.0394137,0.039418,0.0394222,0.04,-2.67181,-2.60283,-2.60026,0.00257492,-3.34593,94,355.571
1775545714145,1550,1,0.023961,0.031812,0.0321571,0.0321596,0.0321621,0.0321645,0.04,-2.60283,-2.50885,-2.50544,0.0034132,-3.20101,94,355.361
1775545714316,1551,1,0.0232714,0.0295173,0.0392913,0.0392948,0.0392982,0.0393015,0.04,-2.50885,-2.39809,-2.39392,0.0041697,-3.03363,94,354.514
1775545714509,1552,1,0.023733,0.0249785,0.0315304,0.0315323,0.0315341,0.0315359,0.04,-2.39809,-2.30849,-2.30571,0.00278258,-2.90081,94,354.211
1775545714643,1553,1,0.0234624,0.0218897,0.0350182,0.0350202,0.0350222,0.0350241,0.04,-2.30849,-2.20576,-2.2025,0.00326395,-2.75126,94,353.64
1775545714777,1554,1,0.0244338,0.0157774,0.0191639,0.0191643,0.0191648,0.0191652,0.04,-2.20576,-2.11009,-2.10773,0.00236368,-2.61451,94,353.182
1775545714952,1555,1,0.0251573,0.0105677,0.00815861,0.00815866,0.00815872,0.00815877,0.04,-2.11009,-2.02095,-2.01934,0.00160813,-2.48917,95,353.07
1775545715117,1556,1,0.0240632,0.011293,0.0241411,0.0241416,0.0241421,0.0241425,0.04,-2.02095,-1.96249,-1.96229,0.000199437,-2.40803,95,353.666
1775545715261,1557,1,0.0229901,0.011584,0.0320727,0.0320736,0.0320744,0.0320752,0.04,-1.96249,-1.89502,-1.89421,0.00081706,-2.31538,95,353.5
1775545715410,1558,1,0.0235963,0.00501095,0.0166162,0.0166163,0.0166164,0.0166164,0.04,-1.89502,-1.76165,-1.75819,0.00345576,-2.13524,95,353.694
1775545715571,1559,1,0.0231976,0.00385793,0.0214116,0.0214117,0.0214118,0.0214119,0.04,-1.76165,-1.70219,-1.70251,0.000317812,-2.05616,95,353.494
1775545715695,1560,1,0.0227006,0.00179267,0.0203984,0.0203984,0.0203985,0.0203985,0.04,-1.70219,-1.61222,-1.61113,0.00108516,-1.93786,95,353.475
1775545715831,1561,1,0.0238609,-0.00577696,0.00109877,0.00109877,0.00109877,0.00109877,0.04,-1.61222,-1.49075,-1.48902,0.00172639,-1.78062,95,353.409
1775545715976,1562,1,0.0230255,-0.00515318,0.0062344,0.00623439,0.00623437,0.00623435,0.04,-1.49075,-1.44912,-1.45134,0.0022223,-1.72735,95,354.405
1775545716109,1563,1,0.0236916,-0.0122695,0.0157888,0.0157891,0.0157893,0.0157895,0.04,-1.44912,-1.30123,-1.29849,0.00274169,-1.54048,95,354.898
1775545716248,1564,1,0.0227999,-0.0132809,0.0157509,0.0157511,0.0157514,0.0157516,0.04,-1.30123,-1.21233,-1.21272,0.000392675,-1.42982,96,354.904
1775545716387,1565,1,0.0231438,-0.0183191,0.0346782,0.0346799,0.0346815,0.034683,0.04,-1.21233,-1.09687,-1.09582,0.00105321,-1.2878,96,354.68
1775545716518,1566,1,0.0229772,-0.0207335,0.0418989,0.0419017,0.0419043,0.0419067,0.04,-1.09687,-1.01895,-1.01988,0.000928521,-1.19296,96,354.807
1775545716662,1567,1,0.023163,-0.0276292,0.0886766,0.0886929,0.0887077,0.0887211,0.04,-1.01895,-0.837967,-0.831883,0.00608337,-0.97543,96,355.329
1775545716803,1568,1,0.0305188,-0.0667141,0.342031,0.342602,0.343092,0.343501,0.04,-0.837967,-0.248747,-0.211082,0.037666,-0.286367,97,358.412
1775545716947,1569,1,0.0352192,-0.0959477,0.573361,0.575653,0.577566,0.579094,0.04,-0.248747,0.254236,0.278295,0.0240587,0.2927,97,360.804
1775545717124,1570,1,0.031884,-0.0818622,0.486869,0.488276,0.48945,0.490389,0.04,0.254236,0.0897567,0.0613527,0.028404,0.103235,97,358.32
1775545717274,1571,1,0.0275993,-0.0650751,0.418968,0.419788,0.42046,0.420981,0.04,0.0897567,-0.0792637,-0.101476,0.0222125,-0.0911632,97,356.147
1775545717407,1572,1,0.0235781,-0.0472682,0.324116,0.32447,0.324755,0.32497,0.04,-0.0792637,-0.298238,-0.317165,0.0189273,-0.343504,97,354.094
1775545717529,1573,1,0.0214235,-0.0369143,0.242914,0.24307,0.243197,0.243294,0.04,-0.298238,-0.44231,-0.452782,0.010472,-0.510388,96,352.552
1775545717646,1574,1,0.0158372,-0.00983579,0.0898656,0.0898711,0.0898751,0.0898776,0.04,-0.44231,-0.813058,-0.835167,0.0221091,-0.945766,96,349.261
1775545717786,1575,1,0.0122584,0.0048982,0.00526725,0.00526724,0.00526723,0.00526722,0.04,-0.813058,-0.977746,-0.989372,0.0116262,-1.1431,96,347.844
1775545717932,1576,1,0.00905919,0.0200525,0.0936765,0.0936894,0.0937007,0.0937102,0.04,-0.977746,-1.15254,-1.16014,0.00760019,-1.35604,96,345.708
1775545718096,1577,1,0.00534343,0.0369816,0.206526,0.20664,0.206737,0.206815,0.04,-1.15254,-1.33575,-1.339,0.00324738,-1.58378,95,344.382
1775545718229,1578,1,0.0029613,0.0481667,0.280258,0.280531,0.28076,0.280944,0.04,-1.33575,-1.46194,-1.45939,0.00254643,-1.74372,95,343.049
1775545718364,1579,1,0.00451179,0.0389828,0.269292,0.269494,0.269655,0.269777,0.04,-1.46194,-1.32246,-1.30334,0.0191287,-1.56709,95,344.107
1775545718488,1580,1,0.00520003,0.0363523,0.270564,0.270752,0.2709,0.271007,0.04,-1.32246,-1.29867,-1.28773,0.0109429,-1.53728,95,344.781
1775545718660,1581,1,0.00571119,0.0311007,0.254944,0.255085,0.255193,0.255267,0.04,-1.29867,-1.1945,-1.17882,0.0156794,-1.40777,96,345.634
1775545718803,1582,1,0.00992185,0.00700805,0.163418,0.163428,0.16343,0.163422,0.04,-1.1945,-0.848401,-0.822977,0.0254239,-0.987874,96,347.553
1775545718968,1583,1,0.00992826,0.00653261,0.166232,0.166241,0.166241,0.166232,0.04,-0.848401,-0.835547,-0.83059,0.00495696,-0.972546,96,347.523
1775545719085,1584,1,0.0136153,-0.0155834,0.0745019,0.0744948,0.0744868,0.0744779,0.04,-0.835547,-0.506754,-0.489778,0.0169763,-0.58537,96,349.046
1775545719206,1585,1,0.0151139,-0.0241641,0.0377808,0.0377781,0.0377752,0.0377722,0.04,-0.506754,-0.384097,-0.38188,0.00221696,-0.442845,97,349.705
1775545719371,1586,1,0.0172914,-0.0377166,0.023473,0.0234746,0.0234762,0.0234777,0.04,-0.384097,-0.170329,-0.165502,0.00482699,-0.195977,97,350.593
1775545719543,1587,1,0.0182709,-0.0480974,0.0716801,0.0716991,0.0717173,0.0717347,0.04,-0.170329,0.0503308,0.0578437,0.00751287,0.057883,97,351.471
1775545719709,1588,1,0.0162797,-0.0465065,0.0735212,0.0735404,0.0735589,0.0735765,0.04,0.0503308,0.145096,0.146035,0.000939116,0.166922,97,350.135
1775545719814,1589,1,0.012247,-0.0315088,0.00851592,0.0085161,0.00851627,0.00851645,0.04,0.145096,0.00773744,-0.00605631,0.0137937,0.00889806,97,346.535
1775545719940,1590,1,0.00999133,-0.0196072,0.0569998,0.0569947,0.0569891,0.0569832,0.04,0.00773744,-0.150604,-0.161251,0.010647,-0.173262,97,343.622
1775545720070,1591,1,0.00694265,-0.00591573,0.12298,0.122971,0.122959,0.122942,0.04,-0.150604,-0.29981,-0.305121,0.00531083,-0.34532,97,338.079
1775545720191,1592,1,0.0050945,0.00226104,0.165817,0.165817,0.165808,0.16579,0.04,-0.29981,-0.386478,-0.385459,0.00101939,-0.445605,97,333.474
1775545720308,1593,1,0.00220378,0.0159898,0.25458,0.254644,0.254674,0.254671,0.04,-0.386478,-0.543968,-0.544476,0.000507832,-0.628783,96,327.941
1775545720410,1594,1,0.00175655,0.018741,0.286582,0.286679,0.286727,0.286728,0.04,-0.543968,-0.58238,-0.574529,0.0078516,-0.673688,96,325.787
1775545720524,1595,1,0.0055346,0.00344873,0.232811,0.232813,0.232789,0.23274,0.04,-0.58238,-0.438344,-0.42081,0.0175333,-0.50578,96,325.844
1775545720641,1596,1,0.0132492,-0.0272867,0.11888,0.118848,0.118813,0.118774,0.04,-0.438344,-0.158082,-0.141261,0.0168214,-0.181873,97,330.747
1775545720813,1597,1,0.0175494,-0.0479145,0.040572,0.0405658,0.0405594,0.0405529,0.04,-0.158082,0.0902975,0.0971842,0.00688668,0.103857,97,336.979
1775545720962,1598,1,0.0181526,-0.0576881,0.00694073,0.00694094,0.00694116,0.00694138,0.04,0.0902975,0.30748,0.308813,0.00133273,0.354184,97,344.974
1775545721072,1599,1,0.0153689,-0.0567794,0.0192721,0.0192738,0.0192754,0.019277,0.04,0.30748,0.477037,0.477203,0.000165731,0.550764,98,348.647
1775545721212,1600,1,0.0155111,-0.0607595,0.0358687,0.0358747,0.0358807,0.0358866,0.04,0.477037,0.577466,0.574668,0.00279713,0.667937,98,348.785
1775545721320,1601,1,0.0145196,-0.0598183,0.0341707,0.0341761,0.0341814,0.0341867,0.04,0.577466,0.620205,0.614341,0.00586396,0.718007,98,348.817
1775545721442,1602,1,0.0144337,-0.0617121,0.0436295,0.0436386,0.0436475,0.0436563,0.04,0.620205,0.67883,0.674463,0.00436729,0.786911,98,348.548
1775545721553,1603,1,0.0130695,-0.0587356,0.0331772,0.0331822,0.0331871,0.033192,0.04,0.67883,0.690886,0.683696,0.00719017,0.801115,98,348.804
1775545721686,1604,1,0.0122014,-0.0581533,0.0356228,0.0356285,0.0356342,0.0356397,0.04,0.690886,0.735449,0.730589,0.00485963,0.853722,98,349.218
1775545721818,1605,1,0.0108984,-0.0571461,0.0369301,0.0369362,0.0369421,0.036948,0.04,0.735449,0.798368,0.795145,0.00322247,0.9283,98,349.751
1775545721938,1606,1,0.00890586,-0.0532287,0.0240201,0.0240225,0.0240248,0.0240271,0.04,0.798368,0.827966,0.822715,0.00525093,0.963513,98,350.165
1775545722043,1607,1,0.00804877,-0.0513853,0.0146636,0.0146645,0.0146653,0.0146662,0.04,0.827966,0.835818,0.82895,0.00686789,0.972868,98,350.31
1775545722167,1608,1,0.00705911,-0.04959,0.00913692,0.00913724,0.00913756,0.00913788,0.04,0.835818,0.85472,0.848406,0.00631452,0.995417,98,351.041
1775545722314,1609,1,0.00632803,-0.0478747,0.000498664,0.000498665,0.000498665,0.000498666,0.04,0.85472,0.857449,0.849825,0.00762391,0.998674,98,351.649
1775545722451,1610,1,0.00438039,-0.0420546,0.0267789,0.0267765,0.0267741,0.0267717,0.04,0.857449,0.838725,0.833858,0.00486684,0.976334,98,352.074
1775545722569,1611,1,0.00368224,-0.0425301,0.0280911,0.0280885,0.0280858,0.0280831,0.04,0.838725,0.899965,0.899792,0.000173032,1.04954,98,351.878
1775545722703,1612,1,0.00314869,-0.0417851,0.0362698,0.0362654,0.036261,0.0362565,0.04,0.899965,0.917964,0.916579,0.00138462,1.07113,98,352.305
1775545722841,1613,1,0.00206679,-0.0390449,0.0557824,0.0557728,0.0557627,0.0557524,0.04,0.917964,0.921668,0.922126,0.000458717,1.07558,98,351.79
1775545722971,1614,1,0.00134766,-0.0394646,0.0592316,0.0592206,0.0592092,0.0591973,0.04,0.921668,0.9832,0.987578,0.00437796,1.14969,98,351.364
1775545723116,1615,1,0.000875464,-0.0391741,0.0702333,0.0702178,0.0702017,0.0701848,0.04,0.9832,1.00968,1.01348,0.00379694,1.18172,98,351.072
1775545723240,1616,1,9.98359e-05,-0.0383066,0.081429,0.0814086,0.0813871,0.0813646,0.04,1.00968,1.04155,1.04722,0.00566828,1.22038,98,350.432
1775545723374,1617,1,-0.000944313,-0.037283,0.0921348,0.0921093,0.0920822,0.0920535,0.04,1.04155,1.08765,1.09586,0.00821495,1.27653,98,349.307
1775545723506,1618,1,-0.0018038,-0.037268,0.0995437,0.0995138,0.099482,0.0994482,0.04,1.08765,1.14775,1.15808,0.010331,1.35015,98,349.802
1775545723631,1619,1,-0.00183574,-0.0396496,0.0970871,0.097057,0.097025,0.0969912,0.04,1.14775,1.21393,1.2244,0.0104699,1.43179,98,349.81
1775545723761,1620,1,-0.00270289,-0.0397535,0.102054,0.10202,0.101985,0.101947,0.04,1.21393,1.27738,1.28885,0.0114655,1.51067,99,350.453
1775545723895,1621,1,-0.00254657,-0.042727,0.100025,0.0999903,0.0999538,0.0999154,0.04,1.27738,1.34665,1.3581,0.0114536,1.59749,99,350.623
1775545724025,1622,1,-0.00293028,-0.0435859,0.10599,0.105951,0.105909,0.105865,0.04,1.34665,1.3973,1.40854,0.0112413,1.66146,99,350.995
1775545724154,1623,1,-0.00300778,-0.0458541,0.103503,0.103463,0.103421,0.103377,0.04,1.3973,1.46357,1.47553,0.0119576,1.74581,99,351.541
1775545724336,1624,1,-0.003499,-0.0464228,0.105423,0.105382,0.105338,0.105292,0.04,1.46357,1.51316,1.52475,0.0115943,1.80943,99,351.806
1775545724483,1625,1,-0.00416258,-0.047259,0.10558,0.105538,0.105493,0.105446,0.04,1.51316,1.58159,1.59488,0.0132912,1.89795,99,352.013
1775545724617,1626,1,-0.00430491,-0.0483866,0.105469,0.105426,0.10538,0.105333,0.04,1.58159,1.62188,1.63366,0.0117748,1.95049,99,351.989
1775545724738,1627,1,-0.00443482,-0.0494651,0.106689,0.106644,0.106596,0.106546,0.04,1.62188,1.6602,1.67209,0.0118893,2.00075,99,352.316
1775545724880,1628,1,-0.00429201,-0.0529847,0.0925176,0.0924814,0.0924435,0.0924041,0.04,1.6602,1.74323,1.75602,0.0127947,2.11066,99,352.786
1775545725002,1629,1,-0.00414573,-0.0558552,0.0833425,0.0833115,0.0832794,0.0832462,0.04,1.74323,1.80928,1.81987,0.0105907,2.19913,99,352.721
1775545725161,1630,1,-0.00451604,-0.0561489,0.0863209,0.0862875,0.0862529,0.0862169,0.04,1.80928,1.84326,1.85272,0.00945437,2.24501,99,353.066
1775545725292,1631,1,-0.00462527,-0.0594082,0.0768124,0.0767845,0.0767557,0.076726,0.04,1.84326,1.93739,1.94905,0.011663,2.37343,99,353.041
1775545725463,1632,1,-0.00502782,-0.0613315,0.0706,0.0705757,0.0705507,0.070525,0.04,1.93739,2.01618,2.02649,0.0103059,2.48253,99,353.183
1775545725608,1633,1,-0.0046569,-0.0664594,0.0508947,0.0508811,0.0508672,0.0508531,0.04,2.01618,2.12607,2.13472,0.00864625,2.63719,100,352.407
1775545725744,1634,1,-0.00404909,-0.0716248,0.031034,0.0310286,0.0310231,0.0310175,0.04,2.12607,2.22061,2.2245,0.00389266,2.7727,100,352.025
1775545725872,1635,1,-0.00410097,-0.0742139,0.0207458,0.0207433,0.0207407,0.0207382,0.04,2.22061,2.29255,2.2934,0.000845432,2.87742,100,351.628
1775545726046,1636,1,-0.00396871,-0.0774267,0.00994405,0.00994345,0.00994284,0.00994224,0.04,2.29255,2.36856,2.3673,0.00125551,2.9896,100,351.631
1775545726193,1637,1,-0.00433433,-0.0806883,0.000294329,0.000294328,0.000294328,0.000294327,0.04,2.36856,2.48043,2.47904,0.00138974,3.15771,100,352.001
1775545726320,1638,1,-0.0040626,-0.0852995,0.0166804,0.0166822,0.0166841,0.0166859,0.04,2.48043,2.58892,2.58932,0.000390768,3.32431,100,352.141
1775545726473,1639,1,-0.00398985,-0.0886213,0.0321139,0.032121,0.0321281,0.0321351,0.04,2.58892,2.67616,2.67756,0.00140357,3.4609,100,352.21
1775545726633,1640,1,-0.00447201,-0.0891854,0.0362134,0.0362226,0.0362316,0.0362405,0.04,2.67616,2.72535,2.7258,0.000454426,3.539,101,352.968
1775545726776,1641,1,-0.00474604,-0.091658,0.0477281,0.0477443,0.0477604,0.0477763,0.04,2.72535,2.81293,2.81721,0.00428224,3.68001,101,353.103
1775545726910,1642,1,-0.00577086,-0.0903929,0.0462716,0.0462867,0.0463016,0.0463164,0.04,2.81293,2.84925,2.85174,0.002491,3.73925,101,353.194
1775545727031,1643,1,-0.00580491,-0.0914875,0.0501314,0.0501493,0.050167,0.0501844,0.04,2.84925,2.8818,2.88463,0.00282168,3.79273,101,352.854
1775545727164,1644,1,-0.00696754,-0.0876211,0.0383743,0.0383843,0.0383943,0.0384041,0.04,2.8818,2.85568,2.8552,0.000483274,3.74979,101,352.952
1775545727310,1645,1,-0.00767572,-0.085916,0.0355858,0.0355943,0.0356027,0.035611,0.04,2.85568,2.85802,2.85944,0.00141764,3.75363,101,353.009
1775545727442,1646,1,-0.00865622,-0.0829758,0.0268587,0.0268634,0.0268681,0.0268727,0.04,2.85802,2.84484,2.84536,0.000518799,3.73204,101,353.128
1775545727605,1647,1,-0.00940516,-0.0813645,0.0249774,0.0249813,0.0249853,0.0249892,0.04,2.84484,2.85268,2.85488,0.00220132,3.74487,101,353.67
1775545727744,1648,1,-0.0106823,-0.0778976,0.0127024,0.0127033,0.0127043,0.0127053,0.04,2.85268,2.84517,2.8462,0.00102735,3.73258,101,353.709
1775545727872,1649,1,-0.0117551,-0.0747833,0.000173439,0.000173439,0.000173439,0.000173439,0.04,2.84517,2.83305,2.83307,2.12193e-05,3.71278,101,353.497
1775545728030,1650,1,-0.0133159,-0.0692096,0.0210495,0.0210471,0.0210447,0.0210422,0.04,2.83305,2.79343,2.79838,0.00494671,3.64841,101,353.784
1775545728160,1651,1,-0.0143138,-0.0654735,0.0362598,0.036253,0.0362461,0.0362391,0.04,2.79343,2.76373,2.77329,0.00956368,3.60048,101,353.74
1775545728274,1652,1,-0.0158144,-0.0596822,0.0619259,0.0619078,0.0618892,0.0618701,0.04,2.76373,2.71483,2.72984,0.0150044,3.52224,101,353.605
1775545728413,1653,1,-0.0165875,-0.057823,0.0693762,0.0693541,0.0693313,0.0693079,0.04,2.71483,2.7191,2.73901,0.019907,3.52904,101,353.834
1775545728574,1654,1,-0.0172374,-0.0558602,0.080975,0.0809458,0.0809156,0.0808843,0.04,2.7191,2.71275,2.73479,0.022049,3.51892,101,354.455
1775545728699,1655,1,-0.0181172,-0.0532511,0.0937497,0.0937122,0.0936731,0.0936324,0.04,2.71275,2.70497,2.73005,0.0250773,3.50655,101,354.643
1775545728856,1656,1,-0.0188879,-0.0514453,0.101788,0.101745,0.1017,0.101653,0.04,2.70497,2.71063,2.73865,0.0280223,3.51554,101,354.98
1775545728991,1657,1,-0.0186566,-0.0525718,0.0984886,0.0984477,0.098405,0.0983603,0.04,2.71063,2.72459,2.75227,0.0276802,3.53779,101,355.478
1775545729133,1658,1,-0.0188549,-0.0515405,0.102726,0.102682,0.102636,0.102588,0.04,2.72459,2.71107,2.73818,0.0271044,3.51626,101,355.854
1775545729270,1659,1,-0.0197873,-0.0493196,0.115044,0.114991,0.114936,0.114877,0.04,2.71107,2.71734,2.74849,0.0311453,3.52624,101,356.117
1775545729457,1660,1,-0.0195729,-0.050307,0.11165,0.1116,0.111547,0.111491,0.04,2.71734,2.7287,2.75938,0.0306823,3.54435,101,356.266
1775545729600,1661,1,-0.0187473,-0.054031,0.0984747,0.0984328,0.0983889,0.0983432,0.04,2.7287,2.77028,2.79958,0.0293031,3.61103,101,356.434
1775545729724,1662,1,-0.0199284,-0.0490918,0.124824,0.124762,0.124696,0.124627,0.04,2.77028,2.72248,2.75216,0.0296769,3.53443,101,357.451
1775545729882,1663,1,-0.0190924,-0.0529749,0.10926,0.109209,0.109155,0.109099,0.04,2.72248,2.76726,2.79871,0.0314522,3.60617,101,357.936
1775545730016,1664,1,-0.0186862,-0.055661,0.0979554,0.0979127,0.0978681,0.0978216,0.04,2.76726,2.81005,2.83929,0.0292459,3.67534,101,358.192
1775545730141,1665,1,-0.0179821,-0.0595368,0.0823034,0.0822712,0.082238,0.0822037,0.04,2.81005,2.86374,2.89019,0.0264561,3.76301,101,358.828
1775545730276,1666,1,-0.0170602,-0.0642732,0.0662032,0.0661808,0.0661579,0.0661344,0.04,2.86374,2.92559,2.94844,0.0228579,3.86523,101,358.446
1775545730390,1667,1,-0.0173694,-0.0631502,0.0753888,0.0753603,0.0753309,0.0753007,0.04,2.92559,2.91804,2.93941,0.0213733,3.85269,101,358.257
1775545730508,1668,1,-0.0162994,-0.0685338,0.0492183,0.0492052,0.0491918,0.0491782,0.04,2.91804,2.98555,3.00451,0.0189574,3.96562,101,358.351
1775545730639,1669,1,-0.0153087,-0.0715142,0.0303173,0.0303121,0.0303069,0.0303016,0.04,2.98555,2.99475,3.00596,0.0112162,3.98113,101,358.078
1775545730773,1670,1,-0.0140101,-0.0777207,0.000210386,0.000210386,0.000210386,0.000210385,0.04,2.99475,3.06809,3.07408,0.00598145,4.10592,101,357.998
1775545730898,1671,1,-0.0130284,-0.0833113,0.032738,0.032745,0.0327519,0.0327587,0.04,3.06809,3.15662,3.16799,0.0113645,4.25918,101,357.686
1775545731013,1672,1,-0.0120236,-0.0899416,0.0674883,0.0675202,0.0675514,0.0675821,0.04,3.15662,3.27202,3.2893,0.0172763,4.46343,101,358.153
1775545731137,1673,1,-0.0115781,-0.0929767,0.0863565,0.0864103,0.0864629,0.0865142,0.04,3.27202,3.32633,3.34286,0.016531,4.56136,102,358.33
1775545731262,1674,1,-0.0101913,-0.100613,0.127052,0.127178,0.1273,0.127417,0.04,3.32633,3.44351,3.46739,0.0238843,4.77668,102,358.495
1775545731402,1675,1,-0.00887096,-0.107944,0.168324,0.16856,0.168787,0.169005,0.04,3.44351,3.55713,3.58408,0.0269513,4.99088,102,358.553
1775545731548,1676,1,-0.00785908,-0.113246,0.207078,0.207453,0.207809,0.208148,0.04,3.55713,3.6368,3.66414,0.0273399,5.14434,102,358.526
1775545731753,1677,1,-0.00775868,-0.11661,0.241667,0.242191,0.242686,0.243154,0.04,3.6368,3.72635,3.75701,0.0306675,5.32016,102,358.921
1775545731870,1678,1,-0.00614802,-0.127066,0.317563,0.318546,0.319465,0.320321,0.04,3.72635,3.91001,3.94885,0.0388377,5.69206,103,359.281
1775545731999,1679,1,-0.0064008,-0.12815,0.341586,0.342729,0.343795,0.344782,0.04,3.91001,3.96066,3.99073,0.0300672,5.79736,103,359.649
1775545732107,1680,1,-0.00483572,-0.1366,0.398019,0.399672,0.401203,0.402608,0.04,3.96066,4.09015,4.1243,0.0341511,6.07218,103,359.767
1775545732228,1681,1,-0.0033356,-0.144791,0.452145,0.454406,0.456488,0.458385,0.04,4.09015,4.21681,4.24823,0.0314155,6.34896,103,360.089
1775545732350,1682,1,-0.00245567,-0.149806,0.500005,0.502862,0.505477,0.507842,0.04,4.21681,4.29943,4.32516,0.0257277,6.53386,104,360.053
1775545732476,1683,1,-0.00209713,-0.15185,0.53115,0.534414,0.537387,0.540061,0.04,4.29943,4.33502,4.35554,0.0205212,6.61459,104,360.254
1775545732599,1684,1,-0.000342993,-0.160816,0.610948,0.615517,0.619645,0.623314,0.04,4.33502,4.46934,4.4956,0.0262542,6.92525,104,359.766
1775545732735,1685,1,-0.000609027,-0.161939,0.644322,0.64943,0.654019,0.65807,0.04,4.46934,4.52354,4.54291,0.0193672,7.05333,104,360.025
1775545732854,1686,1,0.000365768,-0.165069,0.701788,0.70795,0.713441,0.718233,0.04,4.52354,4.55029,4.56627,0.0159822,7.11712,104,359.864
1775545732981,1687,1,0.000363443,-0.164831,0.734667,0.741392,0.747346,0.752495,0.04,4.55029,4.54939,4.56328,0.0138936,7.11497,104,359.622
1775545733101,1688,1,0.000776153,-0.164159,0.764555,0.771789,0.778151,0.783604,0.04,4.54939,4.50762,4.51746,0.00984049,7.01553,104,358.925
1775545733225,1689,1,-0.000257822,-0.158114,0.796888,0.804405,0.810928,0.816415,0.04,4.50762,4.42076,4.4276,0.006845,6.81178,104,357.975
1775545733386,1690,1,-0.000884825,-0.153579,0.808506,0.815988,0.822429,0.827784,0.04,4.42076,4.34323,4.35131,0.00807905,6.6333,104,357.294
1775545733530,1691,1,-0.000910806,-0.15174,0.879286,0.887963,0.895294,0.901221,0.04,4.34323,4.30679,4.3223,0.015511,6.55049,104,355.299
1775545733690,1692,1,0.000507981,-0.155777,0.949605,0.959968,0.968634,0.97552,0.04,4.30679,4.32955,4.35494,0.0253849,6.60213,104,353.531
1775545733820,1693,1,-0.00102208,-0.14638,0.969035,0.979074,0.987295,0.993621,0.04,4.32955,4.18406,4.19417,0.0101085,6.27663,103,351.998
1775545733954,1694,1,-0.00257638,-0.13446,0.980244,0.989558,0.996979,1.00243,0.04,4.18406,3.97059,3.97431,0.00371575,5.81816,103,350.225
1775545734074,1695,1,-0.00321469,-0.125763,0.997003,1.00591,1.01282,1.01766,0.04,3.97059,3.78198,3.78863,0.00665569,5.43117,102,348.931
1775545734202,1696,1,-0.00560772,-0.110452,1.00482,1.0126,1.01833,1.02193,0.04,3.78198,3.53402,3.53582,0.00180292,4.94686,102,347.455
1775545734350,1697,1,-0.00671966,-0.102212,1.01986,1.02717,1.03232,1.03526,0.04,3.53402,3.39019,3.40422,0.0140283,4.67801,102,346.45
1775545734469,1698,1,-0.00955787,-0.084448,1.00716,1.01286,1.01647,1.01796,0.04,3.39019,3.10329,3.10211,0.00117779,4.16649,101,345.318
1775545734590,1699,1,-0.0106978,-0.0705274,1.01451,1.01915,1.02165,1.02199,0.04,3.10329,2.80647,2.8042,0.00226378,3.66952,101,343.71
1775545734732,1700,1,-0.0122902,-0.0561042,1.01371,1.01717,1.0185,1.01768,0.04,2.80647,2.52591,2.52522,0.000686884,3.22712,100,342.026
1775545734855,1701,1,-0.0144878,-0.0382077,1.0024,1.00437,1.0043,1.00217,0.04,2.52591,2.19152,2.18429,0.00723267,2.73076,100,341.418
1775545735022,1702,1,-0.0164703,-0.0214292,0.986828,0.987481,0.986183,0.982947,0.04,2.19152,1.87188,1.86471,0.00717711,2.28385,99,340.796
1775545735150,1703,1,-0.0183567,0.00135982,0.972439,0.971408,0.968522,0.963811,0.04,1.87188,1.38323,1.35674,0.0264887,1.64364,99,340.219
1775545735265,1704,1,-0.0205473,0.0213872,0.944467,0.942128,0.938105,0.932434,0.04,1.38323,0.988192,0.968826,0.0193659,1.15572,98,340.237
1775545735398,1705,1,-0.0217085,0.0383656,0.923765,0.920417,0.915507,0.909077,0.04,0.988192,0.605782,0.58576,0.0200222,0.701095,98,340.414
1775545735510,1706,1,-0.0227342,0.0543545,0.903569,0.899363,0.89371,0.886655,0.04,0.605782,0.240895,0.221125,0.0197707,0.277309,97,341.439
1775545735640,1707,1,-0.0231352,0.0652887,0.894508,0.889708,0.883515,0.875978,0.04,0.240895,-0.0286555,-0.0390592,0.0104037,-0.0329543,97,341.966
1775545735762,1708,1,-0.0241269,0.07944,0.88094,0.875433,0.86861,0.860522,0.04,-0.0286555,-0.345113,-0.360847,0.0157345,-0.397702,97,342.822
1775545735894,1709,1,-0.0244634,0.0937243,0.856844,0.850824,0.843607,0.835245,0.04,-0.345113,-0.711967,-0.733922,0.0219553,-0.825979,96,343.722
1775545736008,1710,1,-0.0243461,0.105494,0.849055,0.842476,0.834746,0.82592,0.04,-0.711967,-1.03965,-1.05733,0.0176821,-1.21807,96,343.871
1775545736125,1711,1,-0.0232926,0.115477,0.843972,0.836908,0.828726,0.819483,0.04,-1.03965,-1.38321,-1.40178,0.0185777,-1.64362,95,344.47
1775545736255,1712,1,-0.0210831,0.120057,0.862179,0.854522,0.84568,0.835718,0.04,-1.38321,-1.65693,-1.66645,0.00952637,-1.99644,95,345.472
1775545736390,1713,1,-0.0200598,0.128361,0.860938,0.85281,0.843514,0.833118,0.04,-1.65693,-1.9524,-1.96289,0.0104833,-2.39411,95,347.282
1775545736521,1714,1,-0.0184207,0.135209,0.868295,0.859606,0.84973,0.838741,0.04,-1.9524,-2.24972,-2.25844,0.00871992,-2.81491,94,348.583
1775545736644,1715,1,-0.0179073,0.144774,0.862175,0.853036,0.842751,0.831393,0.04,-2.24972,-2.54486,-2.5523,0.00744104,-3.25622,94,349.805
1775545736764,1716,1,-0.0181307,0.157254,0.849292,0.839698,0.829028,0.817355,0.04,-2.54486,-2.86898,-2.87815,0.00917292,-3.77162,93,351.233
1775545736886,1717,1,-0.0174368,0.167904,0.840759,0.830743,0.8197,0.807705,0.04,-2.86898,-3.20626,-3.2152,0.00894165,-4.34641,93,352.352
1775545737005,1718,1,-0.0178223,0.179199,0.82421,0.813958,0.802755,0.790676,0.04,-3.20626,-3.48766,-3.49122,0.00356293,-4.85926,92,353.347
1775545737123,1719,1,-0.0163038,0.189647,0.811653,0.801141,0.789739,0.777519,0.04,-3.48766,-3.87694,-3.88769,0.0107491,-5.62395,91,354.526
1775545737254,1720,1,-0.0153874,0.199968,0.799996,0.789232,0.777633,0.765269,0.04,-3.87694,-4.22112,-4.22677,0.00564528,-6.35852,91,354.929
1775545737373,1721,1,-0.0142056,0.208241,0.793864,0.782823,0.770981,0.758406,0.04,-4.22112,-4.52741,-4.52881,0.00139666,-7.06253,90,355.439
1775545737507,1722,1,-0.014117,0.216825,0.774729,0.763781,0.7521,0.739754,0.04,-4.52741,-4.76856,-4.76484,0.00372076,-7.6525,89,355.744
1775545737631,1723,1,-0.0120886,0.223763,0.767963,0.756854,0.745043,0.732596,0.04,-4.76856,-5.09723,-5.09814,0.000904083,-8.51052,88,356.437
1775545737763,1724,1,-0.0115001,0.230058,0.753361,0.742365,0.730717,0.718477,0.04,-5.09723,-5.31027,-5.30326,0.00701094,-9.10171,88,356.829
1775545737888,1725,1,-0.00992984,0.239209,0.734471,0.723593,0.712124,0.700122,0.04,-5.31027,-5.66894,-5.66958,0.000635624,-10.1629,87,357.353
1775545738025,1726,1,-0.0084851,0.24511,0.723092,0.71228,0.700912,0.689043,0.04,-5.66894,-5.92996,-5.9244,0.00555849,-10.9899,86,358.392
1775545738170,1727,1,-0.00580663,0.245092,0.723476,0.712654,0.701274,0.689393,0.04,-5.92996,-6.11434,-6.10459,0.00974751,-11.6032,85,358.283
1775545738333,1728,1,-0.00350725,0.247994,0.733576,0.722305,0.71046,0.698099,0.04,-6.11434,-6.35007,-6.34273,0.007339,-12.4237,85,358.697
1775545738448,1729,1,-0.00195924,0.252795,0.727661,0.716346,0.704478,0.692116,0.04,-6.35007,-6.58764,-6.58034,0.0072999,-13.2935,84,359.659
1775545738567,1730,1,0.000781249,0.249244,0.770855,0.758327,0.745138,0.731361,0.04,-6.58764,-6.67454,-6.6616,0.0129337,-13.6227,83,361.168
1775545738684,1731,1,0.00346171,0.242994,0.812151,0.798591,0.784248,0.769209,0.04,-6.67454,-6.68453,-6.66907,0.0154634,-13.6609,83,362.09
1775545738798,1732,1,0.00538284,0.240921,0.858974,0.843915,0.827929,0.811126,0.04,-6.68453,-6.75432,-6.74165,0.0126753,-13.9302,83,363.26
1775545738912,1733,1,0.00830642,0.238096,0.896449,0.880225,0.862943,0.844734,0.04,-6.75432,-6.87435,-6.86458,0.00976562,-14.4027,83,365.602
1775545739034,1734,1,0.00933256,0.238049,0.914287,0.897402,0.879399,0.860418,0.04,-6.87435,-6.94134,-6.93032,0.0110211,-14.6715,82,366.752
1775545739135,1735,1,0.0102939,0.237731,0.943657,0.925675,0.906467,0.886192,0.04,-6.94134,-6.99494,-6.98387,0.0110717,-14.8893,82,368.455
1775545739277,1736,1,0.012275,0.233246,0.990505,0.971043,0.950155,0.928028,0.04,-6.99494,-7.00371,-6.99182,0.0118876,-14.9252,82,369.635
1775545739433,1737,1,0.0127839,0.236122,1.00541,0.985094,0.9633,0.940231,0.04,-7.00371,-7.11453,-7.1064,0.00812912,-15.3839,82,371.312
1775545739556,1738,1,0.0136516,0.241043,0.988172,0.968135,0.946715,0.924101,0.04,-7.11453,-7.31003,-7.30572,0.00430202,-16.219,81,373.258
1775545739662,1739,1,0.0129096,0.250025,0.925725,0.9075,0.888158,0.867851,0.04,-7.31003,-7.51066,-7.50735,0.00330782,-17.1108,80,374.295
1775545739773,1740,1,0.0123012,0.258889,0.854609,0.838533,0.821596,0.80391,0.04,-7.51066,-7.71861,-7.71589,0.00271225,-18.0734,79,375.492
1775545739892,1741,1,0.011171,0.266735,0.823629,0.808231,0.792078,0.775272,0.04,-7.71861,-7.85731,-7.85317,0.00414324,-18.7377,78,376.723
1775545740011,1742,1,0.0108035,0.274002,0.760383,0.7469,0.732833,0.718257,0.04,-7.85731,-8.03759,-8.03387,0.00371361,-19.6282,77,377.791
1775545740170,1743,1,0.00953206,0.282359,0.696036,0.684385,0.672295,0.659821,0.04,-8.03759,-8.18515,-8.17983,0.00531673,-20.3805,77,378.714
1775545740294,1744,1,0.0090877,0.286813,0.652653,0.642244,0.631477,0.620395,0.04,-8.18515,-8.28126,-8.27458,0.00667572,-20.8819,76,379.189
1775545740464,1745,1,0.00862016,0.289681,0.626814,0.617113,0.607098,0.596805,0.04,-8.28126,-8.33033,-8.32268,0.00764847,-21.1415,76,379.606
1775545740585,1746,1,0.00855941,0.289861,0.61618,0.606802,0.597125,0.587183,0.04,-8.33033,-8.33256,-8.32424,0.00832176,-21.1533,76,379.763
1775545740708,1747,1,0.00883101,0.287996,0.627282,0.617629,0.607659,0.597407,0.04,-8.33256,-8.29927,-8.29073,0.00853729,-20.9769,76,379.8
1775545740829,1748,1,0.00948056,0.281928,0.674222,0.663314,0.652006,0.640345,0.04,-8.29927,-8.17315,-8.16384,0.00931454,-20.3185,77,379.811
1775545740939,1749,1,0.0106698,0.274744,0.717394,0.705372,0.692858,0.679911,0.04,-8.17315,-8.05467,-8.04572,0.00895119,-19.7142,77,379.512
1775545741068,1750,1,0.0116162,0.268233,0.757792,0.744705,0.731028,0.716833,0.04,-8.05467,-7.93805,-7.9292,0.00884247,-19.1327,78,379.455
1775545741218,1751,1,0.0128292,0.261466,0.812015,0.797369,0.781985,0.765957,0.04,-7.93805,-7.83093,-7.82258,0.00834799,-18.61,78,379.439
1775545741333,1752,1,0.0130792,0.256608,0.870576,0.854041,0.83659,0.818345,0.04,-7.83093,-7.70839,-7.6993,0.00908804,-18.0252,79,379.6
1775545741463,1753,1,0.0134698,0.252258,0.901868,0.884421,0.865947,0.846582,0.04,-7.70839,-7.6132,-7.60419,0.00900364,-17.5805,79,379.42
1775545741578,1754,1,0.0138588,0.246295,0.946194,0.927437,0.907477,0.886477,0.04,-7.6132,-7.47244,-7.46145,0.0109892,-16.9381,80,379.191
1775545741703,1755,1,0.0130696,0.248837,0.929179,0.910905,0.8915,0.871115,0.04,-7.47244,-7.48912,-7.4815,0.00761795,-17.0133,80,379.054
1775545741827,1756,1,0.0128566,0.24734,0.938113,0.919598,0.899913,0.879218,0.04,-7.48912,-7.43266,-7.42278,0.00988531,-16.7598,80,378.64
1775545741951,1757,1,0.0124235,0.247103,0.936061,0.917647,0.89807,0.877486,0.04,-7.43266,-7.39663,-7.38675,0.00988054,-16.5995,80,378.448
1775545742104,1758,1,0.0126818,0.242915,0.963189,0.944018,0.923567,0.902011,0.04,-7.39663,-7.29732,-7.28508,0.0122423,-16.1637,81,377.428
1775545742230,1759,1,0.0129701,0.239504,0.971623,0.952392,0.931836,0.910132,0.04,-7.29732,-7.22372,-7.21167,0.0120492,-15.8462,81,376.762
1775545742368,1760,1,0.011925,0.240277,0.963876,0.944892,0.924617,0.903222,0.04,-7.22372,-7.17359,-7.16124,0.0123429,-15.6327,81,376.111
1775545742538,1761,1,0.0101738,0.245175,0.931364,0.913286,0.894054,0.873821,0.04,-7.17359,-7.18981,-7.17882,0.0109911,-15.7016,81,375.35
1775545742650,1762,1,0.00942285,0.245332,0.925451,0.907593,0.888603,0.868631,0.04,-7.18981,-7.14309,-7.12961,0.0134778,-15.5039,81,374.825
1775545742797,1763,1,0.00933762,0.244484,0.92535,0.907561,0.888636,0.868726,0.04,-7.14309,-7.11426,-7.10108,0.0131774,-15.3828,82,374.526
1775545742917,1764,1,0.00806058,0.245995,0.905913,0.888765,0.870554,0.851418,0.04,-7.11426,-7.06978,-7.05538,0.0143957,-15.1975,82,374.255
1775545743027,1765,1,0.00765957,0.246123,0.869989,0.854186,0.837437,0.819859,0.04,-7.06978,-7.05065,-7.03705,0.0135975,-15.1182,82,373.674
1775545743141,1766,1,0.00783329,0.244218,0.880741,0.86467,0.847613,0.829693,0.04,-7.05065,-7.00959,-6.99502,0.014565,-14.9492,82,373.857
1775545743273,1767,1,0.00775858,0.24252,0.882611,0.866587,0.849567,0.831672,0.04,-7.00959,-6.95822,-6.94295,0.0152783,-14.7399,82,373.444
1775545743398,1768,1,0.00753405,0.243634,0.852443,0.837441,0.82154,0.804847,0.04,-6.95822,-6.97716,-6.96449,0.0126729,-14.8168,82,372.808
1775545743532,1769,1,0.00744428,0.244278,0.838887,0.824325,0.808907,0.792732,0.04,-6.97716,-6.99032,-6.97756,0.0127678,-14.8705,82,372.814
1775545743666,1770,1,0.00778678,0.241394,0.841927,0.827438,0.812077,0.795944,0.04,-6.99032,-6.93553,-6.9203,0.015223,-14.648,82,372.51
1775545743797,1771,1,0.00884039,0.236195,0.869593,0.854467,0.838369,0.821411,0.04,-6.93553,-6.86362,-6.84769,0.0159373,-14.36,83,372.214
1775545743927,1772,1,0.00977638,0.231179,0.908481,0.892311,0.875021,0.856743,0.04,-6.86362,-6.78696,-6.77046,0.0165014,-14.0575,83,371.984
1775545744062,1773,1,0.0100557,0.229561,0.92561,0.908933,0.89107,0.872162,0.04,-6.78696,-6.76,-6.74502,0.0149789,-13.9523,83,372.46
1775545744186,1774,1,0.0101274,0.229053,0.91831,0.901938,0.884404,0.865845,0.04,-6.76,-6.75224,-6.73804,0.0142007,-13.9221,83,372.789
1775545744357,1775,1,0.00995813,0.229014,0.910458,0.894372,0.877153,0.858933,0.04,-6.75224,-6.74061,-6.72623,0.0143809,-13.877,83,373.253
1775545744533,1776,1,0.0095766,0.230931,0.881007,0.865833,0.849634,0.832526,0.04,-6.74061,-6.77036,-6.75777,0.012588,-13.9927,83,373.567
1775545744652,1777,1,0.00932815,0.230775,0.870336,0.855544,0.839762,0.8231,0.04,-6.77036,-6.75053,-6.73606,0.0144677,-13.9155,83,374.183
1775545744789,1778,1,0.0085745,0.234073,0.843596,0.829508,0.814524,0.798742,0.04,-6.75053,-6.79156,-6.77935,0.0122075,-14.0755,83,374.959
1775545744921,1779,1,0.00828768,0.235806,0.815868,0.802604,0.78853,0.773733,0.04,-6.79156,-6.82266,-6.81025,0.012413,-14.1978,83,375.761
1775545745047,1780,1,0.00837307,0.235608,0.821213,0.807784,0.793529,0.778537,0.04,-6.82266,-6.82242,-6.80891,0.013515,-14.1968,83,376.514
1775545745181,1781,1,0.00869945,0.234689,0.799429,0.786765,0.773335,0.759219,0.04,-6.82242,-6.82324,-6.80998,0.0132632,-14.2001,83,377.67
1775545745308,1782,1,0.0085383,0.235595,0.786342,0.774046,0.761022,0.747345,0.04,-6.82324,-6.83852,-6.82576,0.0127521,-14.2604,83,378.956
1775545745438,1783,1,0.00858958,0.235225,0.796148,0.783559,0.770215,0.756194,0.04,-6.83852,-6.83063,-6.81704,0.0135832,-14.2292,83,380.156
1775545745566,1784,1,0.0091249,0.231563,0.801772,0.789209,0.775866,0.761825,0.04,-6.83063,-6.76772,-6.75215,0.0155797,-13.9824,83,380.159
1775545745698,1785,1,0.00852308,0.234834,0.731507,0.720925,0.709751,0.698041,0.04,-6.76772,-6.82485,-6.81337,0.0114822,-14.2064,83,380.864
1775545745814,1786,1,0.00830433,0.237661,0.618596,0.610967,0.602977,0.594656,0.04,-6.82485,-6.90282,-6.89092,0.0118971,-14.5165,82,381.698
1775545745914,1787,1,0.00839254,0.238074,0.414291,0.410891,0.407379,0.403762,0.04,-6.90282,-6.95071,-6.93695,0.0137672,-14.7094,82,382.303
1775545746053,1788,1,0.00824414,0.239287,0.294342,0.292624,0.290866,0.28907,0.04,-6.95071,-6.99161,-6.97971,0.0118999,-14.8757,82,382.418
1775545746156,1789,1,0.0116307,0.218155,0.411773,0.408711,0.405535,0.40225,0.04,-6.99161,-6.63606,-6.61286,0.0232005,-13.4762,84,383.124
1775545746269,1790,1,0.0136498,0.207368,0.616136,0.60957,0.602621,0.595314,0.04,-6.63606,-6.45296,-6.43388,0.0190859,-12.795,84,383.113
1775545746385,1791,1,0.0135976,0.205709,0.15182,0.151434,0.151041,0.150643,0.04,-6.45296,-6.47553,-6.46828,0.00724506,-12.8776,84,382.885
1775545746526,1792,1,0.0111137,0.215916,1.09343,1.11321,1.1305,1.1451,0.04,-6.47553,-6.4245,-6.35202,0.0724788,-12.6915,84,382.045
1775545746643,1793,1,0.00206179,0.250815,1.01529,0.993226,0.969713,0.944972,0.04,-6.4245,-6.7707,-6.76415,0.00654459,-13.994,83,350
1775545746759,1794,1,0.00372357,0.246535,1.07337,1.04909,1.0231,0.995657,0.04,-6.7707,-6.7615,-6.7411,0.0203938,-13.9581,83,350
1775545746866,1795,1,0.0247641,0.231266,0.961581,0.94342,0.923941,0.90331,0.04,-6.7615,-7.81631,-7.83103,0.0147204,-18.5395,78,350
1775545746986,1796,1,0.0228508,0.235893,0.99596,0.976049,0.954701,0.932108,0.04,-7.81631,-7.80458,-7.80426,0.000324726,-18.483,79,350
1775545747186,1797,1,0.0250363,0.225298,1.05601,1.0346,1.01144,0.986763,0.04,-7.80458,-7.66028,-7.65886,0.00141716,-17.7994,79,350
1775545747305,1798,1,0.0296257,0.212832,1.18076,1.15535,1.12745,1.0974,0.04,-7.66028,-7.6222,-7.6266,0.00439501,-17.6222,79,350
1775545747422,1799,1,0.0314049,0.20705,1.26852,1.23987,1.20811,1.17371,0.04,-7.6222,-7.57637,-7.58331,0.0069418,-17.4107,80,350
1775545747592,1800,1,0.0324179,0.202152,1.35435,1.32233,1.28651,1.24749,0.04,-7.57637,-7.50191,-7.51103,0.00912333,-17.0711,80,350
1775545747711,1801,1,0.0345302,0.193589,1.47642,1.43971,1.39805,1.35226,0.04,-7.50191,-7.39926,-7.41258,0.013319,-16.6112,80,350
1775545747821,1802,1,0.0358974,0.188528,1.59658,1.55447,1.50611,1.45259,0.04,-7.39926,-7.34046,-7.35792,0.0174646,-16.3519,81,350
1775545747990,1803,1,0.0370639,0.184173,1.69521,1.64855,1.59439,1.53413,0.04,-7.34046,-7.28992,-7.30985,0.0199299,-16.1316,81,350
1775545748131,1804,1,0.039106,0.174434,1.87031,1.81579,1.75116,1.67842,0.04,-7.28992,-7.1441,-7.16458,0.0204773,-15.5082,81,350
1775545748253,1805,1,0.0418954,0.16686,1.97424,1.91556,1.84489,1.76468,0.04,-7.1441,-7.11788,-7.13479,0.0169129,-15.398,82,350
1775545748376,1806,1,0.0418006,0.159543,2.09111,2.02742,1.94941,1.86011,0.04,-7.11788,-6.89801,-6.91005,0.0120382,-14.4972,83,350
1775545748501,1807,1,0.0391893,0.166305,2.26565,2.18736,2.09147,1.98226,0.04,-6.89801,-6.87968,-6.88537,0.00569057,-14.4239,83,350
1775545748636,1808,1,0.0409616,0.171328,2.3535,2.26639,2.15999,2.03937,0.04,-6.87968,-7.12775,-7.12279,0.00496674,-15.4394,82,350
1775545748762,1809,1,0.0403223,0.178593,2.4124,2.3172,2.20177,2.07183,0.04,-7.12775,-7.27402,-7.26257,0.0114479,-16.0627,81,350
1775545748880,1810,1,0.0393519,0.190462,2.42188,2.32024,2.19888,2.06377,0.04,-7.27402,-7.5284,-7.51393,0.0144691,-17.1914,80,350
1775545749004,1811,1,0.0371858,0.205657,2.38467,2.27922,2.15576,2.02013,0.04,-7.5284,-7.79608,-7.78543,0.0106544,-18.4422,79,350
1775545749119,1812,1,0.0326832,0.234095,2.24033,2.13586,2.01768,1.89064,0.04,-7.79608,-8.27448,-8.27654,0.0020628,-20.8462,76,350
1775545749245,1813,1,0.0273447,0.269267,2.03194,1.934,1.82705,1.71466,0.04,-8.27448,-8.8852,-8.89606,0.0108614,-24.2471,73,350
1775545749370,1814,1,0.0224056,0.308086,1.74752,1.66482,1.57731,1.48712,0.04,-8.8852,-9.63116,-9.63835,0.00718975,-25,72,350
1775545749526,1815,1,0.0241007,0.340959,1.4096,1.34984,1.28797,1.22497,0.04,-9.63116,-10.6805,-10.667,0.0134974,-25,72,350
1775545749653,1816,1,0.0180975,0.381987,1.10382,1.06219,1.01988,0.977295,0.04,-10.6805,-11.4165,-11.4063,0.0101652,-25,72,350
1775545749766,1817,1,-0.000332393,0.43489,0.88256,0.851358,0.820125,0.789043,0.04,-11.4165,-11.6052,-11.6147,0.00944614,-25,72,350
1775545749872,1818,1,0.000369698,0.466485,0.48129,0.471108,0.46095,0.450833,0.04,-11.6052,-12.5632,-12.5098,0.05338,-25,72,350
1775545749978,1819,1,-0.0050694,0.490243,0.341025,0.335545,0.330085,0.324649,0.04,-12.5632,-12.8506,-12.8216,0.0290117,-25,72,350
1775545750085,1820,1,-0.00788729,0.511902,0.158213,0.156956,0.155702,0.154451,0.04,-12.8506,-13.2689,-13.2192,0.0496769,-25,72,350
1775545750193,1821,1,-0.00639109,0.525421,0.01291,0.0129187,0.0129274,0.0129361,0.04,-13.2689,-13.7602,-13.6912,0.0689411,-25,72,350
1775545750308,1822,1,-0.00602961,0.531792,0.129702,0.130598,0.131497,0.132399,0.04,-13.7602,-13.9386,-13.8783,0.0602579,-25,72,350
1775545750414,1823,1,-0.00195086,0.519289,0.120425,0.12117,0.121917,0.122665,0.04,-13.9386,-13.8837,-13.8471,0.0365772,-25,72,350
1775545750527,1824,1,0.0019183,0.511609,0.141107,0.142108,0.143111,0.144115,0.04,-13.8837,-13.9398,-13.8937,0.0460596,-25,72,350
1775545750635,1825,1,0.00627539,0.49861,0.117047,0.117709,0.118373,0.119037,0.04,-13.9398,-13.8931,-13.8632,0.0299339,-25,72,350
1775545750743,1826,1,0.0112724,0.483674,0.0956657,0.0960894,0.0965133,0.0969374,0.04,-13.8931,-13.8378,-13.8157,0.0220919,-25,72,350
1775545750850,1827,1,0.0146613,0.473805,0.100828,0.101285,0.101743,0.1022,0.04,-13.8378,-13.8041,-13.783,0.0210676,-25,72,350
1775545750958,1828,1,0.0170121,0.466836,0.109592,0.110121,0.11065,0.111179,0.04,-13.8041,-13.7765,-13.7565,0.02005,-25,72,350
1775545751082,1829,1,0.020138,0.456022,0.0961954,0.0965897,0.0969839,0.0973779,0.04,-13.7765,-13.7022,-13.6903,0.0118732,-25,72,350
1775545751224,1830,1,0.0231755,0.444058,0.10037,0.100784,0.101197,0.101611,0.04,-13.7022,-13.5877,-13.5828,0.00495434,-25,72,350
1775545751398,1831,1,0.027568,0.426703,0.0674134,0.0675904,0.0677672,0.0679439,0.04,-13.5877,-13.4271,-13.4313,0.00417328,-25,72,350
1775545751528,1832,1,0.0303478,0.415385,0.0809799,0.0812263,0.0814724,0.0817182,0.04,-13.4271,-13.3109,-13.3147,0.00380707,-25,72,350
1775545751681,1833,1,0.0328211,0.405052,0.0938266,0.0941466,0.0944662,0.0947851,0.04,-13.3109,-13.2002,-13.2062,0.00599766,-25,72,350
1775545751804,1834,1,0.035593,0.392135,0.101724,0.102085,0.102445,0.102804,0.04,-13.2002,-13.0411,-13.054,0.0128946,-25,72,350
1775545751922,1835,1,0.0377012,0.381455,0.098042,0.0983657,0.0986885,0.0990104,0.04,-13.0411,-12.8985,-12.9127,0.0141411,-25,72,350
1775545752057,1836,1,0.0400688,0.370472,0.10722,0.107593,0.107965,0.108335,0.04,-12.8985,-12.7636,-12.7795,0.0159349,-25,72,350
1775545752168,1837,1,0.0425503,0.356583,0.0956189,0.0959019,0.096184,0.0964652,0.04,-12.7636,-12.5613,-12.5849,0.023571,-25,72,350
1775545752331,1838,1,0.0441228,0.346885,0.102392,0.102706,0.103019,0.10333,0.04,-12.5613,-12.4066,-12.4285,0.0219545,-25,72,350
1775545752486,1839,1,0.0452801,0.336958,0.100909,0.101203,0.101496,0.101788,0.04,-12.4066,-12.2184,-12.2441,0.0257463,-25,72,350
1775545752605,1840,1,0.0471746,0.319478,0.100154,0.100426,0.100697,0.100966,0.04,-12.2184,-11.8768,-11.9144,0.0376205,-25,72,350
1775545752721,1841,1,0.0489344,0.305237,0.0830485,0.0832258,0.0834023,0.0835781,0.04,-11.8768,-11.616,-11.6488,0.0327787,-25,72,350
1775545752838,1842,1,0.0501114,0.294691,0.0748833,0.0750218,0.0751596,0.0752969,0.04,-11.616,-11.4135,-11.4429,0.0294075,-25,72,350
1775545752951,1843,1,0.0501948,0.286832,0.0905935,0.0907898,0.0909851,0.0911792,0.04,-11.4135,-11.2043,-11.235,0.0307055,-25,72,350
1775545753064,1844,1,0.0507748,0.276057,0.104438,0.104687,0.104935,0.105181,0.04,-11.2043,-10.9508,-10.9845,0.0336628,-25,72,350
1775545753190,1845,1,0.0512954,0.267358,0.102283,0.102514,0.102743,0.10297,0.04,-10.9508,-10.7519,-10.7827,0.030777,-25,72,350
1775545753321,1846,1,0.0526314,0.250663,0.0736597,0.0737713,0.0738822,0.0739924,0.04,-10.7519,-10.3975,-10.4332,0.0356894,-25,72,350
1775545753448,1847,1,0.0531661,0.237985,0.0677469,0.067836,0.0679246,0.0680127,0.04,-10.3975,-10.0926,-10.1245,0.0319014,-25,72,350
1775545753562,1848,1,0.0546702,0.215997,0.0345948,0.0346157,0.0346366,0.0346574,0.04,-10.0926,-9.60735,-9.63924,0.0318909,-25,72,350
1775545753669,1849,1,0.0535215,0.208595,0.0397366,0.0397632,0.0397897,0.039816,0.04,-9.60735,-9.3271,-9.35084,0.0237465,-25,72,350
1775545753790,1850,1,0.0550165,0.192008,0.00582328,0.00582381,0.00582433,0.00582485,0.04,-9.3271,-8.98732,-9.00579,0.0184784,-24.8539,72,350
1775545753902,1851,1,0.0553882,0.176107,0.0150417,0.0150385,0.0150353,0.0150321,0.04,-8.98732,-8.58166,-8.60106,0.0194006,-22.5088,74,350
1775545754028,1852,1,0.0545725,0.168388,0.0171507,0.0171468,0.0171428,0.0171388,0.04,-8.58166,-8.31634,-8.33176,0.015419,-21.0672,76,350
1775545754139,1853,1,0.0558143,0.147555,0.0776184,0.0775474,0.0774754,0.0774026,0.04,-8.31634,-7.82936,-7.85422,0.0248561,-18.6024,78,350
1775545754262,1854,1,0.0586293,0.124509,0.15915,0.158897,0.158636,0.158368,0.04,-7.82936,-7.38781,-7.41826,0.0304518,-16.5605,80,350
1775545754396,1855,1,0.0598864,0.107164,0.22182,0.221394,0.220947,0.220479,0.04,-7.38781,-6.99581,-7.02624,0.0304313,-14.8929,82,350
1775545754518,1856,1,0.0619787,0.0770704,0.320092,0.319441,0.318725,0.317945,0.04,-6.99581,-6.31132,-6.33422,0.0228944,-12.286,85,350
1775545754629,1857,1,0.0624216,0.0541347,0.398639,0.397903,0.397041,0.396054,0.04,-6.31132,-5.70947,-5.72642,0.0169525,-10.2882,87,350
1775545754733,1858,1,0.063999,0.028581,0.493426,0.492762,0.491856,0.490711,0.04,-5.70947,-5.11258,-5.12483,0.0122485,-8.55216,88,350
1775545754844,1859,1,0.0642056,0.0224622,0.516309,0.515703,0.51482,0.513662,0.04,-5.11258,-4.9577,-4.98579,0.0280914,-8.13845,89,350
1775545754954,1860,1,0.0656637,0.00770241,0.581314,0.580912,0.580113,0.57892,0.04,-4.9577,-4.64907,-4.67219,0.0231209,-7.35611,90,350
1775545755065,1861,1,0.0669693,-0.00727915,0.651524,0.651485,0.650885,0.649727,0.04,-4.64907,-4.32303,-4.34693,0.0238986,-6.58731,90,350
1775545755178,1862,1,0.0684747,-0.0212087,0.717357,0.717835,0.717562,0.716541,0.04,-4.32303,-4.03985,-4.06816,0.0283084,-5.96447,91,350
1775545755296,1863,1,0.0691438,-0.0312231,0.779327,0.780328,0.780365,0.77944,0.04,-4.03985,-3.80541,-3.83782,0.0324068,-5.47836,92,350
1775545755428,1864,1,0.069621,-0.0392326,0.82706,0.828583,0.828954,0.82817,0.04,-3.80541,-3.61417,-3.64985,0.0356719,-5.10049,92,350
1775545755535,1865,1,0.0694177,-0.043882,0.864978,0.866887,0.867479,0.866747,0.04,-3.61417,-3.46838,-3.50645,0.03807,-4.8231,92,350
1775545755643,1866,1,0.069443,-0.0478083,0.898847,0.90113,0.901934,0.90125,0.04,-3.46838,-3.35857,-3.39842,0.039851,-4.62005,92,350
1775545755750,1867,1,0.0697341,-0.0505288,0.929874,0.932476,0.933438,0.932752,0.04,-3.35857,-3.30016,-3.34254,0.0423861,-4.51403,92,350
1775545755862,1868,1,0.0679499,-0.0459205,0.939674,0.942003,0.942639,0.941578,0.04,-3.30016,-3.30015,-3.34376,0.0436106,-4.51401,92,350
1775545755962,1869,1,0.0661663,-0.0413426,0.946028,0.94806,0.948367,0.946946,0.04,-3.30015,-3.2999,-3.34159,0.0416832,-4.51356,92,350
1775545756082,1870,1,0.0649272,-0.035829,0.945648,0.947292,0.947215,0.945416,0.04,-3.2999,-3.36361,-3.40745,0.0438437,-4.62926,92,350
1775545756225,1871,1,0.281953,-0.790306,1.45411,1.71074,2.00848,2.34623,0.04,-3.36361,2.25216,2.04893,0.203235,2.81845,100,382.045
1775545756351,1872,1,0.271199,-0.701333,1.41735,1.59964,1.79912,2.01301,0.04,2.25216,0.541696,0.51355,0.0281453,0.626129,98,382.045
1775545756472,1873,1,0.320587,-0.80562,1.22617,1.41585,1.63348,1.8796,0.04,0.541696,-0.0673114,-0.100769,0.0334576,-0.0774142,97,382.045
1775545756600,1874,1,0.353555,-0.872618,1.0977,1.28788,1.51289,1.77638,0.04,-0.0673114,-0.545343,-0.54392,0.00142372,-0.630388,96,382.045
1775545756769,1875,1,0.33077,-0.831259,1.20873,1.40968,1.6438,1.91282,0.04,-0.545343,-0.0719004,-0.137426,0.065526,-0.0826929,97,382.045
1775545756886,1876,1,0.305616,-0.784907,1.34654,1.5614,1.8074,2.08393,0.04,-0.0719004,0.435284,0.35962,0.0756639,0.502226,98,382.045
1775545757047,1877,1,0.289346,-0.752689,1.44799,1.67252,1.9263,2.20689,0.04,0.435284,0.704581,0.644867,0.0597131,0.817263,98,382.045
1775545757170,1878,1,0.271108,-0.7187,1.58792,1.8312,2.10259,2.39715,0.04,0.704581,1.07122,1.03103,0.0401909,1.25649,98,382.045
1775545757293,1879,1,0.253929,-0.680038,1.7012,1.94897,2.22005,2.50731,0.04,1.07122,1.22726,1.20597,0.0212865,1.44832,98,382.045
1775545757403,1880,1,0.242665,-0.654552,1.80463,2.06259,2.34122,2.63133,0.04,1.22726,1.33301,1.32384,0.00916553,1.58033,99,382.045
1775545757533,1881,1,0.22518,-0.609172,1.94125,2.20076,2.47378,2.7487,0.04,1.33301,1.3299,1.32655,0.00335491,1.57643,99,382.045
1775545757647,1882,1,0.210341,-0.566737,2.05981,2.31584,2.57798,2.83302,0.04,1.3299,1.21942,1.21555,0.00386763,1.4386,98,382.045
1775545757762,1883,1,0.195075,-0.521858,2.18852,2.43924,2.68788,2.91988,0.04,1.21942,1.07308,1.06119,0.0118928,1.25876,98,382.045
1775545757895,1884,1,0.184099,-0.488909,2.28211,2.52706,2.7637,2.97684,0.04,1.07308,0.948834,0.927023,0.0218108,1.10824,98,382.045
1775545758002,1885,1,0.170416,-0.440675,2.36115,2.58414,2.79102,2.96769,0.04,0.948834,0.590154,0.57048,0.0196741,0.682788,98,497.417
1775545758120,1886,1,0.147389,-0.357982,2.42448,2.59863,2.74775,2.86148,0.04,0.590154,-0.0669106,-0.0689821,0.00207152,-0.0769532,97,470.863
1775545758238,1887,1,0.129246,-0.289761,2.40639,2.53569,2.63747,2.70501,0.04,-0.0669106,-0.677832,-0.652941,0.024891,-0.785735,96,451.152
1775545758355,1888,1,0.109431,-0.210687,2.34529,2.42712,2.48205,2.50677,0.04,-0.677832,-1.47299,-1.43186,0.0411289,-1.75786,95,428.456
1775545758475,1889,1,0.090695,-0.131575,2.20037,2.24019,2.25767,2.25193,0.04,-1.47299,-2.35328,-2.31474,0.0385334,-2.96692,94,407.993
1775545758606,1890,1,0.0703897,-0.0409759,1.93399,1.93861,1.9285,1.90405,0.04,-2.35328,-3.45129,-3.44767,0.00362825,-4.79119,92,388.35
1775545758731,1891,1,0.0508747,0.0510153,1.55407,1.54071,1.52013,1.49283,0.04,-3.45129,-4.65358,-4.68176,0.0281773,-7.36716,90,368.663
1775545758849,1892,1,0.0416069,0.104165,1.32715,1.31046,1.28949,1.26459,0.04,-4.65358,-5.4862,-5.50865,0.0224533,-9.61165,87,358.287
1775545758992,1893,1,0.0405031,0.120756,1.29096,1.27304,1.25124,1.22593,0.04,-5.4862,-5.86438,-5.87499,0.0106077,-10.7777,86,354.72
1775545759110,1894,1,0.0409771,0.134288,1.30822,1.28794,1.26371,1.23594,0.04,-5.86438,-6.26108,-6.27253,0.0114541,-12.1091,85,352.722
1775545759272,1895,1,0.0422426,0.135413,1.34614,1.32444,1.29846,1.26866,0.04,-6.26108,-6.37361,-6.38085,0.00723791,-12.508,84,351.912
1775545759403,1896,1,0.0411983,0.147522,1.35615,1.33231,1.3042,1.27229,0.04,-6.37361,-6.62806,-6.63816,0.010097,-13.4459,84,350.425
1775545759521,1897,1,0.0404701,0.158064,1.34067,1.31586,1.28699,1.25455,0.04,-6.62806,-6.86546,-6.8761,0.0106344,-14.3673,83,347.863
1775545759623,1898,1,0.0398784,0.165064,1.33786,1.31213,1.28243,1.24924,0.04,-6.86546,-7.01463,-7.02492,0.0102959,-14.9699,82,346.816
1775545759731,1899,1,0.0399168,0.169745,1.31975,1.29408,1.26462,1.23184,0.04,-7.01463,-7.14657,-7.15735,0.0107846,-15.5185,81,345.478
1775545759845,1900,1,0.0390795,0.176189,1.3192,1.29263,1.26232,1.22876,0.04,-7.14657,-7.26336,-7.27436,0.0110021,-16.0166,81,344.347
1775545759957,1901,1,0.0388765,0.182876,1.2925,1.26611,1.23624,1.20336,0.04,-7.26336,-7.43412,-7.44601,0.0118861,-16.7664,80,342.722
1775545760089,1902,1,0.0372334,0.19565,1.23331,1.20774,1.17921,1.14813,0.04,-7.43412,-7.6748,-7.68669,0.0118876,-17.8673,79,341.682
1775545760184,1903,1,0.0357038,0.206733,1.15255,1.12907,1.10321,1.0753,0.04,-7.6748,-7.88052,-7.8915,0.0109768,-18.8506,78,340.365
1775545760301,1904,1,0.0342177,0.215912,1.09657,1.07442,1.05027,1.02438,0.04,-7.88052,-8.03425,-8.04429,0.0100374,-19.6115,77,339.444
1775545760411,1905,1,0.0333811,0.223617,1.03659,1.01614,0.994015,0.970439,0.04,-8.03425,-8.19347,-8.20309,0.00962543,-20.4235,77,338.512
1775545760535,1906,1,0.0320632,0.22998,0.984219,0.965284,0.944935,0.923354,0.04,-8.19347,-8.28212,-8.29057,0.00845528,-20.8864,76,338.306
1775545760646,1907,1,0.0307917,0.236314,0.921086,0.904074,0.885914,0.866748,0.04,-8.28212,-8.3747,-8.38207,0.00737,-21.3782,76,337.934
1775545760753,1908,1,0.0299403,0.24006,0.866293,0.851028,0.834812,0.817758,0.04,-8.3747,-8.42512,-8.43129,0.00617599,-21.6496,75,337.582
1775545760873,1909,1,0.0292668,0.242136,0.837863,0.823471,0.808219,0.792208,0.04,-8.42512,-8.43888,-8.44418,0.00530338,-21.7241,75,337.412
1775545760996,1910,1,0.0283621,0.243519,0.794697,0.781693,0.767954,0.753562,0.04,-8.43888,-8.42009,-8.42395,0.0038662,-21.6224,75,337.119
1775545761122,1911,1,0.0273745,0.244789,0.743067,0.731657,0.719644,0.707091,0.04,-8.42009,-8.39375,-8.396,0.00224304,-21.4805,76,337.148
1775545761280,1912,1,0.0267313,0.243707,0.729106,0.718177,0.706676,0.694661,0.04,-8.39375,-8.32213,-8.3232,0.00106716,-21.0979,76,337.028
1775545761407,1913,1,0.0252883,0.246323,0.659337,0.650322,0.640882,0.631058,0.04,-8.32213,-8.30347,-8.30273,0.000741005,-20.9991,76,337.908
1775545761540,1914,1,0.024692,0.243939,0.641627,0.633183,0.624344,0.615145,0.04,-8.30347,-8.20046,-8.19814,0.00232315,-20.4598,77,338.964
1775545761636,1915,1,0.0226524,0.246662,0.56599,0.55936,0.552458,0.545307,0.04,-8.20046,-8.1445,-8.14014,0.00435543,-20.1711,77,340.052
1775545761754,1916,1,0.0210694,0.248118,0.530022,0.524179,0.518112,0.51184,0.04,-8.1445,-8.07995,-8.07408,0.00586987,-19.842,77,340.513
1775545761867,1917,1,0.019802,0.248939,0.501196,0.495958,0.490531,0.484928,0.04,-8.07995,-8.019,-8.01205,0.00694942,-19.535,77,342.022
1775545761985,1918,1,0.0192209,0.246942,0.503751,0.498504,0.493065,0.487446,0.04,-8.019,-7.92451,-7.91652,0.00799656,-19.066,78,342.914
1775545762114,1919,1,0.0185204,0.242676,0.526914,0.521275,0.515413,0.509345,0.04,-7.92451,-7.75733,-7.74728,0.0100508,-18.2571,79,344.216
1775545762230,1920,1,0.0176026,0.238525,0.547276,0.541298,0.535069,0.528607,0.04,-7.75733,-7.5787,-7.56694,0.0117579,-17.4214,80,345.68
1775545762348,1921,1,0.0176892,0.231456,0.578803,0.572318,0.565531,0.558465,0.04,-7.5787,-7.38879,-7.37593,0.0128546,-16.5648,80,347.05
1775545762472,1922,1,0.0177311,0.225029,0.620322,0.613077,0.605457,0.597489,0.04,-7.38879,-7.21169,-7.19845,0.0132403,-15.7948,81,348.212
1775545762586,1923,1,0.0179308,0.215611,0.6733,0.665116,0.656444,0.647322,0.04,-7.21169,-6.96294,-6.94697,0.0159631,-14.759,82,349.361
1775545762703,1924,1,0.0186805,0.203697,0.740963,0.731583,0.721539,0.710885,0.04,-6.96294,-6.68245,-6.66465,0.0177913,-13.6529,83,349.911
1775545762813,1925,1,0.0187488,0.1929,0.8166,0.805774,0.794048,0.781496,0.04,-6.68245,-6.38399,-6.3637,0.0202861,-12.5452,84,350.595
1775545762938,1926,1,0.0184782,0.188518,0.851384,0.839862,0.827314,0.813828,0.04,-6.38399,-6.24163,-6.22626,0.0153694,-12.0411,85,351.286
1775545763058,1927,1,0.0190884,0.179799,0.913044,0.900356,0.88639,0.871254,0.04,-6.24163,-6.03889,-6.01978,0.0191059,-11.3493,86,351.882
1775545763178,1928,1,0.0192653,0.174858,0.956037,0.942467,0.927422,0.91103,0.04,-6.03889,-5.91114,-5.89397,0.0171666,-10.9287,86,352.654
1775545763297,1929,1,0.0202748,0.168588,0.996009,0.98176,0.96583,0.948366,0.04,-5.91114,-5.80535,-5.78864,0.0167036,-10.5892,86,354.019
1775545763416,1930,1,0.0210549,0.164462,1.03545,1.02038,1.00341,0.984711,0.04,-5.80535,-5.74184,-5.7264,0.0154352,-10.3891,87,354.893
1775545763551,1931,1,0.0213902,0.162721,1.07459,1.05848,1.04025,1.0201,0.04,-5.74184,-5.71223,-5.6974,0.0148306,-10.2968,87,355.688
1775545763658,1932,1,0.0220646,0.161583,1.09881,1.08205,1.06303,1.04196,0.04,-5.71223,-5.72448,-5.71144,0.0130343,-10.3349,87,356.884
1775545763785,1933,1,0.023013,0.158134,1.14062,1.12288,1.1026,1.08003,0.04,-5.72448,-5.69063,-5.67553,0.0151024,-10.2299,87,357.427
1775545763909,1934,1,0.0219898,0.164492,1.14293,1.12444,1.10342,1.08013,0.04,-5.69063,-5.79174,-5.7814,0.0103421,-10.5461,86,358.255
1775545764037,1935,1,0.0211084,0.169988,1.1408,1.1218,1.1003,1.07658,0.04,-5.79174,-5.87999,-5.86879,0.0112066,-10.8279,86,359.253
1775545764172,1936,1,0.0215382,0.172187,1.15482,1.13508,1.11278,1.08819,0.04,-5.87999,-5.96718,-5.95645,0.0107317,-11.1118,86,359.776
1775545764296,1937,1,0.0207649,0.177989,1.15626,1.13584,1.11286,1.08763,0.04,-5.96718,-6.07067,-6.06033,0.0103374,-11.4557,86,360.603
1775545764467,1938,1,0.0201924,0.183069,1.14954,1.1288,1.10558,1.08017,0.04,-6.07067,-6.16963,-6.15925,0.0103755,-11.7919,85,360.869
1775545764579,1939,1,0.0196336,0.191028,1.13932,1.1181,1.0945,1.06882,0.04,-6.16963,-6.34794,-6.34076,0.00717497,-12.4161,85,362.002
1775545764680,1940,1,0.0198836,0.1961,1.14516,1.12315,1.09877,1.07229,0.04,-6.34794,-6.50168,-6.4946,0.00708437,-12.9737,84,363.164
1775545764797,1941,1,0.0189345,0.203148,1.13077,1.10857,1.08411,1.05768,0.04,-6.50168,-6.62899,-6.62124,0.00775385,-13.4494,84,364.129
1775545764915,1942,1,0.0188322,0.207047,1.11502,1.09304,1.06891,1.04291,0.04,-6.62899,-6.72967,-6.7218,0.0078702,-13.8347,83,365.252
1775545765443,1943,1,0.0185361,0.213019,1.10831,1.08598,1.06156,1.03534,0.04,-6.72967,-6.87184,-6.86577,0.00606871,-14.3927,83,366.834
1775545765555,1944,1,0.0180614,0.240473,1.01012,0.989214,0.966836,0.943189,0.04,-6.87184,-7.59578,-7.60464,0.00885344,-17.5001,79,372.703
1775545765659,1945,1,0.0171004,0.249847,0.965958,0.946101,0.924982,0.902782,0.04,-7.59578,-7.78945,-7.78898,0.000477791,-18.4105,79,374.019
1775545765789,1946,1,0.017337,0.252507,0.95624,0.936569,0.915685,0.89376,0.04,-7.78945,-7.87916,-7.87758,0.00157976,-18.844,78,374.615
1775545766558,1947,1,0.0168054,0.261266,0.886601,0.869113,0.850675,0.83142,0.04,-7.87916,-8.0893,-8.08982,0.00051403,-19.8895,77,375.354
1775545766656,1948,1,0.015473,0.275319,0.796376,0.781494,0.765948,0.749829,0.04,-8.0893,-8.39034,-8.39102,0.000685692,-21.4621,76,380.481
1775545766771,1949,1,0.0144683,0.281214,0.761737,0.747817,0.733328,0.718346,0.04,-8.39034,-8.48546,-8.48383,0.00162601,-21.9779,75,381.028
1775545766895,1950,1,0.0146319,0.281084,0.745247,0.731937,0.718091,0.70378,0.04,-8.48546,-8.49564,-8.49317,0.00246239,-22.0336,75,381.366
1775545767018,1951,1,0.0148075,0.278925,0.786553,0.771833,0.756483,0.740588,0.04,-8.49564,-8.44345,-8.44106,0.00238419,-21.7489,75,382.544
1775545767914,1952,1,0.0150139,0.27362,0.870398,0.8527,0.834142,0.814851,0.04,-8.44345,-8.30226,-8.29923,0.00302696,-20.9927,76,384.358
1775545768028,1953,1,0.0138263,0.241777,1.21714,1.18639,1.15315,1.11785,0.04,-8.30226,-7.31054,-7.28175,0.0287848,-16.2212,81,385.934
1775545768147,1954,1,0.0128928,0.243186,1.21815,1.18717,1.1537,1.11818,0.04,-7.31054,-7.28389,-7.27344,0.0104456,-16.1054,81,385.869
1775545768279,1955,1,0.012296,0.240775,1.2499,1.21758,1.18255,1.14532,0.04,-7.28389,-7.1731,-7.15961,0.0134912,-15.6307,81,385.634
1775545769384,1956,1,0.0109443,0.240426,1.24561,1.21356,1.17883,1.14191,0.04,-7.1731,-7.07094,-7.05522,0.0157242,-15.2023,82,385.675
1775545769487,1957,1,0.00543116,0.269556,1.09206,1.06446,1.0352,1.00459,0.04,-7.07094,-7.49994,-7.49761,0.00232363,-17.0622,80,393.1
1775545769605,1958,1,0.00493835,0.272171,1.08426,1.05679,1.02769,0.997296,0.04,-7.49994,-7.53776,-7.52631,0.011447,-17.234,80,393.49
1775545770886,1959,1,0.00306645,0.280694,1.03931,1.01325,0.985816,0.95726,0.04,-7.53776,-7.6454,-7.63631,0.00908661,-17.73,79,394.404
1775545771011,1960,1,0.00358103,0.302216,1.08026,1.04973,1.01782,0.984853,0.04,-7.6454,-8.25779,-8.26114,0.00334358,-20.7586,76,398.755
1775545771133,1961,1,0.00483051,0.300342,1.14038,1.10654,1.07109,1.03441,0.04,-8.25779,-8.28535,-8.28096,0.00439072,-20.9034,76,399.232
1775545771250,1962,1,0.00568654,0.298133,1.21762,1.17929,1.13899,1.09724,0.04,-8.28535,-8.27436,-8.27017,0.00419521,-20.8456,76,399.406
1775545771918,1963,1,0.00739672,0.291474,1.40181,1.352,1.29921,1.2443,0.04,-8.27436,-8.18802,-8.18725,0.000767708,-20.3953,77,399.112
1775545772039,1964,1,-0.0108897,0.398685,0.0878221,0.0875469,0.0872712,0.0869951,0.04,-8.18802,-10.012,-9.96433,0.0476513,-25,72,393.953
1775545772170,1965,1,-0.0131927,0.411103,0.00154257,0.00154266,0.00154275,0.00154283,0.04,-10.012,-10.2022,-10.1923,0.00994873,-25,72,394.585
1775545772304,1966,1,-0.0145644,0.41764,0.0296683,0.0297016,0.0297349,0.0297682,0.04,-10.2022,-10.2798,-10.2732,0.00661182,-25,72,396.01
1775545772435,1967,1,-0.0160555,0.424941,0.0770408,0.0772707,0.0775003,0.0777297,0.04,-10.2798,-10.3667,-10.3577,0.00893688,-25,72,397.651
1775545772557,1968,1,-0.0160172,0.421352,0.00289881,0.00289913,0.00289945,0.00289978,0.04,-10.3667,-10.2842,-10.2818,0.00240517,-25,72,399.14
1775545772666,1969,1,-0.0150192,0.413201,0.0860955,0.0858186,0.0855413,0.0852637,0.04,-10.2842,-10.1197,-10.1197,4.76837e-06,-25,72,400.212
1775545772784,1970,1,-0.0146715,0.407062,0.140615,0.13989,0.139163,0.138435,0.04,-10.1197,-9.96923,-9.96764,0.00158596,-25,72,400.417
1775545772937,1971,1,-0.0148853,0.404507,0.133521,0.132873,0.132223,0.131572,0.04,-9.96923,-9.88647,-9.88339,0.00307941,-25,72,400.232
1775545773082,1972,1,-0.0142936,0.395876,0.147882,0.147108,0.146332,0.145554,0.04,-9.88647,-9.69179,-9.68988,0.00190735,-25,72,399.826
1775545773231,1973,1,-0.0132855,0.385287,0.182325,0.181188,0.180046,0.1789,0.04,-9.69179,-9.46981,-9.46639,0.00342083,-25,72,398.559
1775545773377,1974,1,-0.0119372,0.376734,0.208328,0.206884,0.205433,0.203974,0.04,-9.46981,-9.32766,-9.32186,0.00580311,-25,72,398.043
1775545773553,1975,1,-0.0113638,0.368535,0.190647,0.189471,0.188288,0.187099,0.04,-9.32766,-9.14831,-9.14257,0.00573921,-25,72,394.336
1775545773675,1976,1,-0.0106666,0.357997,0.180656,0.179636,0.178611,0.17758,0.04,-9.14831,-8.91309,-8.90686,0.00622845,-24.4117,73,391.584
1775545773804,1977,1,-0.0113448,0.358153,0.133847,0.133287,0.132725,0.132161,0.04,-8.91309,-8.87771,-8.87126,0.00645447,-24.2031,73,389.823
1775545773931,1978,1,-0.0103977,0.348268,0.106238,0.105897,0.105555,0.105212,0.04,-8.87771,-8.68019,-8.67464,0.00554943,-23.0625,74,387.085
1775545774047,1979,1,-0.010636,0.344141,0.0705146,0.0703668,0.0702185,0.0700699,0.04,-8.68019,-8.55776,-8.55194,0.00582027,-22.376,75,384.676
1775545774161,1980,1,-0.0102636,0.338141,0.0247402,0.0247224,0.0247046,0.0246867,0.04,-8.55776,-8.42848,-8.42217,0.00631428,-21.6678,75,382.15
1775545774309,1981,1,-0.0101943,0.332957,0.00968755,0.00968487,0.00968219,0.00967951,0.04,-8.42848,-8.29552,-8.28856,0.00696278,-20.9571,76,380.156
1775545774443,1982,1,-0.0097155,0.321769,0.00852866,0.00853065,0.00853264,0.00853463,0.04,-8.29552,-8.02634,-8.01826,0.00807858,-19.5718,77,377.934
1775545774559,1983,1,-0.0101787,0.318245,0.0316288,0.0316559,0.0316829,0.0317098,0.04,-8.02634,-7.8954,-7.88732,0.00808144,-18.9233,78,376.253
1775545774687,1984,1,-0.0106185,0.309482,0.0517623,0.0518323,0.0519022,0.0519719,0.04,-7.8954,-7.62497,-7.61474,0.0102301,-17.6351,79,374.093
1775545774806,1985,1,-0.00987701,0.297276,0.0485431,0.0486019,0.0486606,0.0487191,0.04,-7.62497,-7.34671,-7.33529,0.0114188,-16.3794,81,372.299
1775545774936,1986,1,-0.010424,0.289607,0.0595333,0.0596191,0.0597046,0.0597898,0.04,-7.34671,-7.09987,-7.08753,0.0123386,-15.3227,82,370.961
1775545775060,1987,1,-0.0109656,0.281081,0.0677923,0.0678998,0.0680069,0.0681135,0.04,-7.09987,-6.83068,-6.81674,0.013948,-14.2294,83,369.816
1775545775171,1988,1,-0.0106126,0.273208,0.0567917,0.0568648,0.0569376,0.0570101,0.04,-6.83068,-6.64396,-6.63152,0.0124435,-13.5061,83,369.28
1775545775293,1989,1,-0.00936068,0.262558,0.040144,0.0401789,0.0402137,0.0402485,0.04,-6.64396,-6.44516,-6.43256,0.0126023,-12.7666,84,368.716
1775545775410,1990,1,-0.00740578,0.245041,2.51496e-06,2.51496e-06,2.51496e-06,2.51496e-06,0.04,-6.44516,-6.11299,-6.09703,0.0159583,-11.5986,85,367.676
1775545775544,1991,1,-0.00542545,0.235578,0.0270621,0.027048,0.0270339,0.0270197,0.04,-6.11299,-5.98952,-5.97788,0.0116429,-11.1853,86,367.298
1775545775694,1992,1,-0.00334831,0.223541,0.0529838,0.0529326,0.0528812,0.0528295,0.04,-5.98952,-5.80344,-5.78961,0.0138283,-10.5831,86,366.562
1775545775819,1993,1,-0.000820532,0.207529,0.108501,0.108302,0.108101,0.107898,0.04,-5.80344,-5.53627,-5.51835,0.0179257,-9.76048,87,366.206
1775545775966,1994,1,0.00321057,0.188403,0.171233,0.170785,0.170327,0.169861,0.04,-5.53627,-5.28765,-5.26805,0.0195942,-9.03757,88,365.238
1775545776085,1995,1,0.00497009,0.179654,0.198528,0.197953,0.197365,0.196763,0.04,-5.28765,-5.16836,-5.15263,0.0157275,-8.70475,88,364.975
1775545776213,1996,1,0.00638793,0.172375,0.221816,0.221127,0.22042,0.219692,0.04,-5.16836,-5.06581,-5.05033,0.0154815,-8.4257,89,364.98
1775545776345,1997,1,0.00964349,0.156036,0.299343,0.298205,0.297018,0.295782,0.04,-5.06581,-4.83671,-4.81471,0.0220003,-7.8252,89,364.894
1775545776471,1998,1,0.0120091,0.144911,0.35724,0.355729,0.354134,0.352456,0.04,-4.83671,-4.69027,-4.67185,0.0184159,-7.4574,90,365.045
1775545776602,1999,1,0.0147836,0.131184,0.444171,0.44204,0.439744,0.43729,0.04,-4.69027,-4.49722,-4.47731,0.0199127,-6.99094,90,364.843
1775545777325,2000,1,0.0170103,0.121004,0.500245,0.497734,0.494987,0.49201,0.04,-4.49722,-4.36701,-4.35233,0.0146785,-6.68771,90,364.334
1775545777433,2001,1,0.0293654,0.0693667,0.963495,0.957567,0.949908,0.940588,0.04,-4.36701,-3.75264,-3.71218,0.0404608,-5.37246,92,362.462
1775545777557,2002,1,0.0313525,0.0614152,1.03935,1.03304,1.02456,1.01398,0.04,-3.75264,-3.66326,-3.65541,0.00784874,-5.19592,92,362.755
1775545777685,2003,1,0.0325459,0.0545943,1.16646,1.15907,1.1486,1.13518,0.04,-3.66326,-3.54204,-3.52617,0.0158625,-4.96211,92,362.209
1775545777802,2004,1,0.0341529,0.0470962,1.2943,1.28597,1.27342,1.25686,0.04,-3.54204,-3.43101,-3.41109,0.0199151,-4.75344,92,361.485
1775545778364,2005,1,0.0360792,0.0380566,1.46512,1.4556,1.43994,1.41847,0.04,-3.43101,-3.29407,-3.26932,0.0247552,-4.50306,92,361.732
1775545778502,2006,1,0.0443481,0.00365983,2.20062,2.18849,2.15542,2.10297,0.04,-3.29407,-2.82745,-2.79182,0.0356236,-3.70364,93,360.707
1775545778647,2007,1,0.0409229,0.0225661,2.41826,2.39382,2.34229,2.26657,0.04,-2.82745,-3.0751,-3.08276,0.00766778,-4.11793,93,358.265
1775545778781,2008,1,0.0434865,0.0107622,2.8795,2.8486,2.77217,2.65619,0.04,-3.0751,-2.87129,-2.86808,0.00321317,-3.77542,93,357.788
1775545778896,2009,1,0.0378972,0.0448517,2.90205,2.84849,2.75042,2.61543,0.04,-2.87129,-3.41051,-3.44341,0.0329015,-4.71548,92,355.591
1775545779031,2010,1,0.0250007,0.122943,2.22411,2.16587,2.08924,1.99764,0.04,-3.41051,-4.72791,-4.78388,0.0559754,-7.55076,89,352.405
1775545779145,2011,1,0.0223348,0.142065,2.35249,2.27838,2.18356,2.07268,0.04,-4.72791,-5.04716,-5.07547,0.0283036,-8.37565,89,351.749
1775545779309,2012,1,0.00935148,0.224958,1.26581,1.23484,1.20092,1.16456,0.04,-5.04716,-6.53935,-6.56315,0.023797,-13.1131,84,349.21
1775545779443,2013,1,0.00318623,0.266513,1.02221,0.99837,0.973131,0.946732,0.04,-6.53935,-7.27222,-7.27876,0.00653791,-16.0549,81,348.893
1775545779556,2014,1,-0.00381638,0.317071,0.0176452,0.0176535,0.0176619,0.0176703,0.04,-7.27222,-8.30503,-8.29336,0.0116682,-21.0073,76,348.253
1775545779672,2015,1,-0.0105835,0.36334,0.957788,0.986422,1.01394,1.04008,0.04,-8.30503,-8.92933,-8.82918,0.100147,-24.5079,72,348.115
1775545779794,2016,1,0.0440304,0.144405,4.44564,4.58269,4.52836,4.29359,0.04,-8.92933,-6.28404,-6.01428,0.269758,-12.1897,85,347.382
1775545779911,2017,1,0.0513568,0.104644,0.00610262,0.00610231,0.006102,0.0061017,0.04,-6.28404,-6.37286,-6.37988,0.00702381,-12.5052,84,350
1775545780038,2018,1,0.0492185,0.0998505,0.0128123,0.0128136,0.0128149,0.0128162,0.04,-6.37286,-6.09469,-6.09569,0.00100088,-11.5367,85,350
1775545780988,2019,1,0.0485873,0.0864579,0.00625563,0.00625537,0.0062551,0.00625483,0.04,-6.09469,-5.69016,-5.68616,0.00399685,-10.2284,87,350
1775545781105,2020,1,0.0407236,0.0454162,0.003215,0.00321497,0.00321493,0.00321489,0.04,-5.69016,-4.03827,-3.98112,0.0571463,-5.9611,91,350
1775545781215,2021,1,0.0392015,0.0415699,0.0026635,0.00266352,0.00266354,0.00266357,0.04,-4.03827,-3.82936,-3.82274,0.0066185,-5.52684,91,350
1775545783484,2022,1,0.0377885,0.0389142,0.0079005,0.00790069,0.00790088,0.00790107,0.04,-3.82936,-3.6592,-3.65405,0.00514817,-5.18799,92,350
1775545783608,2023,1,0.0201454,-0.0265636,0.0176765,0.0176772,0.0176778,0.0176784,0.04,-3.6592,-0.669699,-0.505899,0.1638,-0.776162,96,350
1775545783721,2024,1,0.0178863,-0.02509,4.21258e-06,4.21258e-06,4.21258e-06,4.21258e-06,0.04,-0.669699,-0.55643,-0.557146,0.000716507,-0.64334,96,350
1775545785836,2025,1,0.0169639,-0.0299467,0.0106479,0.0106482,0.0106485,0.0106487,0.04,-0.55643,-0.359798,-0.355926,0.00387204,-0.414699,97,350
1775545785942,2026,1,0.000246296,-0.0526779,0.0172922,0.0172934,0.0172946,0.0172958,0.04,-0.359798,1.40977,1.50427,0.0945079,1.67727,99,350
1775545786047,2027,1,-0.280472,0.760458,2.40957,3.07627,3.87974,4.76605,0.04,1.40977,-0.546008,-2.48556,1.93955,-0.631165,96,498.697
1775545786166,2028,1,0.39632,-1.14156,0.625874,0.81591,1.08349,1.46641,0.04,-0.546008,3.76055,3.62168,0.138865,5.38824,102,498.697
1775545787218,2029,1,0.484862,-1.26935,0.365192,0.504784,0.721727,1.0736,0.04,3.76055,1.09354,0.878679,0.214859,1.28372,98,498.697
1775545787324,2030,1,-0.0712245,0.0971772,0.685401,0.68867,0.69129,0.693248,0.04,1.09354,2.39911,2.6225,0.22339,3.03516,100,315.061
1775545788648,2031,1,-0.0582798,0.060879,0.595017,0.596491,0.597538,0.598153,0.04,2.39911,2.47192,2.56239,0.0904694,3.14479,100,330.164
1775545788796,2032,1,0.00669836,-0.194479,0.383305,0.385555,0.387701,0.389741,0.04,2.47192,4.85652,5.06329,0.206775,7.8759,105,382.472
1775545788918,2033,1,0.0224818,-0.251349,0.562655,0.569056,0.575154,0.580928,0.04,4.85652,5.3343,5.36653,0.0322256,9.17018,106,396.392
1775545789057,2034,1,0.02596,-0.264923,0.612113,0.620147,0.627799,0.635039,0.04,5.3343,5.46954,5.46926,0.000276089,9.56249,107,398.268
1775545790067,2035,1,0.0248077,-0.263015,0.624533,0.632823,0.640704,0.648146,0.04,5.46954,5.49958,5.49122,0.00836754,9.65127,107,396.232
1775545790219,2036,1,-0.0235118,-0.0537265,0.00951139,0.00951177,0.00951215,0.00951252,0.04,5.49958,3.07685,3.00902,0.0678263,4.12094,101,346.415
1775545790353,2037,1,-0.0248992,-0.0437109,0.0200349,0.0200335,0.0200321,0.0200307,0.04,3.07685,2.90358,2.92073,0.0171595,3.8287,101,346.255
1775545791207,2038,1,-0.0239733,-0.0407085,0.0233522,0.0233505,0.0233487,0.0233469,0.04,2.90358,2.75902,2.77625,0.0172327,3.59291,101,346.19
1775545791313,2039,1,-0.0181076,-0.0327086,0.0143536,0.0143531,0.0143525,0.014352,0.04,2.75902,2.13641,2.12223,0.0141792,2.65189,100,344.841
1775545791434,2040,1,-0.0178603,-0.0309129,0.0174477,0.017447,0.0174462,0.0174455,0.04,2.13641,2.07129,2.08161,0.0103168,2.55972,100,344.62
1775545792462,2041,1,-0.0167804,-0.0314432,0.00994386,0.00994362,0.00994337,0.00994313,0.04,2.07129,2.0099,2.01788,0.00798225,2.47377,99,344.471
1775545792614,2042,1,-0.0129428,-0.0166994,0.0290564,0.0290553,0.0290541,0.0290529,0.04,2.0099,1.34945,1.32733,0.0221198,1.60101,99,344.363
1775545792754,2043,1,-0.0121624,-0.0157062,0.0313036,0.0313024,0.0313011,0.0312997,0.04,1.34945,1.26911,1.27382,0.00471258,1.50036,99,344.116
1775545792876,2044,1,-0.0109296,-0.0167776,0.0243766,0.0243758,0.024375,0.0243741,0.04,1.26911,1.21187,1.21575,0.00388157,1.42925,98,344.02
1775545793011,2045,1,-0.0099382,-0.0175157,0.019417,0.0194165,0.019416,0.0194154,0.04,1.21187,1.1626,1.16542,0.00281584,1.36842,98,343.729
1775545794078,2046,1,-0.0086427,-0.0184068,0.0148309,0.0148306,0.0148302,0.0148299,0.04,1.1626,1.09654,1.09692,0.000380516,1.28739,98,343.208
1775545794202,2047,1,-0.00644617,0.00790275,0.077821,0.0778243,0.0778266,0.0778279,0.04,1.09654,0.243682,0.20709,0.0365918,0.280523,97,343.422
1775545794321,2048,1,-0.00565595,0.00889215,0.0829204,0.0829246,0.0829276,0.0829295,0.04,0.243682,0.163216,0.166733,0.00351748,0.187785,97,341.972
1775545794455,2049,1,-0.00590548,0.0123674,0.0975961,0.0976043,0.0976107,0.0976152,0.04,0.163216,0.0888231,0.0937896,0.00496643,0.102161,97,341.493
1775545794572,2050,1,-0.00514458,0.0111964,0.0893319,0.0893382,0.089343,0.0893464,0.04,0.0888231,0.0666313,0.0734386,0.00680738,0.0766319,97,339.911
1775545794692,2051,1,-0.00391452,0.0101369,0.0877501,0.0877555,0.0877595,0.0877622,0.04,0.0666313,0.010109,0.0141349,0.00402592,0.0116253,97,338.349
1775545794796,2052,1,-0.00176891,0.00455115,0.0636008,0.063602,0.0636026,0.0636028,0.04,0.010109,0.00916652,0.0132689,0.00410243,0.0105415,97,336.414
1775545794917,2053,1,5.5085e-05,0.000186559,0.0413776,0.0413775,0.0413773,0.041377,0.04,0.00916652,-0.00228007,-0.00140429,0.00087578,-0.00262208,97,335.186
1775545795053,2054,1,0.00160137,-0.003495,0.0226402,0.0226401,0.0226399,0.0226397,0.04,-0.00228007,-0.0124673,-0.0137291,0.00126182,-0.0143374,97,334.969
1775545795190,2055,1,0.00216217,-0.00333255,0.0146971,0.014697,0.014697,0.0146969,0.04,-0.0124673,-0.0568203,-0.0606527,0.00383247,-0.065347,97,335.305
1775545795317,2056,1,0.00336022,-0.00571573,0.000637266,0.000637266,0.000637265,0.000637265,0.04,-0.0568203,-0.0773363,-0.0814757,0.00413942,-0.088946,97,336.606
1775545795462,2057,1,0.00424104,-0.00621754,0.00106265,0.00106265,0.00106265,0.00106265,0.04,-0.0773363,-0.124493,-0.130223,0.00572946,-0.143206,97,337.842
1775545795583,2058,1,0.00732759,-0.0126664,0.0321813,0.0321823,0.0321832,0.032184,0.04,-0.124493,-0.158293,-0.162409,0.00411631,-0.182116,97,340.266
1775545795753,2059,1,0.00822203,-0.013685,0.0402908,0.0402925,0.040294,0.0402954,0.04,-0.158293,-0.191205,-0.195068,0.00386283,-0.220026,97,341.365
1775545795879,2060,1,0.010615,-0.0167183,0.04373,0.0437324,0.0437347,0.0437367,0.04,-0.191205,-0.273831,-0.281024,0.00719288,-0.315316,97,342.313
1775545796106,2061,1,0.0115841,-0.0160286,0.0296766,0.0296777,0.0296787,0.0296797,0.04,-0.273831,-0.361603,-0.369994,0.00839072,-0.41679,97,342.185
1775545796229,2062,1,0.0133729,-0.0154507,0.0107434,0.0107435,0.0107436,0.0107438,0.04,-0.361603,-0.503689,-0.51608,0.0123911,-0.581798,96,342.242
1775545796361,2063,1,0.0120109,-0.00518825,0.0536706,0.0536692,0.0536676,0.0536656,0.04,-0.503689,-0.680278,-0.691636,0.0113584,-0.788616,96,341.251
1775545796514,2064,1,0.00907724,0.012365,0.152162,0.152181,0.152193,0.152197,0.04,-0.680278,-0.936694,-0.947741,0.0110476,-1.09363,96,339.943
1775545796665,2065,1,0.00807537,0.0211383,0.201732,0.201791,0.201833,0.201858,0.04,-0.936694,-1.09679,-1.10049,0.00370038,-1.2877,96,338.549
1775545796805,2066,1,0.008695,0.0200161,0.191968,0.192018,0.192054,0.192076,0.04,-1.09679,-1.11081,-1.10588,0.00492573,-1.30484,96,338.312
1775545796969,2067,1,0.0114393,0.00796513,0.0570132,0.057015,0.0570165,0.0570175,0.04,-1.11081,-0.995901,-0.990379,0.00552219,-1.16504,96,338.567
1775545797096,2068,1,0.012053,0.00494147,3.83861e-06,3.83861e-06,3.83861e-06,3.83861e-06,0.04,-0.995901,-0.965579,-0.967453,0.00187415,-1.12842,96,338.694
1775545797230,2069,1,0.0146512,-0.00369596,0.0405559,0.0405564,0.0405566,0.0405568,0.04,-0.965579,-0.905006,-0.904461,0.000545204,-1.05558,96,338.657
1775545797392,2070,1,0.0142835,-0.00191255,0.042634,0.0426342,0.0426343,0.0426341,0.04,-0.905006,-0.927484,-0.931142,0.00365764,-1.08256,96,338.491
1775545797515,2071,1,0.0139146,0.00051466,0.04094,0.0409398,0.0409396,0.0409391,0.04,-0.927484,-0.967903,-0.972358,0.00445515,-1.13122,96,338.459
1775545797641,2072,1,0.0155664,-0.00325445,0.0372338,0.0372341,0.0372343,0.0372344,0.04,-0.967903,-0.980623,-0.984249,0.00362623,-1.14658,96,338.59
1775545797764,2073,1,0.0148796,0.000165069,0.0220415,0.0220414,0.0220414,0.0220413,0.04,-0.980623,-1.02806,-1.03372,0.00565851,-1.204,96,338.414
1775545797893,2074,1,0.016738,-0.00353507,0.019276,0.0192761,0.0192761,0.0192762,0.04,-1.02806,-1.05676,-1.06199,0.00522995,-1.23888,96,338.77
1775545798021,2075,1,0.0168506,-0.00462659,0.0437462,0.0437468,0.0437472,0.0437475,0.04,-1.05676,-1.03116,-1.03276,0.00160551,-1.20776,96,339.233
1775545798171,2076,1,0.0176853,-0.00343239,0.00370008,0.00370008,0.00370007,0.00370007,0.04,-1.03116,-1.12738,-1.13655,0.00916815,-1.32515,96,339.433
1775545798296,2077,1,0.0168766,0.00103539,0.0241688,0.0241689,0.0241689,0.0241688,0.04,-1.12738,-1.18909,-1.1955,0.00640798,-1.40108,96,338.943
1775545798422,2078,1,0.0158916,0.00586638,0.049616,0.049617,0.0496177,0.0496183,0.04,-1.18909,-1.24766,-1.25268,0.005023,-1.47365,96,338.898
1775545798599,2079,1,0.0174498,0.00290057,0.0224701,0.0224702,0.0224702,0.0224703,0.04,-1.24766,-1.27936,-1.28412,0.00476217,-1.51314,95,338.973
1775545798769,2080,1,0.0186387,0.00219592,0.0572639,0.0572643,0.0572643,0.0572639,0.04,-1.27936,-1.33685,-1.34227,0.00542057,-1.58516,95,338.444
1775545798902,2081,1,0.0202492,-0.00767229,0.240328,0.240348,0.240341,0.240305,0.04,-1.33685,-1.15227,-1.13964,0.0126321,-1.35571,96,339.102
1775545799045,2082,1,0.0187865,0.00535837,0.0265142,0.0265145,0.0265147,0.0265149,0.04,-1.15227,-1.43737,-1.4549,0.0175322,-1.71237,95,338.63
1775545799154,2083,1,0.0182444,0.00962806,0.0464777,0.0464792,0.0464805,0.0464816,0.04,-1.43737,-1.51225,-1.51822,0.00596952,-1.80826,95,338.676
1775545799322,2084,1,0.0180372,0.0120236,0.057247,0.0572499,0.0572524,0.0572545,0.04,-1.51225,-1.561,-1.56516,0.00416255,-1.87123,95,338.632
1775545799513,2085,1,0.0210431,0.000184775,0.0130075,0.0130075,0.0130075,0.0130075,0.04,-1.561,-1.45552,-1.45381,0.001706,-1.73551,95,339.11
1775545799650,2086,1,0.020663,0.0019406,0.0193367,0.0193367,0.0193368,0.0193368,0.04,-1.45552,-1.47571,-1.48018,0.00446975,-1.76134,95,339.949
1775545799769,2087,1,0.0239276,-0.0125021,0.0359332,0.0359344,0.0359355,0.0359366,0.04,-1.47571,-1.30804,-1.30381,0.00423372,-1.54901,95,340.552
1775545799899,2088,1,0.026672,-0.0242237,0.0898364,0.089851,0.089864,0.0898756,0.04,-1.30804,-1.17205,-1.16931,0.00273609,-1.38005,96,341.174
1775545800013,2089,1,0.0290701,-0.0342743,0.132043,0.132087,0.132127,0.132162,0.04,-1.17205,-1.05918,-1.05784,0.00134242,-1.24182,96,341.862
1775545800131,2090,1,0.0331333,-0.0482961,0.178405,0.178519,0.178622,0.178713,0.04,-1.05918,-0.953227,-0.953388,0.000161171,-1.11353,96,344.623
1775545800254,2091,1,0.0321919,-0.0472081,0.188767,0.188891,0.189002,0.1891,0.04,-0.953227,-0.915993,-0.919838,0.00384527,-1.06876,96,341.993
1775545800453,2092,1,0.0339425,-0.0543194,0.229457,0.229668,0.229855,0.230018,0.04,-0.915993,-0.838119,-0.839944,0.00182539,-0.975611,96,342.355
1775545800589,2093,1,0.0435077,-0.0927538,0.430999,0.432273,0.433387,0.434338,0.04,-0.838119,-0.427082,-0.411641,0.0154406,-0.492702,97,343.755
1775545800721,2094,1,0.0440176,-0.0970716,0.468821,0.470396,0.471765,0.472924,0.04,-0.427082,-0.339489,-0.351341,0.011852,-0.391195,97,342.49
1775545800864,2095,1,0.0449987,-0.102478,0.518905,0.520938,0.522691,0.52416,0.04,-0.339489,-0.252984,-0.267833,0.0148484,-0.291256,97,342.183
1775545801026,2096,1,0.0436448,-0.0990914,0.547421,0.549594,0.551437,0.552946,0.04,-0.252984,-0.246511,-0.269029,0.0225174,-0.283788,97,339.838
1775545801181,2097,1,0.0442947,-0.103977,0.602119,0.60487,0.607184,0.60905,0.04,-0.246511,-0.15049,-0.168435,0.0179442,-0.173132,97,339.625
1775545801310,2098,1,0.0450719,-0.106427,0.643408,0.646614,0.649286,0.651411,0.04,-0.15049,-0.131232,-0.158035,0.0268025,-0.150962,97,339.331
1775545801434,2099,1,0.0444867,-0.104321,0.663656,0.666983,0.669723,0.671863,0.04,-0.131232,-0.144545,-0.174755,0.0302099,-0.166287,97,338.533
1775545801564,2100,1,0.0466955,-0.111829,0.704991,0.709027,0.712359,0.714971,0.04,-0.144545,-0.0872914,-0.113629,0.0263379,-0.100398,97,340.498
1775545801672,2101,1,0.0532003,-0.134334,0.810489,0.816959,0.822368,0.826678,0.04,-0.0872914,0.0894849,0.0692301,0.0202548,0.102922,97,345.221
1775545801781,2102,1,0.0534892,-0.134212,0.828457,0.835199,0.840805,0.845237,0.04,0.0894849,0.0691945,0.0318403,0.0373541,0.0795802,97,345.041
1775545801898,2103,1,0.0492486,-0.12044,0.825212,0.831136,0.835931,0.839563,0.04,0.0691945,-0.0111888,-0.0517817,0.0405928,-0.0128672,97,340.875
1775545802049,2104,1,0.0461702,-0.108886,0.826436,0.831737,0.835898,0.838891,0.04,-0.0111888,-0.111076,-0.151763,0.0406867,-0.127765,97,337.531
1775545802178,2105,1,0.0467971,-0.112164,0.872909,0.878989,0.883726,0.887083,0.04,-0.111076,-0.0582428,-0.0850043,0.0267616,-0.0669831,97,337.688
1775545802296,2106,1,0.048678,-0.119255,0.938929,0.946413,0.952227,0.956316,0.04,-0.0582428,0.0144045,-0.00937366,0.0237782,0.0165652,97,338.295
1775545802440,2107,1,0.0487295,-0.118716,0.984852,0.992999,0.999214,1.00344,0.04,0.0144045,0.00367495,-0.0247831,0.0284581,0.00422619,97,338.582
1775545802594,2108,1,0.0505211,-0.124518,1.03418,1.04361,1.05081,1.0557,0.04,0.00367495,0.0449655,0.022594,0.0223715,0.0517122,97,340.342
1775545802735,2109,1,0.0476927,-0.112136,1.05234,1.06098,1.06724,1.07107,0.04,0.0449655,-0.0919784,-0.125506,0.0335275,-0.105791,97,339.262
1775545802872,2110,1,0.0473213,-0.108913,1.09951,1.10856,1.11491,1.11847,0.04,-0.0919784,-0.146055,-0.168828,0.0227732,-0.168025,97,340.144
1775545803010,2111,1,0.045454,-0.0997746,1.11987,1.12831,1.13389,1.13652,0.04,-0.146055,-0.261283,-0.285589,0.0243064,-0.300832,97,339.931
1775545803145,2112,1,0.0448383,-0.0956137,1.14084,1.14913,1.1544,1.15656,0.04,-0.261283,-0.328107,-0.346133,0.0180264,-0.378029,97,340.419
1775545803358,2113,1,0.0428711,-0.0853589,1.15439,1.16177,1.16601,1.16704,0.04,-0.328107,-0.467783,-0.488399,0.0206162,-0.539998,96,339.467
1775545803472,2114,1,0.0398422,-0.0666333,1.18687,1.19253,1.19477,1.19355,0.04,-0.467783,-0.760534,-0.786639,0.026105,-0.883412,96,338.865
1775545803632,2115,1,0.0390274,-0.0587313,1.21781,1.2228,1.22409,1.22167,0.04,-0.760534,-0.913445,-0.924736,0.011291,-1.0657,96,338.868
1775545803793,2116,1,0.0387085,-0.0522039,1.2701,1.27461,1.27493,1.27106,0.04,-0.913445,-1.06007,-1.06588,0.00581336,-1.24291,96,339.099
1775545803926,2117,1,0.0384687,-0.0461729,1.29357,1.29741,1.29683,1.29184,0.04,-1.06007,-1.20322,-1.20635,0.00312841,-1.41854,96,338.946
1775545804061,2118,1,0.0382138,-0.0358917,1.33412,1.3367,1.33444,1.32738,0.04,-1.20322,-1.45781,-1.46505,0.00723612,-1.73845,95,338.16
1775545804228,2119,1,0.0381081,-0.0301029,1.35684,1.35863,1.35534,1.34704,0.04,-1.45781,-1.60387,-1.60152,0.00234437,-1.92696,95,337.198
1775545804724,2120,1,0.0391756,-0.0241118,1.418,1.41889,1.414,1.40343,0.04,-1.60387,-1.83054,-1.83065,0.000108957,-2.2278,95,336.038
1775545804867,2121,1,0.0383012,0.0146224,1.50206,1.49606,1.48335,1.46421,0.04,-1.83054,-2.80688,-2.84207,0.0351889,-3.67019,93,336.082
1775545805046,2122,1,0.0359067,0.0339125,1.49415,1.48489,1.46912,1.44717,0.04,-2.80688,-3.16555,-3.16575,0.000203371,-4.2748,93,338.066
1775545805163,2123,1,0.0340664,0.0510677,1.49069,1.47853,1.45998,1.43546,0.04,-3.16555,-3.50382,-3.50179,0.00202751,-4.88969,92,340.873
1775545805286,2124,1,0.0322371,0.0750238,1.47553,1.45958,1.43758,1.41,0.04,-3.50382,-4.02872,-4.03454,0.00582361,-5.94079,91,344.884
1775545805424,2125,1,0.0328651,0.082908,1.52062,1.50215,1.47714,1.44615,0.04,-4.02872,-4.27933,-4.27409,0.00524092,-6.48854,91,348.265
1775545805562,2126,1,0.0324369,0.0901264,1.57141,1.55017,1.5218,1.48696,0.04,-4.27933,-4.43822,-4.43037,0.00785112,-6.85242,90,350.287
1775545805680,2127,1,0.0313881,0.109365,1.54828,1.52409,1.49324,1.45642,0.04,-4.43822,-4.89033,-4.89422,0.00388956,-7.96296,89,353.037
1775545805811,2128,1,0.0316051,0.11772,1.58621,1.55907,1.52487,1.48442,0.04,-4.89033,-5.1265,-5.12565,0.000850201,-8.59007,88,355.521
1775545806040,2129,1,0.0316435,0.127374,1.64274,1.61143,1.57242,1.52671,0.04,-5.1265,-5.38304,-5.38617,0.00312948,-9.31018,88,357.788
1775545806176,2130,1,0.0308315,0.14686,1.6482,1.61243,1.56916,1.51948,0.04,-5.38304,-5.85438,-5.86539,0.0110059,-10.7456,86,361.131
1775545806280,2131,1,0.0287832,0.170086,1.62417,1.58453,1.53803,1.48579,0.04,-5.85438,-6.34573,-6.3586,0.0128632,-12.4082,85,363.598
1775545806402,2132,1,0.0278175,0.183203,1.60231,1.56102,1.51332,1.46032,0.04,-6.34573,-6.63755,-6.64863,0.0110765,-13.4818,84,365.311
1775545806526,2133,1,0.0275621,0.197668,1.5598,1.51784,1.47015,1.41777,0.04,-6.63755,-7.01754,-7.03044,0.0128918,-14.9819,82,367.008
1775545806656,2134,1,0.0263294,0.214214,1.46246,1.42276,1.37849,1.33051,0.04,-7.01754,-7.39372,-7.40483,0.0111089,-16.5867,80,368.183
1775545806770,2135,1,0.0229789,0.242334,1.25596,1.2231,1.18752,1.14971,0.04,-7.39372,-7.95176,-7.95972,0.00795841,-19.2004,78,369.258
1775545806880,2136,1,0.021582,0.256466,1.17711,1.14659,1.11392,1.07949,0.04,-7.95176,-8.24874,-8.25488,0.00613594,-20.7112,76,371.298
1775545806994,2137,1,0.0183019,0.277352,0.959049,0.937191,0.914218,0.890318,0.04,-8.24874,-8.61766,-8.62242,0.0047617,-22.71,74,372.024
1775545807110,2138,1,0.0160101,0.293361,0.8471,0.829031,0.810231,0.79082,0.04,-8.61766,-8.90833,-8.91153,0.0031929,-24.3836,73,373.075
1775545807226,2139,1,0.0160647,0.297508,0.789664,0.77374,0.757229,0.740223,0.04,-8.90833,-9.03247,-9.03496,0.00249004,-25,72,374.744
1775545807359,2140,1,0.0146449,0.305184,0.730204,0.716218,0.701778,0.686955,0.04,-9.03247,-9.15059,-9.15177,0.00118351,-25,72,375.459
1775545807471,2141,1,0.0151779,0.297319,0.809363,0.79264,0.775284,0.7574,0.04,-9.15059,-8.96342,-8.9659,0.0024786,-24.7109,72,376.584
1775545807583,2142,1,0.0183505,0.275384,1.05678,1.03037,1.00248,0.97339,0.04,-8.96342,-8.55441,-8.55694,0.00252724,-22.3574,75,378.131
1775545807712,2143,1,0.0192878,0.265002,1.15193,1.12171,1.08953,1.05576,0.04,-8.55441,-8.32502,-8.32766,0.00264645,-21.1132,76,378.526
1775545807836,2144,1,0.0207441,0.249029,1.34559,1.30669,1.26456,1.21988,0.04,-8.32502,-7.96701,-7.97157,0.00455666,-19.2759,78,378.865
1775545807985,2145,1,0.022071,0.236413,1.4612,1.4175,1.36956,1.31828,0.04,-7.96701,-7.70153,-7.70946,0.007936,-17.9928,79,379.299
1775545808092,2146,1,0.0244382,0.209831,1.7893,1.73025,1.66308,1.58966,0.04,-7.70153,-7.10207,-7.11859,0.0165191,-15.3319,82,380.111
1775545808236,2147,1,0.0232963,0.210153,1.80804,1.74761,1.67883,1.60365,0.04,-7.10207,-7.02949,-7.04853,0.0190387,-15.031,82,380.28
1775545808391,2148,1,0.0225982,0.205798,1.89356,1.82835,1.75353,1.67141,0.04,-7.02949,-6.85241,-6.87182,0.0194106,-14.3154,83,381.379
1775545808514,2149,1,0.0204647,0.210956,1.90491,1.83732,1.76011,1.6757,0.04,-6.85241,-6.84362,-6.86419,0.0205746,-14.2806,83,382.623
1775545808649,2150,1,0.0194109,0.215161,1.96612,1.89258,1.80869,1.71722,0.04,-6.84362,-6.87736,-6.90016,0.0227981,-14.4147,83,384.398
1775545808768,2151,1,0.0156213,0.237703,1.77957,1.71369,1.64052,1.56205,0.04,-6.87736,-7.2504,-7.26924,0.0188351,-15.9608,81,384.947
1775545808886,2152,1,0.0129655,0.252987,1.72973,1.66362,1.59116,1.5142,0.04,-7.2504,-7.4877,-7.5028,0.0150952,-17.0069,80,386.794
1775545809018,2153,1,0.0106539,0.267292,1.65128,1.58772,1.51892,1.44644,0.04,-7.4877,-7.72578,-7.7366,0.0108199,-18.1073,79,388.97
1775545809146,2154,1,0.00662919,0.291627,1.43676,1.38437,1.32878,1.27097,0.04,-7.72578,-8.13469,-8.13724,0.00255489,-20.1208,77,390.428
1775545809363,2155,1,0.00724538,0.290401,1.627,1.55982,1.48815,1.41358,0.04,-8.13469,-8.12004,-8.12774,0.00769138,-20.046,77,392.927
1775545809530,2156,1,0.00183256,0.32617,1.31035,1.26128,1.21022,1.15788,0.04,-8.12004,-8.75556,-8.75742,0.0018549,-23.4929,74,394.533
1775545809695,2157,1,-0.00273413,0.357858,1.04411,1.00964,0.974341,0.93854,0.04,-8.75556,-9.33308,-9.33858,0.00549412,-25,72,394.648
1775545809866,2158,1,-0.0078104,0.391992,0.661743,0.646366,0.63083,0.615193,0.04,-9.33308,-9.95844,-9.9562,0.00223541,-25,72,393
1775545809964,2159,1,-0.0195911,0.463442,0.211467,0.213416,0.215363,0.21731,0.04,-9.95844,-11.1414,-11.0712,0.0701714,-25,72,389.997
1775545810124,2160,1,-0.0207029,0.470378,0.292146,0.295944,0.299741,0.303535,0.04,-11.1414,-11.2386,-11.1866,0.0520258,-25,72,389.477
1775545810230,2161,1,-0.0227375,0.47829,0.369746,0.375977,0.38221,0.388439,0.04,-11.2386,-11.2988,-11.2269,0.071907,-25,72,389.612
1775545810360,2162,1,-0.0214081,0.469631,0.30612,0.310281,0.31444,0.318595,0.04,-11.2988,-11.1675,-11.1195,0.0479736,-25,72,390.227
1775545810504,2163,1,-0.0214109,0.46834,0.307687,0.311874,0.316059,0.320239,0.04,-11.1675,-11.1321,-11.0811,0.0510321,-25,72,390.37
1775545810654,2164,1,-0.0190611,0.453,0.152041,0.153017,0.153992,0.154966,0.04,-11.1321,-10.9056,-10.8957,0.00986958,-25,72,391.384
1775545810804,2165,1,-0.0181373,0.446454,0.0953753,0.0957518,0.096128,0.096504,0.04,-10.9056,-10.8016,-10.7957,0.00586033,-25,72,392.249
1775545810923,2166,1,-0.0170015,0.436615,0.0673237,0.0671416,0.0669594,0.0667771,0.04,-10.8016,-10.6187,-10.6201,0.00135708,-25,72,393.456
1775545811042,2167,1,-0.0157324,0.425923,0.222509,0.220583,0.218653,0.216719,0.04,-10.6187,-10.3934,-10.3931,0.000286102,-25,72,394.563
1775545811381,2168,1,-0.0164559,0.426145,0.24328,0.240976,0.238666,0.236353,0.04,-10.3934,-10.3462,-10.341,0.00523281,-25,72,395.579
1775545811524,2169,1,-0.017193,0.419588,0.435712,0.42846,0.42118,0.413882,0.04,-10.3462,-10.0895,-10.0879,0.00156689,-25,72,397.721
1775545811633,2170,1,-0.020001,0.43404,0.26775,0.26489,0.262025,0.259157,0.04,-10.0895,-10.3112,-10.2994,0.0117712,-25,72,397.514
1775545811764,2171,1,-0.0187272,0.423892,0.415419,0.408741,0.40204,0.395326,0.04,-10.3112,-10.1029,-10.1002,0.00275517,-25,72,398.376
1775545811940,2172,1,-0.0204896,0.432035,0.331538,0.327179,0.322811,0.318437,0.04,-10.1029,-10.2138,-10.2047,0.00909996,-25,72,398.745
1775545812129,2173,1,-0.0212723,0.43353,0.360341,0.355167,0.349983,0.344794,0.04,-10.2138,-10.1959,-10.1894,0.00650024,-25,72,399.447
1775545812243,2174,1,-0.0226914,0.439994,0.316231,0.312168,0.3081,0.30403,0.04,-10.1959,-10.2792,-10.2704,0.00881386,-25,72,399.765
1775545812358,2175,1,-0.0228361,0.439048,0.359899,0.354652,0.349396,0.344139,0.04,-10.2792,-10.2372,-10.2312,0.00607491,-25,72,399.851
1775545812476,2176,1,-0.0232874,0.440242,0.305714,0.301915,0.29811,0.294304,0.04,-10.2372,-10.2464,-10.2388,0.00755501,-25,72,399.973
1775545812587,2177,1,-0.047054,0.589612,1.8112,2.02328,2.24367,2.4644,0.04,-10.2464,-12.3234,-12.1677,0.155646,-25,72,391.532
1775545812709,2178,1,-0.0249784,0.472345,1.79087,1.93404,2.07349,2.2041,0.04,-12.3234,-10.7113,-10.7007,0.0106268,-25,72,406.085
1775545812830,2179,1,-0.0188544,0.43605,1.7549,1.87693,1.99353,2.10063,0.04,-10.7113,-10.167,-10.1621,0.00482368,-25,72,409.461
1775545812943,2180,1,-0.0239382,0.459211,1.77742,1.91255,2.04326,2.16483,0.04,-10.167,-10.4333,-10.4189,0.014432,-25,72,406.612
1775545813050,2181,1,-0.0334043,0.506642,1.82952,1.99633,2.16175,2.31944,0.04,-10.4333,-11.0412,-11.0075,0.0337543,-25,72,401.573
1775545813157,2182,1,-0.0463923,0.574138,1.84356,2.05301,2.26875,2.48253,0.04,-11.0412,-11.9479,-11.8513,0.0965748,-25,72,394.635
1775545813265,2183,1,-0.0498254,0.590419,1.8339,2.05195,2.27865,2.50557,0.04,-11.9479,-12.1481,-12.0386,0.1095,-25,72,393.099
1775545813396,2184,1,-0.0529402,0.605674,1.82638,2.05316,2.29105,2.53139,0.04,-12.1481,-12.3422,-12.2131,0.12907,-25,72,391.87
1775545813528,2185,1,-0.0501951,0.599512,1.83215,2.05603,2.29005,2.52555,0.04,-12.3422,-12.3659,-12.2359,0.129994,-25,72,397.999
1775545813637,2186,1,-0.0496075,0.597343,1.82537,2.04607,2.27647,2.50811,0.04,-12.3659,-12.3502,-12.2211,0.129065,-25,72,399.934
1775545813763,2187,1,-0.0497543,0.599513,1.84084,2.06688,2.30316,2.54085,0.04,-12.3502,-12.3942,-12.2621,0.132072,-25,72,400.663
1775545813894,2188,1,-0.0469719,0.586547,1.85344,2.07354,2.30187,2.52967,0.04,-12.3942,-12.2371,-12.1231,0.114013,-25,72,403.606
1775545814040,2189,1,-0.0435267,0.568056,1.85296,2.06059,2.27369,2.484,0.04,-12.2371,-11.9811,-11.891,0.0900116,-25,72,406.156
1775545814210,2190,1,-0.0368322,0.530396,1.82042,1.99846,2.17741,2.35052,0.04,-11.9811,-11.443,-11.3916,0.0513878,-25,72,410.336
1775545814336,2191,1,-0.0256699,0.468343,1.74999,1.88497,2.01632,2.13949,0.04,-11.443,-10.5646,-10.5483,0.0162334,-25,72,416.751
1775545814541,2192,1,-0.0119963,0.39252,1.61976,1.70949,1.79371,1.86996,0.04,-10.5646,-9.49635,-9.47752,0.0188255,-25,72,424.337
1775545814673,2193,1,0.0350588,0.135178,0.757963,0.763692,0.768555,0.772523,0.04,-9.49635,-5.95232,-5.80112,0.151199,-11.063,86,444.485
1775545814815,2194,1,0.170039,-0.618306,1.68009,1.87918,2.08918,2.30402,0.04,-5.95232,5.32163,5.5276,0.205968,9.13403,106,499.355
1775545814991,2195,1,0.182542,-0.726986,1.64453,1.91313,2.21532,2.54526,0.04,5.32163,7.4288,7.44482,0.0160198,16.7426,114,499.355
1775545815098,2196,1,0.172984,-0.709699,1.69306,1.96277,2.26345,2.58809,0.04,7.4288,7.62756,7.56597,0.0615835,17.6471,115,485.408
1775545815284,2197,1,-0.0123604,0.317546,0.901571,0.879198,0.856058,0.832316,0.04,7.62756,-7.59686,-7.44821,0.148655,-17.505,79,350
1775545815446,2198,1,-0.0106153,0.334933,0.842483,0.821753,0.800458,0.778728,0.04,-7.59686,-8.19583,-8.2028,0.00697041,-20.4358,77,350
1775545815587,2199,1,-0.00580983,0.357049,0.808066,0.787538,0.766591,0.745341,0.04,-8.19583,-9.13083,-9.13743,0.00659466,-25,72,350
1775545815702,2200,1,-0.00052112,0.386886,0.726531,0.70828,0.68981,0.671201,0.04,-9.13083,-10.3144,-10.3041,0.0103073,-25,72,350
1775545815823,2201,1,0.00329574,0.395753,0.714164,0.696034,0.677723,0.659308,0.04,-10.3144,-10.8194,-10.8174,0.00195503,-25,72,350
1775545815967,2202,1,0.00414501,0.40581,0.660127,0.644152,0.628057,0.611899,0.04,-10.8194,-11.1576,-11.1567,0.000945091,-25,72,350
1775545816088,2203,1,0.00615716,0.40134,0.6657,0.649677,0.633518,0.617283,0.04,-11.1576,-11.1749,-11.1844,0.00951862,-25,72,350
1775545816202,2204,1,0.0066371,0.406545,0.595002,0.582,0.568907,0.555761,0.04,-11.1749,-11.3587,-11.3595,0.000789642,-25,72,350
1775545816308,2205,1,0.0087062,0.40221,0.590531,0.577894,0.565161,0.552366,0.04,-11.3587,-11.385,-11.3917,0.00672626,-25,72,350
1775545816460,2206,1,0.00930651,0.40239,0.575785,0.563767,0.551657,0.539491,0.04,-11.385,-11.4334,-11.4388,0.00539398,-25,72,350
1775545816573,2207,1,0.00997765,0.40661,0.486906,0.478204,0.469448,0.460656,0.04,-11.4334,-11.6066,-11.6034,0.00320911,-25,72,350
1775545816743,2208,1,0.00972462,0.411951,0.407019,0.400839,0.39463,0.388401,0.04,-11.6066,-11.7452,-11.741,0.0041399,-25,72,350
1775545816856,2209,1,0.00878562,0.421383,0.284736,0.281625,0.278505,0.275378,0.04,-11.7452,-11.9535,-11.9431,0.0103846,-25,72,350
1775545816993,2210,1,0.00879801,0.42595,0.219902,0.21802,0.216135,0.214247,0.04,-11.9535,-12.0877,-12.0804,0.00730991,-25,72,350
1775545817111,2211,1,0.00767581,0.435945,0.0762212,0.0759883,0.0757552,0.075522,0.04,-12.0877,-12.3025,-12.2859,0.0166445,-25,72,350
1775545817230,2212,1,0.00967269,0.431439,0.0523794,0.0522709,0.0521624,0.0520538,0.04,-12.3025,-12.3223,-12.3166,0.0056963,-25,72,350
1775545817347,2213,1,0.0108521,0.430795,0.00666635,0.0066646,0.00666285,0.00666109,0.04,-12.3223,-12.3935,-12.381,0.012558,-25,72,350
1775545817510,2214,1,0.0136298,0.422628,0.00899655,0.00899344,0.00899033,0.00898721,0.04,-12.3935,-12.3642,-12.3589,0.0052824,-25,72,350
1775545817628,2215,1,0.0143307,0.419193,0.016683,0.0166936,0.0167042,0.0167148,0.04,-12.3642,-12.3185,-12.3153,0.00317001,-25,72,350
1775545817755,2216,1,0.0149253,0.415385,0.0719495,0.072144,0.0723383,0.0725324,0.04,-12.3185,-12.2477,-12.2489,0.00119972,-25,72,350
1775545817874,2217,1,0.0174025,0.402965,0.0723132,0.0725021,0.0726908,0.0728791,0.04,-12.2477,-12.083,-12.0915,0.00856113,-25,72,350
1775545817996,2218,1,0.0222103,0.383433,0.0372612,0.0373083,0.0373553,0.0374023,0.04,-12.083,-11.8924,-11.9034,0.0109396,-25,72,350
1775545818175,2219,1,0.0229945,0.378089,0.0758692,0.0760609,0.0762522,0.0764431,0.04,-11.8924,-11.7959,-11.8037,0.00773144,-25,72,350
1775545818300,2220,1,0.0242151,0.368834,0.111699,0.112101,0.112503,0.112903,0.04,-11.7959,-11.6242,-11.6367,0.0124502,-25,72,350
1775545818448,2221,1,0.0283658,0.357741,0.128291,0.128803,0.129312,0.129818,0.04,-11.6242,-11.6082,-11.6138,0.00564766,-25,72,350
1775545818556,2222,1,0.0290832,0.353329,0.136735,0.137307,0.137876,0.138442,0.04,-11.6082,-11.5371,-11.546,0.00888252,-25,72,350
1775545818657,2223,1,0.0282459,0.336388,0.138802,0.139357,0.139909,0.140457,0.04,-11.5371,-11.0211,-11.0509,0.0297899,-25,72,350
1775545818775,2224,1,0.0294645,0.32228,0.138947,0.139476,0.140001,0.140522,0.04,-11.0211,-10.7238,-10.7423,0.0185299,-25,72,350
1775545818902,2225,1,0.0312518,0.310263,0.11808,0.118445,0.118807,0.119168,0.04,-10.7238,-10.5256,-10.5407,0.0151157,-25,72,350
1775545819041,2226,1,0.0317947,0.30459,0.117338,0.117691,0.118042,0.11839,0.04,-10.5256,-10.4099,-10.4215,0.0116901,-25,72,350
1775545819169,2227,1,0.0349283,0.277293,0.0876446,0.0878214,0.0879972,0.0881719,0.04,-10.4099,-9.89314,-9.91794,0.024807,-25,72,350
1775545819292,2228,1,0.0362921,0.264556,0.0649825,0.0650747,0.0651665,0.0652579,0.04,-9.89314,-9.64653,-9.66049,0.0139656,-25,72,350
1775545819395,2229,1,0.036835,0.255323,0.0630733,0.0631568,0.0632399,0.0633226,0.04,-9.64653,-9.43469,-9.44671,0.0120182,-25,72,350
1775545819507,2230,1,0.0382073,0.238703,0.0482462,0.0482916,0.0483368,0.0483818,0.04,-9.43469,-9.08255,-9.0953,0.0127449,-25,72,350
1775545819625,2231,1,0.0392648,0.22403,0.037729,0.0377549,0.0377807,0.0378064,0.04,-9.08255,-8.76056,-8.77007,0.00950718,-23.5217,73,350
1775545819753,2232,1,0.0394458,0.20987,0.0307627,0.0307788,0.0307948,0.0308107,0.04,-8.76056,-8.39138,-8.39835,0.00696754,-21.4677,76,350
1775545819873,2233,1,0.0404084,0.193013,0.00537875,0.0053792,0.00537965,0.0053801,0.04,-8.39138,-8.00618,-8.00774,0.00155449,-19.4709,78,350
1775545819990,2234,1,0.0408781,0.176717,0.0174589,0.0174545,0.0174502,0.0174459,0.04,-8.00618,-7.59616,-7.59743,0.00126743,-17.5018,79,350
1775545820129,2235,1,0.0400349,0.170893,0.00995665,0.0099553,0.00995394,0.00995258,0.04,-7.59616,-7.38167,-7.38028,0.00139618,-16.5333,80,350
1775545820272,2236,1,0.0396444,0.157134,0.023817,0.0238098,0.0238027,0.0237955,0.04,-7.38167,-6.98061,-6.97829,0.00232315,-14.8309,82,350
1775545820394,2237,1,0.0387216,0.138485,0.0355167,0.0355028,0.0354888,0.0354747,0.04,-6.98061,-6.41097,-6.40423,0.00673676,-12.6425,84,350
1775545820512,2238,1,0.0381395,0.129829,0.0438551,0.0438353,0.0438153,0.0437951,0.04,-6.41097,-6.13542,-6.1322,0.00322533,-11.6749,85,350
1775545820618,2239,1,0.0371177,0.125236,0.0348972,0.0348851,0.034873,0.0348607,0.04,-6.13542,-5.94213,-5.93848,0.00365639,-11.0297,86,350
1775545820740,2240,1,0.0370211,0.113218,0.0528774,0.0528523,0.0528269,0.0528013,0.04,-5.94213,-5.60775,-5.60177,0.00598383,-9.97584,87,350
1775545820852,2241,1,0.0358995,0.106457,0.0479842,0.0479648,0.0479451,0.0479253,0.04,-5.60775,-5.34832,-5.34249,0.00583553,-9.2103,88,350
1775545821006,2242,1,0.0356171,0.103624,0.0518727,0.0518506,0.0518282,0.0518056,0.04,-5.34832,-5.2516,-5.25006,0.00154305,-8.93605,88,350
1775545821115,2243,1,0.0362647,0.0937176,0.0578012,0.0577765,0.0577513,0.0577257,0.04,-5.2516,-5.02759,-5.0231,0.00449181,-8.32335,89,350
1775545821285,2244,1,0.032942,0.0958232,0.0246271,0.0246225,0.0246179,0.0246133,0.04,-5.02759,-4.8604,-4.85355,0.006845,-7.88584,89,350
1775545821438,2245,1,0.0336828,0.0855075,0.0399941,0.0399833,0.0399724,0.0399613,0.04,-4.8604,-4.63026,-4.62275,0.00750875,-7.31018,90,350
1775545821589,2246,1,0.0344656,0.0790478,0.0589056,0.0588839,0.0588618,0.0588393,0.04,-4.63026,-4.50664,-4.5041,0.00254917,-7.01323,90,350
1775545821712,2247,1,0.0338125,0.0738836,0.0496648,0.0496504,0.0496358,0.0496209,0.04,-4.50664,-4.32344,-4.31805,0.00538969,-6.58824,90,350
1775545821850,2248,1,0.0346684,0.0671109,0.0793216,0.0792881,0.0792535,0.079218,0.04,-4.32344,-4.19472,-4.19299,0.00172806,-6.30011,91,350
1775545821997,2249,1,0.0340373,0.0651297,0.0771576,0.0771268,0.077095,0.0770624,0.04,-4.19472,-4.09794,-4.09702,0.000921726,-6.08897,91,350
1775545822106,2250,1,0.0344002,0.0552338,0.104705,0.104657,0.104606,0.104553,0.04,-4.09794,-3.85114,-3.84514,0.0060091,-5.57117,91,350
1775545822228,2251,1,0.0355353,0.0451227,0.143355,0.143279,0.143198,0.143111,0.04,-3.85114,-3.65004,-3.64686,0.00317502,-5.17011,92,350
1775545822405,2252,1,0.035692,0.0414715,0.153761,0.15368,0.153593,0.153498,0.04,-3.65004,-3.56048,-3.56235,0.00186586,-4.99728,92,350
1775545822532,2253,1,0.0362078,0.0325207,0.188058,0.187961,0.187851,0.187728,0.04,-3.56048,-3.34872,-3.34522,0.00349474,-4.60207,92,350
1775545822720,2254,1,0.0365873,0.0261147,0.216703,0.216597,0.216471,0.216324,0.04,-3.34872,-3.19719,-3.19669,0.000504971,-4.33041,93,350
1775545822845,2255,1,0.0371415,0.0172195,0.25791,0.257803,0.257662,0.257486,0.04,-3.19719,-2.98847,-2.98509,0.00338507,-3.97054,93,350
1775545823005,2256,1,0.0367701,0.014384,0.271944,0.271841,0.271697,0.271512,0.04,-2.98847,-2.88394,-2.88588,0.00194764,-3.79624,93,350
1775545823123,2257,1,0.0372514,0.00763114,0.298792,0.298711,0.298577,0.298389,0.04,-2.88394,-2.73036,-2.72992,0.000436068,-3.547,93,350
1775545823250,2258,1,0.036474,0.0083607,0.300646,0.300559,0.300418,0.300221,0.04,-2.73036,-2.6961,-2.70205,0.00594544,-3.49248,94,350
1775545823407,2259,1,0.0375719,0.00070627,0.334584,0.33454,0.334419,0.334224,0.04,-2.6961,-2.5596,-2.56063,0.00102997,-3.27893,94,350
1775545823539,2260,1,0.0385071,-0.00586452,0.365989,0.366,0.365913,0.365725,0.04,-2.5596,-2.44154,-2.44485,0.00331259,-3.09886,94,350
1775545823675,2261,1,0.03941,-0.0116057,0.404161,0.404242,0.404189,0.404002,0.04,-2.44154,-2.3426,-2.34868,0.00608444,-2.9511,94,350
1775545823793,2262,1,0.0397965,-0.0169578,0.444631,0.444804,0.444798,0.444613,0.04,-2.3426,-2.21817,-2.22406,0.00588703,-2.76918,94,350
1775545823946,2263,1,0.0408756,-0.023286,0.478255,0.478559,0.478642,0.478502,0.04,-2.21817,-2.11623,-2.12568,0.00944996,-2.62321,94,350
1775545824070,2264,1,0.0420769,-0.0323222,0.543571,0.544154,0.54441,0.54434,0.04,-2.11623,-1.94449,-1.95234,0.00784457,-2.38321,95,350
1775545824200,2265,1,0.0425485,-0.0362477,0.579608,0.580361,0.580719,0.58068,0.04,-1.94449,-1.86517,-1.88182,0.0166554,-2.27471,95,350
1775545824340,2266,1,0.0426828,-0.0377666,0.609769,0.610636,0.611042,0.610986,0.04,-1.86517,-1.82858,-1.84986,0.0212812,-2.22515,95,350
1775545824476,2267,1,0.0430074,-0.0414606,0.64293,0.644,0.644529,0.644516,0.04,-1.82858,-1.74585,-1.76511,0.0192584,-2.11415,95,350
1775545824597,2268,1,0.0421465,-0.0403364,0.65994,0.661021,0.661518,0.661428,0.04,-1.74585,-1.71412,-1.73738,0.0232624,-2.07197,95,350
1775545824759,2269,1,0.0414281,-0.0367201,0.656015,0.656963,0.657337,0.657135,0.04,-1.71412,-1.76294,-1.79181,0.0288665,-2.13697,95,350
1775545824890,2270,1,0.0398888,-0.0324998,0.664775,0.665599,0.665825,0.665453,0.04,-1.76294,-1.76945,-1.79414,0.0246837,-2.14567,95,350
1775545825018,2271,1,0.0387942,-0.0287489,0.663722,0.664414,0.664512,0.664015,0.04,-1.76945,-1.7955,-1.82085,0.0253434,-2.1806,95,350
1775545825159,2272,1,0.20971,-0.862072,0.197639,0.203182,0.208894,0.214777,0.04,-1.7955,8.86187,8.91884,0.0569687,24.1101,121,302.798
1775545825296,2273,1,0.0823252,-0.283027,1.42364,1.46927,1.50976,1.54423,0.04,8.86187,2.20792,1.77028,0.437637,2.75437,100,416.511
1775545825453,2274,1,0.0900165,-0.311354,1.50336,1.56052,1.61191,1.65628,0.04,2.20792,2.45915,2.45972,0.000573158,3.12545,100,426.716
1775545825577,2275,1,0.0816973,-0.292966,1.54134,1.59693,1.64602,1.68736,0.04,2.45915,2.54135,2.5339,0.00744557,3.25081,100,417.467
1775545825791,2276,1,0.0685205,-0.251959,1.52906,1.57451,1.61321,1.64417,0.04,2.54135,2.33659,2.31168,0.0249157,2.94222,100,402.189
1775545825955,2277,1,0.0440699,-0.16074,1.41971,1.44279,1.46007,1.47118,0.04,2.33659,1.53351,1.46958,0.0639324,1.83566,99,376.828
1775545826074,2278,1,0.0235486,-0.0663987,1.1636,1.16905,1.17127,1.17024,0.04,1.53351,0.354115,0.259597,0.0945178,0.40812,97,360.821
1775545826199,2279,1,0.0205859,-0.0490504,1.13317,1.13662,1.1371,1.1346,0.04,0.354115,0.0842327,0.0701652,0.0140676,0.0968796,97,359.545
1775545826606,2280,1,0.0185648,-0.034972,1.13442,1.13645,1.13551,1.13161,0.04,0.0842327,-0.157115,-0.16558,0.00846495,-0.18076,97,357.759
1775545826730,2281,1,0.0174146,-0.000640273,1.18351,1.1819,1.17696,1.16875,0.04,-0.157115,-0.999468,-1.04854,0.0490671,-1.16936,96,355.754
1775545826867,2282,1,0.0167925,0.0118421,1.1985,1.19543,1.18892,1.17907,0.04,-0.999468,-1.29231,-1.29152,0.000784874,-1.52932,95,355.095
1775545826997,2283,1,0.0165191,0.0201834,1.2019,1.19788,1.1904,1.17957,0.04,-1.29231,-1.49878,-1.48924,0.0095402,-1.79093,95,354.79
1775545827269,2284,1,0.0168747,0.0320713,1.22564,1.22003,1.21079,1.19805,0.04,-1.49878,-1.84159,-1.83978,0.00180829,-2.24274,95,355.164
1775545827399,2285,1,0.0143751,0.0621574,1.25382,1.24422,1.23082,1.21384,0.04,-1.84159,-2.47941,-2.49161,0.0122006,-3.15617,94,352.768
1775545827531,2286,1,0.0138295,0.0767353,1.23213,1.22116,1.20664,1.18877,0.04,-2.47941,-2.83971,-2.83141,0.00829768,-3.72365,93,353.558
1775545827651,2287,1,0.00955557,0.105309,1.1126,1.10101,1.08687,1.07034,0.04,-2.83971,-3.33581,-3.34166,0.00585198,-4.57857,92,351.012
1775545827777,2288,1,0.00987449,0.114653,1.11127,1.09879,1.0838,1.06647,0.04,-3.33581,-3.61087,-3.60029,0.0105705,-5.09409,92,351.247
1775545827914,2289,1,0.0179845,0.0941714,1.31319,1.29823,1.27907,1.25603,0.04,-3.61087,-3.58696,-3.55301,0.0339501,-5.04802,92,357.451
1775545828111,2290,1,0.0199469,0.0969579,1.35644,1.34,1.31896,1.29368,0.04,-3.58696,-3.79162,-3.77262,0.0190005,-5.45056,92,357.636
1775545828238,2291,1,0.0205187,0.112074,1.38133,1.36197,1.33783,1.30937,0.04,-3.79162,-4.23689,-4.23128,0.0056138,-6.39358,91,357.447
1775545828382,2292,1,0.0217603,0.11863,1.41016,1.38888,1.3626,1.3318,0.04,-4.23689,-4.49615,-4.48313,0.01302,-6.9884,90,357.47
1775545828553,2293,1,0.0226218,0.122927,1.43065,1.40801,1.38019,1.3477,0.04,-4.49615,-4.66916,-4.654,0.0151587,-7.40538,90,357.813
1775545828723,2294,1,0.0234614,0.136053,1.45763,1.43186,1.40071,1.36482,0.04,-4.66916,-5.07888,-5.07603,0.00284672,-8.4609,89,358.755
1775545828926,2295,1,0.0241432,0.149289,1.47939,1.45047,1.41607,1.3769,0.04,-5.07888,-5.48153,-5.48113,0.000403404,-9.59786,87,360.521
1775545829058,2296,1,0.0244123,0.164826,1.47363,1.44221,1.40553,1.36434,0.04,-5.48153,-5.9218,-5.92475,0.0029459,-10.9634,86,362.544
1775545829193,2297,1,0.0228937,0.184123,1.42599,1.39343,1.35628,1.31523,0.04,-5.9218,-6.34625,-6.34901,0.00276232,-12.4101,85,364.295
1775545829385,2298,1,0.0235538,0.193584,1.44972,1.41437,1.37432,1.33033,0.04,-6.34625,-6.64493,-6.64824,0.00330734,-13.5098,83,366.395
1775545829560,2299,1,0.0225026,0.215732,1.39017,1.35415,1.3142,1.271,0.04,-6.64493,-7.18034,-7.18784,0.00750685,-15.6614,81,369.335
1775545829718,2300,1,0.0206018,0.23914,1.28106,1.2473,1.21063,1.17159,0.04,-7.18034,-7.69781,-7.70403,0.00621414,-17.9754,79,372.064
1775545829902,2301,1,0.0213986,0.245942,1.31637,1.27965,1.23986,1.19761,0.04,-7.69781,-7.93235,-7.93887,0.00652027,-19.1046,78,375.178
1775545830058,2302,1,0.0221722,0.254673,1.47825,1.43002,1.37768,1.32223,0.04,-7.93235,-8.20091,-8.21503,0.0141163,-20.4621,77,372.762
1775545830178,2303,1,0.0192108,0.271795,1.45381,1.40397,1.35048,1.29432,0.04,-8.20091,-8.46358,-8.47646,0.0128727,-21.8584,75,372.262
1775545830304,2304,1,0.0138058,0.307983,1.04216,1.01318,0.982987,0.951865,0.04,-8.46358,-9.12499,-9.13008,0.00508976,-25,72,380.566
1775545830440,2305,1,0.00776609,0.345254,0.672279,0.658647,0.644735,0.630599,0.04,-9.12499,-9.76795,-9.7632,0.00474548,-25,72,379.428
1775545830565,2306,1,0.00430399,0.364916,0.425678,0.419862,0.413981,0.408045,0.04,-9.76795,-10.0964,-10.0863,0.0100517,-25,72,378.961
1775545830725,2307,1,0.00204268,0.377775,0.268379,0.265972,0.26355,0.261115,0.04,-10.0964,-10.3116,-10.3027,0.00888157,-25,72,378.315
1775545830851,2308,1,-0.000168324,0.391931,0.104915,0.104531,0.104145,0.103759,0.04,-10.3116,-10.5667,-10.556,0.0107622,-25,72,377.258
1775545831003,2309,1,0.000485864,0.386354,0.145613,0.144885,0.144155,0.143423,0.04,-10.5667,-10.4549,-10.4566,0.00168133,-25,72,377.507
1775545831132,2310,1,0.00122473,0.371094,0.274084,0.271628,0.269155,0.266667,0.04,-10.4549,-10.0737,-10.0796,0.00583267,-25,72,377.77
1775545831255,2311,1,0.00242099,0.363441,0.285122,0.282531,0.279919,0.277288,0.04,-10.0737,-9.94767,-9.94658,0.0010891,-25,72,377.738
1775545831392,2312,1,0.00333685,0.35395,0.344438,0.340772,0.337067,0.333328,0.04,-9.94767,-9.74538,-9.74421,0.00117588,-25,72,377.704
1775545831508,2313,1,0.00501796,0.339604,0.443191,0.437403,0.431526,0.42557,0.04,-9.74538,-9.4588,-9.45669,0.00211239,-25,72,378.248
1775545831639,2314,1,0.00602496,0.326621,0.559493,0.550657,0.541633,0.532447,0.04,-9.4588,-9.16013,-9.15649,0.00363445,-25,72,378.652
1775545831746,2315,1,0.0086384,0.305738,0.758907,0.743758,0.728106,0.71203,0.04,-9.16013,-8.74699,-8.74289,0.00410175,-23.4437,74,379.649
1775545831883,2316,1,0.00985123,0.293942,0.923304,0.901751,0.879266,0.856022,0.04,-8.74699,-8.48839,-8.48462,0.00377083,-21.9939,75,380.074
1775545832012,2317,1,0.012172,0.27655,1.09954,1.07078,1.04038,1.00866,0.04,-8.48839,-8.15363,-8.14725,0.00638008,-20.218,77,381.074
1775545832218,2318,1,0.0134566,0.262896,1.29105,1.25325,1.21273,1.17007,0.04,-8.15363,-7.8468,-7.84134,0.00545549,-18.6867,78,381.919
1775545832383,2319,1,0.0115007,0.258403,1.38426,1.34146,1.29528,1.24651,0.04,-7.8468,-7.57775,-7.57048,0.00727463,-17.4171,80,384.218
1775545832531,2320,1,0.00969981,0.25515,1.5208,1.46958,1.41394,1.35499,0.04,-7.57775,-7.34751,-7.34235,0.00516081,-16.3829,81,387.246
1775545832709,2321,1,0.00749483,0.261153,1.4897,1.43942,1.38507,1.32767,0.04,-7.34751,-7.36193,-7.35658,0.00535011,-16.4462,81,388.982
1775545832878,2322,1,0.0011337,0.293281,1.1823,1.14683,1.10949,1.07074,0.04,-7.36193,-7.8334,-7.83097,0.00242949,-18.6219,78,392.747
1775545833034,2323,1,-0.00305762,0.315181,0.987079,0.960436,0.932795,0.904387,0.04,-7.8334,-8.16325,-8.16223,0.00102329,-20.2675,77,395.585
1775545833170,2324,1,-0.00892604,0.340388,0.798719,0.779752,0.760316,0.740519,0.04,-8.16325,-8.46625,-8.46659,0.00034523,-21.873,75,398.617
1775545833321,2325,1,-0.0126683,0.360517,0.571863,0.561498,0.550977,0.54033,0.04,-8.46625,-8.78454,-8.779,0.00554466,-23.66,73,401.731
1775545833481,2326,1,-0.0141415,0.366024,0.545804,0.536192,0.526451,0.516604,0.04,-8.78454,-8.83561,-8.82738,0.00823879,-23.9565,73,402.636
1775545833665,2327,1,-0.0180022,0.386157,0.251439,0.249268,0.247087,0.244894,0.04,-8.83561,-9.15705,-9.14586,0.0111942,-25,72,406.63
1775545833796,2328,1,-0.0210398,0.403445,0.215286,0.213605,0.211919,0.210227,0.04,-9.15705,-9.4203,-9.41004,0.0102568,-25,72,410.73
1775545833948,2329,1,-0.0198942,0.392984,0.350671,0.346351,0.342004,0.337635,0.04,-9.4203,-9.19625,-9.18686,0.00938797,-25,72,411.981
1775545834076,2330,1,-0.0182642,0.381936,0.465552,0.458194,0.450767,0.443284,0.04,-9.19625,-8.99305,-8.98277,0.0102854,-24.8883,72,411.975
1775545834216,2331,1,-0.0150915,0.359711,0.729227,0.71238,0.695225,0.677839,0.04,-8.99305,-8.57325,-8.56174,0.0115166,-22.462,75,412.375
1775545834340,2332,1,-0.0122461,0.342125,0.904463,0.879955,0.854798,0.829166,0.04,-8.57325,-8.26953,-8.25664,0.012888,-20.8202,76,412.178
1775545834490,2333,1,-0.0102187,0.327115,1.10954,1.07437,1.03792,1.00059,0.04,-8.26953,-7.97556,-7.9552,0.0203609,-19.3184,78,412.227
1775545834609,2334,1,-0.00958101,0.321058,1.1657,1.12764,1.08806,1.04742,0.04,-7.97556,-7.84811,-7.82924,0.0188756,-18.6931,78,411.816
1775545834756,2335,1,-0.00674421,0.297715,1.46198,1.40649,1.34778,1.28688,0.04,-7.84811,-7.37341,-7.34148,0.0319386,-16.4969,81,411.3
1775545834913,2336,1,-0.00668864,0.290209,1.5548,1.49359,1.42841,1.36056,0.04,-7.37341,-7.16205,-7.1365,0.0255418,-15.5839,81,410.952
1775545835037,2337,1,-0.00767451,0.292535,1.50219,1.44464,1.38352,1.31996,0.04,-7.16205,-7.16361,-7.14023,0.0233798,-15.5905,81,409.368
1775545835194,2338,1,-0.0083273,0.29754,1.47203,1.41581,1.35628,1.29455,0.04,-7.16361,-7.25798,-7.23669,0.0212865,-15.9934,81,409.522
1775545835300,2339,1,-0.00784014,0.297924,1.50552,1.44658,1.38416,1.31941,0.04,-7.25798,-7.29779,-7.27686,0.0209312,-16.1657,81,409.929
1775545835445,2340,1,-0.0130619,0.331382,1.09048,1.05602,1.02039,0.983934,0.04,-7.29779,-7.8973,-7.90052,0.00322771,-18.9326,78,410.028
1775545835589,2341,1,-0.0150889,0.346866,0.895545,0.871137,0.846121,0.820668,0.04,-7.8973,-8.20269,-8.20452,0.00182533,-20.4713,77,410.074
1775545835703,2342,1,-0.021115,0.388133,0.453654,0.446529,0.439343,0.432111,0.04,-8.20269,-8.96555,-8.95916,0.00638103,-24.7236,72,409.869
1775545835830,2343,1,-0.0221106,0.397542,0.389096,0.383699,0.378267,0.372809,0.04,-8.96555,-9.16068,-9.15081,0.00986481,-25,72,410.886
1775545835957,2344,1,-0.027148,0.430795,0.00666597,0.00666422,0.00666246,0.00666071,0.04,-9.16068,-9.77036,-9.75732,0.0130405,-25,72,411.217
1775545836090,2345,1,-0.0343743,0.475112,0.428498,0.436786,0.445074,0.453346,0.04,-9.77036,-10.3994,-10.31,0.0893955,-25,72,410.529
1775545836211,2346,1,-0.0344696,0.475933,0.42418,0.432322,0.440465,0.448593,0.04,-10.3994,-10.4159,-10.3339,0.0819712,-25,72,410.635
1775545836339,2347,1,-0.0391638,0.493162,0.581772,0.597913,0.614088,0.630246,0.04,-10.4159,-10.5295,-10.4066,0.122937,-25,72,412.327
1775545836454,2348,1,-0.0394001,0.490817,0.563061,0.578072,0.59311,0.60813,0.04,-10.5295,-10.4533,-10.336,0.117276,-25,72,413.947
1775545836583,2349,1,-0.0369514,0.471562,0.38634,0.393006,0.399669,0.40632,0.04,-10.4533,-10.1331,-10.0644,0.0687351,-25,72,416.895
1775545836716,2350,1,-0.0326276,0.441783,0.0514364,0.0515444,0.0516523,0.0517601,0.04,-10.1331,-9.68224,-9.6862,0.00396729,-25,72,419.536
1775545836854,2351,1,-0.0297801,0.418271,0.197459,0.195978,0.194493,0.193006,0.04,-9.68224,-9.22065,-9.21661,0.00404167,-25,72,423.056
1775545836998,2352,1,-0.0269515,0.397853,0.392264,0.386773,0.381247,0.375694,0.04,-9.22065,-8.8346,-8.82195,0.0126514,-23.9506,73,425.629
1775545837144,2353,1,-0.0255934,0.388103,0.488751,0.480478,0.472132,0.463729,0.04,-8.8346,-8.65052,-8.63898,0.0115423,-22.8947,74,427.115
1775545837279,2354,1,-0.024278,0.373412,0.715994,0.699016,0.681784,0.664373,0.04,-8.65052,-8.31159,-8.29936,0.0122318,-21.0421,76,429.293
1775545837444,2355,1,-0.0249478,0.373423,0.756125,0.737181,0.717943,0.698504,0.04,-8.31159,-8.26001,-8.25567,0.00434208,-20.7702,76,429.587
1775545837575,2356,1,-0.0245372,0.36896,0.810128,0.788678,0.766856,0.744782,0.04,-8.26001,-8.16013,-8.15404,0.00609303,-20.2514,77,429.949
1775545837715,2357,1,-0.0261515,0.373157,0.788345,0.767761,0.746849,0.725717,0.04,-8.16013,-8.16524,-8.16278,0.00246143,-20.2777,77,429.299
1775545837854,2358,1,-0.0255372,0.36896,0.810128,0.788678,0.766856,0.744782,0.04,-8.16524,-8.09109,-8.08551,0.00558567,-19.8986,77,428.714
1775545838044,2359,1,-0.0261065,0.369309,0.800767,0.779788,0.75845,0.736868,0.04,-8.09109,-8.06253,-8.05827,0.0042572,-19.7539,77,427.88
1775545838192,2360,1,-0.0274196,0.374174,0.740245,0.722048,0.703576,0.684914,0.04,-8.06253,-8.11187,-8.10997,0.00190449,-20.0043,77,427.406
1775545838363,2361,1,-0.0281814,0.379453,0.656691,0.642138,0.6274,0.612529,0.04,-8.11187,-8.2138,-8.21161,0.00219059,-20.529,76,426.45
1775545838503,2362,1,-0.0293882,0.392578,0.459372,0.451962,0.444493,0.436979,0.04,-8.2138,-8.51376,-8.5081,0.00565147,-22.133,75,424.687
1775545838665,2363,1,-0.0294816,0.395088,0.399814,0.394159,0.388466,0.382742,0.04,-8.51376,-8.58398,-8.57402,0.00995255,-22.5217,74,423.74
1775545838815,2364,1,-0.0281115,0.388878,0.434235,0.427692,0.421097,0.41446,0.04,-8.58398,-8.5056,-8.49384,0.0117645,-22.0883,75,422.99
1775545839019,2365,1,-0.0271655,0.386223,0.423693,0.417517,0.411291,0.405023,0.04,-8.5056,-8.50063,-8.48936,0.0112667,-22.061,75,422.415
1775545839199,2366,1,-0.026895,0.385176,0.319044,0.315558,0.312049,0.30852,0.04,-8.50063,-8.50655,-8.49512,0.0114326,-22.0934,75,420.71
1775545839355,2367,1,-0.023765,0.370293,0.446132,0.439628,0.433053,0.42642,0.04,-8.50655,-8.30137,-8.28585,0.0155239,-20.988,76,418.673
1775545839567,2368,1,-0.0204062,0.355668,0.519128,0.510729,0.502207,0.493581,0.04,-8.30137,-8.12702,-8.11117,0.015852,-20.0816,77,416.108
1775545839713,2369,1,-0.0197916,0.353007,0.489574,0.482174,0.474667,0.467069,0.04,-8.12702,-8.10177,-8.08787,0.0138988,-19.9528,77,413.94
1775545839962,2370,1,-0.0190295,0.349652,0.484651,0.477482,0.470205,0.462838,0.04,-8.10177,-8.06439,-8.04985,0.0145473,-19.7633,77,412.636
1775545840120,2371,1,-0.0194602,0.352591,0.378873,0.374455,0.369986,0.365471,0.04,-8.06439,-8.12977,-8.11622,0.0135479,-20.0957,77,409.241
1775545840327,2372,1,-0.0186104,0.346624,0.340296,0.336806,0.333276,0.329711,0.04,-8.12977,-8.03291,-8.01717,0.0157404,-19.6047,77,406.283
1775545840489,2373,1,-0.0183834,0.346077,0.287644,0.285157,0.282646,0.280113,0.04,-8.03291,-8.04174,-8.02841,0.0133295,-19.6491,77,403.965
1775545840707,2374,1,-0.0181308,0.346203,0.164418,0.163607,0.162792,0.161971,0.04,-8.04174,-8.08146,-8.07273,0.00872803,-19.8497,77,398.333
1775545840960,2375,1,-0.0183385,0.345267,0.0749318,0.0747642,0.0745961,0.0744276,0.04,-8.08146,-8.05578,-8.0499,0.00588131,-19.7199,77,394.629
1775545841144,2376,1,-0.0178667,0.336314,0.028083,0.0280602,0.0280374,0.0280145,0.04,-8.05578,-7.85374,-7.84747,0.00627327,-18.7204,78,390.939
1775545841369,2377,1,-0.0173827,0.330526,0.00723146,0.00722997,0.00722849,0.00722701,0.04,-7.85374,-7.73397,-7.72778,0.00618887,-18.1461,79,388.646
1775545841555,2378,1,-0.0150085,0.310774,0.0338037,0.0337736,0.0337435,0.0337133,0.04,-7.73397,-7.35977,-7.34927,0.0105023,-16.4367,81,386.779
1775545841744,2379,1,-0.0130662,0.294352,0.0555274,0.0554511,0.0553746,0.0552978,0.04,-7.35977,-7.04648,-7.03442,0.0120602,-15.101,82,385.02
1775545841932,2380,1,-0.0123494,0.284031,0.0492154,0.0491579,0.0491002,0.0490423,0.04,-7.04648,-6.81791,-6.80638,0.011528,-14.1791,83,382.063
1775545842105,2381,1,-0.0104187,0.269781,0.0561598,0.0560891,0.0560181,0.0559469,0.04,-6.81791,-6.56489,-6.55169,0.013195,-13.2083,84,379.812
1775545842252,2382,1,-0.0090167,0.260307,0.0430696,0.0430297,0.0429896,0.0429495,0.04,-6.56489,-6.40759,-6.396,0.0115891,-12.6303,84,378.034
1775545842409,2383,1,-0.00848329,0.255206,0.0297231,0.0297045,0.0296859,0.0296672,0.04,-6.40759,-6.30862,-6.2982,0.0104265,-12.2764,85,377.003
1775545842572,2384,1,-0.00741764,0.247905,0.0182769,0.0182701,0.0182633,0.0182565,0.04,-6.30862,-6.18664,-6.17549,0.011147,-11.8505,85,375.859
1775545842775,2385,1,-0.00607017,0.240031,0.0112436,0.0112411,0.0112386,0.0112361,0.04,-6.18664,-6.0679,-6.05651,0.0113959,-11.4464,86,374.704
1775545842992,2386,1,-0.00547403,0.233512,0.0136524,0.013656,0.0136595,0.0136631,0.04,-6.0679,-5.93246,-5.92049,0.0119634,-10.9981,86,372.701
1775545843140,2387,1,-0.00439039,0.228377,0.0315756,0.0315941,0.0316126,0.031631,0.04,-5.93246,-5.86556,-5.85496,0.0105996,-10.7815,86,371.354
1775545843295,2388,1,-0.0042128,0.226864,0.0474013,0.0474427,0.047484,0.0475251,0.04,-5.86556,-5.83441,-5.82438,0.0100331,-10.6817,86,370.691
1775545843440,2389,1,-0.00275769,0.219632,0.056977,0.0570347,0.0570922,0.0571493,0.04,-5.83441,-5.73782,-5.72572,0.0121069,-10.3766,87,369.245
1775545843584,2390,1,-0.00136925,0.21247,0.0539621,0.0540121,0.0540618,0.0541112,0.04,-5.73782,-5.64054,-5.62847,0.0120673,-10.0758,87,368.082
1775545843737,2391,1,-0.001005,0.209499,0.0799124,0.0800202,0.0801272,0.0802332,0.04,-5.64054,-5.58124,-5.56931,0.0119314,-9.89556,87,366.613
1775545843924,2392,1,-0.000852324,0.207366,0.090534,0.0906708,0.0908063,0.0909405,0.04,-5.58124,-5.53241,-5.52031,0.0120978,-9.74894,87,365.567
1775545844073,2393,1,0.000672108,0.199091,0.100859,0.101021,0.101182,0.10134,0.04,-5.53241,-5.4123,-5.39766,0.0146399,-9.395,88,364.237
1775545844268,2394,1,0.00167088,0.193345,0.106915,0.107092,0.107266,0.107439,0.04,-5.4123,-5.32495,-5.31116,0.0137863,-9.14349,88,363.324
1775545844519,2395,1,0.00388883,0.1826,0.0995474,0.0996916,0.0998341,0.0999747,0.04,-5.32495,-5.18874,-5.17417,0.0145726,-8.76098,88,362.525
1775545844684,2396,1,0.00494253,0.177269,0.115142,0.115329,0.115513,0.115694,0.04,-5.18874,-5.1149,-5.10184,0.013063,-8.55848,88,361.716
1775545844826,2397,1,0.00703714,0.163601,0.102095,0.10223,0.102363,0.102494,0.04,-5.1149,-4.89207,-4.87504,0.0170321,-7.96746,89,361.403
1775545845021,2398,1,0.00793973,0.157592,0.104126,0.104261,0.104394,0.104525,0.04,-4.89207,-4.79165,-4.7791,0.0125422,-7.7107,89,361.065
1775545845160,2399,1,0.0094748,0.14647,0.0924627,0.0925614,0.0926586,0.0927543,0.04,-4.79165,-4.59882,-4.5838,0.0150261,-7.23387,90,360.136
1775545845297,2400,1,0.0106463,0.138442,0.0850978,0.0851766,0.0852543,0.0853308,0.04,-4.59882,-4.46383,-4.45157,0.0122557,-6.91231,90,359.768
1775545845448,2401,1,0.0124519,0.128348,0.0737259,0.0737806,0.0738347,0.0738879,0.04,-4.46383,-4.31744,-4.30557,0.0118656,-6.57462,90,359.782
1775545845598,2402,1,0.0132221,0.123418,0.0739061,0.073959,0.0740111,0.0740624,0.04,-4.31744,-4.23727,-4.22826,0.00900984,-6.39442,91,359.701
1775545845752,2403,1,0.0142853,0.118165,0.0751152,0.0751674,0.0752187,0.0752693,0.04,-4.23727,-4.16847,-4.16027,0.00820541,-6.24238,91,359.183
1775545845905,2404,1,0.015428,0.113433,0.0720403,0.0720864,0.0721317,0.0721763,0.04,-4.16847,-4.11992,-4.11294,0.00697899,-6.13652,91,359.016
1775545846098,2405,1,0.0159467,0.106527,0.0730404,0.0730847,0.0731283,0.0731712,0.04,-4.11992,-3.9689,-3.95812,0.0107813,-5.81462,91,358.776
1775545846211,2406,1,0.0187143,0.0958283,0.0610686,0.0610965,0.0611239,0.0611508,0.04,-3.9689,-3.87262,-3.8651,0.00752187,-5.61507,91,358.894
1775545846351,2407,1,0.0189922,0.0927665,0.0617552,0.0617828,0.0618099,0.0618365,0.04,-3.87262,-3.80892,-3.80292,0.0059948,-5.48544,92,358.997
1775545846523,2408,1,0.0192234,0.0899007,0.0653103,0.0653401,0.0653694,0.0653981,0.04,-3.80892,-3.74684,-3.74109,0.0057528,-5.3609,92,359.039
1775545846688,2409,1,0.0202388,0.084171,0.0559947,0.0560152,0.0560354,0.0560552,0.04,-3.74684,-3.66353,-3.65732,0.00620365,-5.19645,92,359.158
1775545846821,2410,1,0.0213309,0.0773947,0.0544634,0.0544812,0.0544987,0.0545159,0.04,-3.66353,-3.55598,-3.54925,0.00673079,-4.98868,92,359.044
1775545846953,2411,1,0.0220183,0.0730756,0.0545773,0.0545942,0.0546108,0.054627,0.04,-3.55598,-3.48665,-3.48189,0.00475788,-4.85737,92,358.661
1775545847117,2412,1,0.0222291,0.0693255,0.0530653,0.0530805,0.0530953,0.0531099,0.04,-3.48665,-3.40007,-3.39478,0.00529289,-4.69621,92,358.679
1775545847304,2413,1,0.0229773,0.062622,0.0430862,0.0430952,0.0431041,0.0431128,0.04,-3.40007,-3.2721,-3.26537,0.00673127,-4.46357,93,358.964
1775545847451,2414,1,0.0232935,0.0577069,0.0426408,0.042649,0.0426569,0.0426648,0.04,-3.2721,-3.16112,-3.15543,0.00569177,-4.26706,93,358.753
1775545847601,2415,1,0.023683,0.0533738,0.0377368,0.0377427,0.0377485,0.0377541,0.04,-3.16112,-3.07165,-3.06716,0.00448513,-4.11201,93,358.193
1775545847788,2416,1,0.0239969,0.0487501,0.0343485,0.0343529,0.0343573,0.0343616,0.04,-3.07165,-2.96887,-2.96405,0.00481915,-3.93756,93,357.425
1775545847921,2417,1,0.0239607,0.0463041,0.0390895,0.039095,0.0391003,0.0391055,0.04,-2.96887,-2.89949,-2.89638,0.00310612,-3.82193,93,356.8
1775545848071,2418,1,0.0241864,0.0417344,0.0355963,0.0356004,0.0356044,0.0356083,0.04,-2.89949,-2.7921,-2.7875,0.00459433,-3.64625,93,356.557
1775545848209,2419,1,0.024078,0.0410991,0.0375905,0.037595,0.0375994,0.0376036,0.04,-2.7921,-2.76711,-2.76639,0.000715256,-3.60592,93,356.186
1775545848345,2420,1,0.0244015,0.036715,0.0336813,0.0336845,0.0336876,0.0336907,0.04,-2.76711,-2.67156,-2.66783,0.00372839,-3.45365,94,355.617
1775545848546,2421,1,0.0250055,0.0316327,0.0320224,0.0320248,0.0320273,0.0320296,0.04,-2.67156,-2.57613,-2.57279,0.00334001,-3.30447,94,355.109
1775545848671,2422,1,0.024937,0.0295066,0.0365146,0.0365176,0.0365205,0.0365234,0.04,-2.57613,-2.51321,-2.51157,0.00163317,-3.20766,94,354.811
1775545848826,2423,1,0.025351,0.025475,0.0310296,0.0310315,0.0310333,0.0310351,0.04,-2.51321,-2.43367,-2.43153,0.00214243,-3.08701,94,353.972
1775545848970,2424,1,0.0259075,0.0205619,0.024045,0.0240459,0.0240468,0.0240476,0.04,-2.43367,-2.34039,-2.33794,0.00245118,-2.94783,94,353.462
1775545849126,2425,1,0.0267987,0.015441,0.0134269,0.0134271,0.0134273,0.0134275,0.04,-2.34039,-2.26515,-2.26394,0.00121737,-2.83737,94,353.071
1775545849279,2426,1,0.0262154,0.0160842,0.0272691,0.02727,0.0272709,0.0272717,0.04,-2.26515,-2.24007,-2.24132,0.00124955,-2.80088,94,352.856
1775545849424,2427,1,0.0250456,0.0177462,0.0464622,0.0464651,0.0464677,0.0464702,0.04,-2.24007,-2.20121,-2.20156,0.000358343,-2.7447,94,353.857
1775545849606,2428,1,0.02541,0.0128171,0.0302075,0.0302084,0.0302092,0.03021,0.04,-2.20121,-2.0957,-2.09316,0.00254536,-2.59414,94,353.713
1775545849752,2429,1,0.0253975,0.00745264,0.020127,0.0201272,0.0201274,0.0201276,0.04,-2.0957,-1.95143,-1.94736,0.00407469,-2.39277,95,353.586
1775545849894,2430,1,0.0245177,0.00767996,0.0323356,0.0323362,0.0323367,0.0323372,0.04,-1.95143,-1.89489,-1.89507,0.000179887,-2.31521,95,353.497
1775545850130,2431,1,0.0269872,-0.00441977,0.00539541,0.00539542,0.00539543,0.00539544,0.04,-1.89489,-1.74256,-1.73918,0.00337923,-2.10977,95,353.758
1775545850275,2432,1,0.0260128,-0.00541422,0.00199681,0.00199681,0.00199681,0.00199681,0.04,-1.74256,-1.64895,-1.6486,0.000346422,-1.98596,95,354.204
1775545850494,2433,1,0.0254538,-0.00891379,0.00835363,0.00835369,0.00835373,0.00835377,0.04,-1.64895,-1.51476,-1.51263,0.00212872,-1.81149,95,354.694
1775545850623,2434,1,0.0243413,-0.0115116,0.00863547,0.00863554,0.0086356,0.00863567,0.04,-1.51476,-1.3677,-1.3651,0.00259471,-1.62402,95,355.443
1775545850818,2435,1,0.0245652,-0.0167939,0.0251183,0.0251191,0.0251198,0.0251206,0.04,-1.3677,-1.23774,-1.23619,0.00155163,-1.46132,96,355.376
1775545850965,2436,1,0.0257636,-0.0268647,0.0890599,0.0890758,0.0890903,0.0891034,0.04,-1.23774,-1.03809,-1.03163,0.00645661,-1.21617,96,356.08
1775545851141,2437,1,0.0317108,-0.062427,0.311042,0.311485,0.311867,0.312187,0.04,-1.03809,-0.451868,-0.415916,0.0359517,-0.521493,96,358.12
1775545851297,2438,1,0.0389242,-0.105574,0.611256,0.614136,0.616558,0.618513,0.04,-0.451868,0.264915,0.305256,0.0403418,0.305024,97,361.57
1775545851461,2439,1,0.0407799,-0.118504,0.701752,0.706019,0.709594,0.71246,0.04,0.264915,0.50101,0.494314,0.00669664,0.578677,98,362.326
1775545851601,2440,1,0.0403021,-0.121186,0.75439,0.759415,0.763581,0.766862,0.04,0.50101,0.615078,0.596752,0.0183259,0.711993,98,361.39
1775545851753,2441,1,0.0374006,-0.110226,0.703117,0.707068,0.710321,0.712859,0.04,0.615078,0.510676,0.47414,0.0365359,0.589941,98,359.575
1775545851909,2442,1,0.0338026,-0.0935433,0.604753,0.607221,0.609244,0.610813,0.04,0.510676,0.292077,0.250642,0.0414355,0.336387,97,357.926
1775545852060,2443,1,0.0306341,-0.0800803,0.543272,0.544965,0.546334,0.547376,0.04,0.292077,0.136864,0.106201,0.0306629,0.157445,97,355.741
1775545852203,2444,1,0.0241744,-0.0507134,0.377517,0.378028,0.378429,0.378721,0.04,0.136864,-0.237758,-0.2715,0.0337417,-0.273691,97,352.365
1775545852361,2445,1,0.00968395,0.0216237,0.0818768,0.0818876,0.0818973,0.0819058,0.04,-0.237758,-1.24001,-1.2914,0.0513856,-1.46415,96,345.464
1775545852498,2446,1,0.00643272,0.0362135,0.190566,0.190661,0.190743,0.190811,0.04,-1.24001,-1.39272,-1.39483,0.00211346,-1.65565,95,343.299
1775545852633,2447,1,0.00500352,0.0433568,0.261433,0.261646,0.261824,0.261965,0.04,-1.39272,-1.47589,-1.4717,0.00418842,-1.76157,95,343.453
1775545852750,2448,1,0.00520369,0.0407827,0.275185,0.275405,0.275583,0.275719,0.04,-1.47589,-1.41795,-1.40446,0.0134964,-1.68766,95,343.499
1775545852897,2449,1,0.00518301,0.0407124,0.283464,0.283697,0.283883,0.284023,0.04,-1.41795,-1.4133,-1.40331,0.00998545,-1.68175,95,343.643
1775545853038,2450,1,0.00542673,0.0374845,0.279672,0.279879,0.280042,0.28016,0.04,-1.4133,-1.34349,-1.32938,0.0141119,-1.59351,95,344.609
1775545853166,2451,1,0.00890631,0.0185116,0.21192,0.211976,0.212012,0.212028,0.04,-1.34349,-1.08156,-1.05863,0.0229299,-1.2691,96,346.368
1775545853352,2452,1,0.0109335,0.00674606,0.165326,0.165336,0.165336,0.165328,0.04,-1.08156,-0.910885,-0.896662,0.0142224,-1.06263,96,347.087
1775545853542,2453,1,0.0132118,-0.0054491,0.114906,0.114899,0.114889,0.114875,0.04,-0.910885,-0.746485,-0.736165,0.0103197,-0.866777,96,347.77
1775545853724,2454,1,0.021138,-0.0521596,0.0907623,0.0907951,0.0908265,0.0908563,0.04,-0.746485,-0.0346813,0.00261354,0.0372948,-0.0398843,97,350.896
1775545853856,2455,1,0.0197345,-0.0473844,0.068126,0.0681429,0.0681591,0.0681747,0.04,-0.0346813,-0.070478,-0.0784059,0.00792782,-0.0810567,97,351.767
1775545854038,2456,1,0.0201927,-0.0563367,0.116756,0.116815,0.11687,0.116922,0.04,-0.070478,0.147567,0.156817,0.00925003,0.169767,97,351.761
1775545854159,2457,1,0.0187256,-0.0537888,0.106886,0.106933,0.106977,0.107019,0.04,0.147567,0.178437,0.176301,0.00213656,0.205316,97,348.785
1775545854282,2458,1,0.0146394,-0.0368547,0.0303339,0.0303365,0.030339,0.0303415,0.04,0.178437,-0.00943197,-0.0256934,0.0162614,-0.0108468,97,343.594
1775545854410,2459,1,0.012073,-0.0248394,0.0273438,0.0273424,0.0273408,0.0273393,0.04,-0.00943197,-0.157562,-0.170157,0.0125957,-0.181274,97,340.366
1775545854531,2460,1,0.00895298,-0.0122344,0.087503,0.087495,0.0874856,0.0874749,0.04,-0.157562,-0.273394,-0.279386,0.00599188,-0.314812,97,333.873
1775545854640,2461,1,0.00890619,-0.0115557,0.0952248,0.0952158,0.095205,0.0951924,0.04,-0.273394,-0.287286,-0.28702,0.000265718,-0.330853,97,330.283
1775545854753,2462,1,0.00789357,-0.00555206,0.137017,0.137006,0.13699,0.136969,0.04,-0.287286,-0.373035,-0.374496,0.00146088,-0.430029,97,325.845
1775545854876,2463,1,0.0109548,-0.0164917,0.0978377,0.0978245,0.0978093,0.0977922,0.04,-0.373035,-0.294853,-0.290069,0.00478351,-0.339593,97,328.091
1775545854975,2464,1,0.0176569,-0.041336,0.0124612,0.0124607,0.0124602,0.0124597,0.04,-0.294853,-0.09942,-0.0968246,0.00259537,-0.114353,97,334.22
1775545855094,2465,1,0.0195863,-0.049534,0.0131625,0.0131631,0.0131638,0.0131645,0.04,-0.09942,-0.010897,-0.0152168,0.00431982,-0.0125316,97,340.552
1775545855216,2466,1,0.016887,-0.0407877,0.0274661,0.0274636,0.0274612,0.0274587,0.04,-0.010897,-0.0587035,-0.0683298,0.00962631,-0.0675131,97,344.234
1775545855334,2467,1,0.0127029,-0.0280935,0.0810833,0.0810684,0.0810524,0.0810352,0.04,-0.0587035,-0.10455,-0.109035,0.00448589,-0.120255,97,350.627
1775545855456,2468,1,0.0120649,-0.0278333,0.0992162,0.0991938,0.0991695,0.0991432,0.04,-0.10455,-0.0646818,-0.0629621,0.00171978,-0.0743895,97,351.208
1775545855574,2469,1,0.0128856,-0.0323972,0.0859904,0.085971,0.0859504,0.0859285,0.04,-0.0646818,-5.96926e-05,0.00181341,0.0018731,-6.86464e-05,97,350.73
1775545855691,2470,1,0.0155911,-0.0467473,0.0348259,0.0348214,0.0348168,0.0348122,0.04,-5.96926e-05,0.193012,0.19682,0.00380732,0.222108,97,349.17
1775545855802,2471,1,0.0152585,-0.0474009,0.0314822,0.0314785,0.0314747,0.0314709,0.04,0.193012,0.233094,0.228126,0.0049683,0.268311,97,348.696
1775545855912,2472,1,0.0155941,-0.0522008,0.00944804,0.00944768,0.00944731,0.00944695,0.04,0.233094,0.336172,0.332402,0.0037699,0.387358,97,348.815
1775545856029,2473,1,0.0156393,-0.0552714,0.00371688,0.00371694,0.003717,0.00371706,0.04,0.336172,0.41516,0.409193,0.00596783,0.478866,97,348.631
1775545856138,2474,1,0.0164567,-0.0607361,0.0264818,0.0264851,0.0264884,0.0264916,0.04,0.41516,0.510067,0.505995,0.00407201,0.589231,98,348.169
1775545856305,2475,1,0.0161363,-0.0647702,0.0468682,0.0468793,0.0468901,0.0469007,0.04,0.510067,0.644463,0.643939,0.000524282,0.746486,98,348.702
1775545856406,2476,1,0.0165962,-0.0688802,0.0661699,0.0661933,0.066216,0.0662382,0.04,0.644463,0.726905,0.72441,0.00249481,0.843622,98,348.875
1775545856508,2477,1,0.0156825,-0.0691292,0.0706741,0.0707008,0.0707268,0.0707521,0.04,0.726905,0.797428,0.794851,0.00257629,0.927183,98,349.638
1775545856613,2478,1,0.0148463,-0.0683798,0.0685482,0.068573,0.0685972,0.0686208,0.04,0.797428,0.834557,0.830187,0.00437003,0.971366,98,349.724
1775545856732,2479,1,0.0138267,-0.0665273,0.0611292,0.0611484,0.0611672,0.0611855,0.04,0.834557,0.853684,0.848177,0.00550699,0.994179,98,349.792
1775545856849,2480,1,0.0113244,-0.0595951,0.0358251,0.035831,0.0358369,0.0358426,0.04,0.853684,0.835003,0.826713,0.00828999,0.971897,98,350.776
1775545856964,2481,1,0.00970104,-0.0557156,0.022916,0.0229183,0.0229205,0.0229227,0.04,0.835003,0.840134,0.832914,0.00722009,0.978014,98,351.616
1775545857099,2482,1,0.00837547,-0.0523559,0.00764734,0.00764758,0.00764782,0.00764805,0.04,0.840134,0.838393,0.830118,0.00827509,0.975938,98,352.697
1775545857225,2483,1,0.00635962,-0.0482984,0.0097821,0.00978174,0.00978137,0.009781,0.04,0.838393,0.868195,0.862881,0.00531429,1.01151,98,352.678
1775545857354,2484,1,0.00494257,-0.0430431,0.0395872,0.0395819,0.0395764,0.0395708,0.04,0.868195,0.828673,0.823557,0.0051164,0.964355,98,352.968
1775545857496,2485,1,0.00349635,-0.0403703,0.0518326,0.051824,0.0518151,0.0518059,0.04,0.828673,0.858193,0.858868,0.000675023,0.999563,98,352.958
1775545857609,2486,1,0.00154776,-0.035137,0.0832947,0.0832751,0.0832543,0.0832323,0.04,0.858193,0.856217,0.859272,0.00305575,0.997203,98,352.156
1775545857737,2487,1,0.000593304,-0.0329551,0.0957158,0.0956913,0.0956651,0.0956371,0.04,0.856217,0.865085,0.870457,0.00537169,1.0078,98,351.669
1775545857868,2488,1,-0.000769839,-0.0308466,0.111836,0.111804,0.11177,0.111733,0.04,0.865085,0.904736,0.914163,0.00942749,1.05526,98,350.895
1775545858004,2489,1,-0.000640252,-0.0328384,0.109453,0.109421,0.109387,0.109349,0.04,0.904736,0.949247,0.958677,0.00943053,1.10874,98,350.845
1775545858129,2490,1,-0.00128424,-0.0339164,0.115619,0.115582,0.115541,0.115498,0.04,0.949247,1.02383,1.036,0.0121696,1.19887,98,350.086
1775545858280,2491,1,-0.00146898,-0.0341097,0.121152,0.121111,0.121067,0.121019,0.04,1.02383,1.04268,1.05213,0.00944996,1.22175,98,350.206
1775545858391,2492,1,-0.00139907,-0.0355229,0.121986,0.121943,0.121896,0.121846,0.04,1.04268,1.07618,1.08651,0.0103335,1.26254,98,350.276
1775545858501,2493,1,-0.00167725,-0.0376584,0.123668,0.123621,0.12357,0.123515,0.04,1.07618,1.15337,1.16667,0.0133036,1.35706,98,350.003
1775545858627,2494,1,-0.00145991,-0.0407096,0.115012,0.114969,0.114922,0.114872,0.04,1.15337,1.21948,1.23123,0.0117464,1.43867,98,350.092
1775545858746,2495,1,-0.00225083,-0.0397341,0.127432,0.12738,0.127323,0.127262,0.04,1.21948,1.24969,1.26095,0.0112597,1.47617,98,350.468
1775545858870,2496,1,-0.00248429,-0.0421587,0.120485,0.120435,0.120382,0.120325,0.04,1.24969,1.33022,1.34414,0.013914,1.57683,99,350.969
1775545858994,2497,1,-0.00278217,-0.0431838,0.121683,0.121632,0.121576,0.121517,0.04,1.33022,1.37869,1.39106,0.0123632,1.63791,99,351.412
1775545859128,2498,1,-0.00209592,-0.0501467,0.100542,0.100502,0.100459,0.100414,0.04,1.37869,1.51618,1.53115,0.0149667,1.81332,99,351.536
1775545859286,2499,1,-0.0027519,-0.0498601,0.110008,0.109959,0.109908,0.109854,0.04,1.51618,1.55523,1.56594,0.0107045,1.86375,99,351.926
1775545859440,2500,1,-0.00245238,-0.0552064,0.0926063,0.0925685,0.0925291,0.0924881